﻿<checklists><checklist id="200" resource_code="huddersfield-333465" display_in_new_window="True"><name>Online Software Design Tasks &amp; Assignment (JA)</name><description text_type="text/html">&lt;p&gt;Collation of weekly tasks&lt;/p&gt;</description><category sort_order="1"><name text_type="text/plain">Week 1 Task Checklist</name><description text_type="text/html" /><item sort_order="1" in_schedule="true"><name text_type="text/plain">1. Formative Quiz</name><description text_type="text/html">&lt;p&gt;What is the purpose of the Sample program below (&lt;a rel="noopener" href="/d2l/common/dialogs/quickLink/quickLink.d2l?ou={orgUnitId}&amp;amp;type=quiz&amp;amp;rcode=huddersfield-328014" target="_self"&gt;...&lt;/a&gt;)&lt;/p&gt;</description><date_end>2020-05-03T23:00:00</date_end></item><item sort_order="2" in_schedule="true"><name text_type="text/plain">2. Data Types Quiz</name><description text_type="text/html">&lt;p&gt;What Datatypes can you identify for the program below(&lt;a rel="noopener" href="/d2l/common/dialogs/quickLink/quickLink.d2l?ou={orgUnitId}&amp;amp;type=quiz&amp;amp;rcode=huddersfield-327897" target="_self"&gt;...&lt;/a&gt;):&lt;/p&gt;</description><date_end>2020-05-03T23:00:00</date_end></item><item sort_order="3" in_schedule="true"><name text_type="text/plain">3. DataTypes Discusstion - floating decimal types</name><description text_type="text/html">&lt;p&gt;There are two of them.&amp;nbsp; Can you mention them and compare and contrast between (&lt;a rel="noopener" href="/d2l/common/dialogs/quickLink/quickLink.d2l?ou={orgUnitId}&amp;amp;type=discuss&amp;amp;rcode=huddersfield-327900" target="_self"&gt;...&lt;/a&gt;)&lt;/p&gt;</description><date_end>2020-05-03T23:00:00</date_end></item><item sort_order="4" in_schedule="true"><name text_type="text/plain">4. Datatypes pointer quiz</name><description text_type="text/html">&lt;p&gt;Enter in the output from running the executable(&lt;a rel="noopener" href="/d2l/common/dialogs/quickLink/quickLink.d2l?ou={orgUnitId}&amp;amp;type=quiz&amp;amp;rcode=huddersfield-328053" target="_self"&gt;...&lt;/a&gt;)&lt;/p&gt;</description><date_end>2020-05-03T23:00:00</date_end></item><item sort_order="5" in_schedule="true"><name text_type="text/plain">5. Psudocode task</name><description text_type="text/html">&lt;p&gt;Develop pseudocode for the process. Draw a flowchart (&lt;a rel="noopener" href="/d2l/common/dialogs/quickLink/quickLink.d2l?ou={orgUnitId}&amp;amp;type=discuss&amp;amp;rcode=huddersfield-329627" target="_self"&gt;...&lt;/a&gt;)&lt;/p&gt;</description><date_end>2020-05-03T23:00:00</date_end></item><item sort_order="6" in_schedule="true"><name text_type="text/plain">6. OOP Quiz</name><description text_type="text/html">&lt;p&gt;Implementation of Hexadecimal class diagram and convert algorithm &lt;a rel="noopener" href="/d2l/common/dialogs/quickLink/quickLink.d2l?ou={orgUnitId}&amp;amp;type=quiz&amp;amp;rcode=huddersfield-330559" target="_self"&gt;(...)&lt;/a&gt;&lt;/p&gt;
&lt;p&gt;&lt;/p&gt;</description><date_end>2020-05-03T23:00:00</date_end></item><item sort_order="7" in_schedule="true"><name text_type="text/plain">7. Class diagram discussion- transportation</name><description text_type="text/html">&lt;p&gt;From Manchester to London &lt;a href="/d2l/common/dialogs/quickLink/quickLink.d2l?ou={orgUnitId}&amp;amp;type=discuss&amp;amp;rcode=huddersfield-330618" target="_self"&gt;(...)&lt;/a&gt;&lt;/p&gt;</description><date_end>2020-05-03T23:00:00</date_end></item><item sort_order="8" in_schedule="true"><name text_type="text/plain">8. Week 1 Portfolio task</name><description text_type="text/html">&lt;p&gt;Complex number task &lt;a rel="noopener" href="/d2l/common/dialogs/quickLink/quickLink.d2l?ou={orgUnitId}&amp;amp;type=dropbox&amp;amp;rcode=huddersfield-329199" target="_self"&gt;(...)&lt;/a&gt;&lt;/p&gt;</description><date_end>2020-05-03T23:00:00</date_end></item><item sort_order="9" in_schedule="true"><name text_type="text/plain">9. Week 1 Summative quiz</name><description text_type="text/html">&lt;p&gt;&lt;a href="/d2l/common/dialogs/quickLink/quickLink.d2l?ou={orgUnitId}&amp;amp;type=quiz&amp;amp;rcode=huddersfield-328067" target="_self"&gt;Week 1 - Summative Quiz&lt;/a&gt;&lt;/p&gt;</description><date_end>2020-05-03T23:00:00</date_end></item></category><category sort_order="2"><name text_type="text/plain">Week 2 Task Checklist</name><description text_type="text/html" /><item sort_order="1" in_schedule="true"><name text_type="text/plain">1. Week 2 - Formative Discussion Task</name><description text_type="text/html">&lt;p&gt;Discussion on mystery code (&lt;a rel="noopener" href="/d2l/common/dialogs/quickLink/quickLink.d2l?ou={orgUnitId}&amp;amp;type=discuss&amp;amp;rcode=huddersfield-334006" target="_self"&gt;...&lt;/a&gt;)&lt;/p&gt;</description><date_end>2020-05-10T23:00:00</date_end></item><item sort_order="2" in_schedule="true"><name text_type="text/plain">2. Week 2 - Use case model discussion task</name><description text_type="text/html">&lt;p&gt;Students and Tutor module interaction (&lt;a rel="noopener" href="/d2l/common/dialogs/quickLink/quickLink.d2l?ou={orgUnitId}&amp;amp;type=discuss&amp;amp;rcode=huddersfield-334766" target="_self"&gt;...&lt;/a&gt;)&lt;/p&gt;</description><date_end>2020-05-10T23:00:00</date_end></item><item sort_order="3" in_schedule="true"><name text_type="text/plain">3. Week 2 - User Registration Usecase - Quiz</name><description text_type="text/html">&lt;p&gt;User registration use-case quiz (&lt;a rel="noopener" href="/d2l/common/dialogs/quickLink/quickLink.d2l?ou={orgUnitId}&amp;amp;type=quiz&amp;amp;rcode=huddersfield-334773" target="_self"&gt; ... &lt;/a&gt;)&lt;/p&gt;</description><date_end>2020-05-10T23:00:00</date_end></item><item sort_order="4" in_schedule="true"><name text_type="text/plain">4. Week 2 OOP chat discussion task</name><description text_type="text/html">&lt;p&gt;Week 2 Chat discussion chat: Composition vs Aggregation &lt;a href="/d2l/common/dialogs/quickLink/quickLink.d2l?ou={orgUnitId}&amp;amp;type=discuss&amp;amp;rcode=huddersfield-335139" target="_self"&gt;( ... )&lt;/a&gt;&lt;/p&gt;</description><date_end>2020-05-10T23:00:00</date_end></item><item sort_order="5" in_schedule="true"><name text_type="text/plain">5. Week 2 - Classes from Use cases</name><description text_type="text/html">&lt;p&gt;User registration classes from use-case (&lt;a href="/d2l/common/dialogs/quickLink/quickLink.d2l?ou={orgUnitId}&amp;amp;type=discuss&amp;amp;rcode=huddersfield-334803" target="_self"&gt; ... &lt;/a&gt;)&lt;/p&gt;</description><date_end>2020-05-10T23:00:00</date_end></item><item sort_order="6" in_schedule="true"><name text_type="text/plain">6. Week 2 - Activity Diagram Discussion task</name><description text_type="text/html">&lt;p&gt;Point of Sale activity diagram task (&lt;a rel="noopener" href="/d2l/common/dialogs/quickLink/quickLink.d2l?ou={orgUnitId}&amp;amp;type=discuss&amp;amp;rcode=huddersfield-334776" target="_self"&gt; ... &lt;/a&gt;)&lt;/p&gt;</description><date_end>2020-05-10T23:00:00</date_end></item><item sort_order="7" in_schedule="true"><name text_type="text/plain">7. Week 2 - Control Structures quiz</name><description text_type="text/html">&lt;p&gt;Score grade programming task (&lt;a rel="noopener" href="/d2l/common/dialogs/quickLink/quickLink.d2l?ou={orgUnitId}&amp;amp;type=quiz&amp;amp;rcode=huddersfield-334773" target="_self"&gt; ... &lt;/a&gt;)&lt;/p&gt;</description><date_end>2020-05-10T23:00:00</date_end></item><item sort_order="8" in_schedule="true"><name text_type="text/plain">8. Week 2 Portfolio Assignment</name><description text_type="text/html">&lt;p&gt;&lt;a rel="noopener" href="/d2l/common/dialogs/quickLink/quickLink.d2l?ou={orgUnitId}&amp;amp;type=dropbox&amp;amp;rcode=huddersfield-335188" target="_self"&gt;Online Week 2 Portfolio Task - Usecase and Activity Diagrams (JA)&lt;/a&gt;&lt;/p&gt;</description><date_end>2020-05-10T23:00:00</date_end></item><item sort_order="9" in_schedule="true"><name text_type="text/plain">9. Week 2 Summative Quiz</name><description text_type="text/html">&lt;p&gt;&lt;a href="/d2l/common/dialogs/quickLink/quickLink.d2l?ou={orgUnitId}&amp;amp;type=quiz&amp;amp;rcode=huddersfield-334775" target="_self"&gt;Week 2 - Summative Quiz&lt;/a&gt;&lt;/p&gt;</description><date_end>2020-05-10T23:00:00</date_end></item></category><category sort_order="3"><name text_type="text/plain">Week 3 Task Checklist</name><description text_type="text/html" /><item sort_order="1" in_schedule="true"><name text_type="text/plain">1. Online Week 3 Formative Pretest (JA)</name><description text_type="text/html">&lt;p&gt;Layout management (&lt;a rel="noopener" href="/d2l/common/dialogs/quickLink/quickLink.d2l?ou={orgUnitId}&amp;amp;type=discuss&amp;amp;rcode=huddersfield-336099" target="_self"&gt;...&lt;/a&gt;)&lt;/p&gt;</description><date_end>2020-05-17T23:00:00</date_end></item><item sort_order="2" in_schedule="true"><name text_type="text/plain">2. Online Week 3 Function decomposition discussion (JA)</name><description text_type="text/html">&lt;p&gt;Functional decomposition discussion &lt;a href="/d2l/common/dialogs/quickLink/quickLink.d2l?ou={orgUnitId}&amp;amp;type=discuss&amp;amp;rcode=huddersfield-339597" target="_self"&gt;( ... )&lt;/a&gt;&lt;/p&gt;</description><date_end>2020-05-17T23:00:00</date_end></item><item sort_order="3" in_schedule="true"><name text_type="text/plain">3. Online Week 3 Functional Decomposition quiz (JA)</name><description text_type="text/html">&lt;p&gt;Register sub-system UI function decomposition &lt;a href="/d2l/common/dialogs/quickLink/quickLink.d2l?ou={orgUnitId}&amp;amp;type=quiz&amp;amp;rcode=huddersfield-337328" target="_self"&gt;( ... )&lt;/a&gt;&lt;/p&gt;</description><date_end>2020-05-17T23:00:00</date_end></item><item sort_order="4" in_schedule="true"><name text_type="text/plain">4. Online Week 3 Design Experience discussion (JA)</name><description text_type="text/html">&lt;p&gt;What design software have you used? &lt;a href="/d2l/common/dialogs/quickLink/quickLink.d2l?ou={orgUnitId}&amp;amp;type=discuss&amp;amp;rcode=huddersfield-337016" target="_self"&gt;( ... )&lt;/a&gt;&lt;/p&gt;</description><date_end>2020-05-17T23:00:00</date_end></item><item sort_order="5" in_schedule="true"><name text_type="text/plain">5. Online Week 3 Sequence Diagram discussion  (JA)</name><description text_type="text/html">&lt;p&gt;POS system &lt;a href="/d2l/common/dialogs/quickLink/quickLink.d2l?ou={orgUnitId}&amp;amp;type=discuss&amp;amp;rcode=huddersfield-337360" target="_self"&gt;( ... )&lt;/a&gt;&lt;/p&gt;</description><date_end>2020-05-17T23:00:00</date_end></item><item sort_order="6" in_schedule="true"><name text_type="text/plain">6. Online Week 3 Sequence Diagram Quiz Task (JA)</name><description text_type="text/html">&lt;p&gt;Authentication management system sequence diagram lifespan &lt;a href="/d2l/common/dialogs/quickLink/quickLink.d2l?ou={orgUnitId}&amp;amp;type=quiz&amp;amp;rcode=huddersfield-338240" target="_self"&gt;( ... )&lt;/a&gt;&lt;/p&gt;</description><date_end>2020-05-17T23:00:00</date_end></item><item sort_order="7" in_schedule="true"><name text_type="text/plain">7. Online Week 3 Summative Quiz (JA)</name><description text_type="text/html">&lt;p&gt;&lt;a href="/d2l/common/dialogs/quickLink/quickLink.d2l?ou={orgUnitId}&amp;amp;type=quiz&amp;amp;rcode=huddersfield-336112" target="_self"&gt;Online Week 3 Summative Quiz(JA)&lt;/a&gt;&lt;/p&gt;</description><date_end>2020-05-17T23:00:00</date_end></item><item sort_order="8" in_schedule="true"><name text_type="text/plain">8. Online Week 3 Portfolio assignment (JA)</name><description text_type="text/html">&lt;p&gt;Tic Tac Toe sequence diagram &lt;a href="/d2l/common/dialogs/quickLink/quickLink.d2l?ou={orgUnitId}&amp;amp;type=dropbox&amp;amp;rcode=huddersfield-336121" target="_self"&gt;( ... )&lt;/a&gt;&lt;/p&gt;</description><date_end>2020-05-17T23:00:00</date_end></item></category><category sort_order="4"><name text_type="text/plain">Week 4 Task Checklist</name><description text_type="text/html" /><item sort_order="1" in_schedule="true"><name text_type="text/plain">1. Online Week 4 formative discustion (JA)</name><description text_type="text/html">&lt;p&gt;File access formative task &lt;a rel="noopener" href="/d2l/common/dialogs/quickLink/quickLink.d2l?ou={orgUnitId}&amp;amp;type=discuss&amp;amp;rcode=huddersfield-340212" target="_self"&gt;( ... )&lt;/a&gt;&lt;/p&gt;</description><date_end>2020-05-24T23:00:00</date_end></item><item sort_order="2" in_schedule="true"><name text_type="text/plain">2. Online Week 4 Event modelling quiz (JA)</name><description text_type="text/html">&lt;p&gt;Back Tab event program &lt;a rel="noopener" href="/d2l/common/dialogs/quickLink/quickLink.d2l?ou={orgUnitId}&amp;amp;type=quiz&amp;amp;rcode=huddersfield-342423" target="_self"&gt;( ... )&lt;/a&gt;&lt;/p&gt;</description><date_end>2020-05-24T23:00:00</date_end></item><item sort_order="3" in_schedule="true"><name text_type="text/plain">3. Online week 4 point 2d discusssion (JA)</name><description text_type="text/html">&lt;p&gt;Point 2d class relationships &lt;a rel="noopener" href="/d2l/common/dialogs/quickLink/quickLink.d2l?ou={orgUnitId}&amp;amp;type=discuss&amp;amp;rcode=huddersfield-342444" target="_self"&gt; ( ... )&lt;/a&gt;&lt;/p&gt;</description><date_end>2020-05-02T23:00:00</date_end></item><item sort_order="4" in_schedule="true"><name text_type="text/plain">4. Online Week 4 Summative Quiz (JA)</name><description text_type="text/html">&lt;p&gt;&lt;a rel="noopener" href="/d2l/common/dialogs/quickLink/quickLink.d2l?ou={orgUnitId}&amp;amp;type=quiz&amp;amp;rcode=huddersfield-342393" target="_self"&gt;Online Week 4 Summative Quiz (JA)&lt;/a&gt;&lt;/p&gt;</description><date_end>2020-05-24T23:00:00</date_end></item><item sort_order="5" in_schedule="true"><name text_type="text/plain">5. Online Week 4 Portfolio Assignment (JA)</name><description text_type="text/html">&lt;p&gt;Authentication manager prototype implementation&lt;a rel="noopener" href="/d2l/common/dialogs/quickLink/quickLink.d2l?ou={orgUnitId}&amp;amp;type=dropbox&amp;amp;rcode=huddersfield-341241" target="_self"&gt; ( ... )&lt;/a&gt;&lt;/p&gt;</description><date_end>2020-05-24T23:00:00</date_end></item></category><category sort_order="5"><name text_type="text/plain">Week 5 Task Checklist</name><description text_type="text/html" /><item sort_order="1" in_schedule="true"><name text_type="text/plain">1. Week 5 Formative pretest </name><description text_type="text/html">&lt;p&gt;Find the min and max of a set of numbers&lt;a href="/d2l/common/dialogs/quickLink/quickLink.d2l?ou={orgUnitId}&amp;amp;type=quiz&amp;amp;rcode=huddersfield-344419" target="_self"&gt; ( ... )&lt;/a&gt;&lt;/p&gt;</description><date_end>2020-05-24T23:00:00</date_end></item><item sort_order="2" in_schedule="true"><name text_type="text/plain">2. Week 5 TDD Quiz</name><description text_type="text/html">&lt;p&gt;Test-driven search function&lt;a href="/d2l/common/dialogs/quickLink/quickLink.d2l?ou={orgUnitId}&amp;amp;type=quiz&amp;amp;rcode=huddersfield-344466" target="_self"&gt; ( ... )&lt;/a&gt;&lt;/p&gt;</description><date_end>2020-05-24T23:00:00</date_end></item><item sort_order="3" in_schedule="true"><name text_type="text/plain">3. Week 5 Searching and sorting discussion </name><description text_type="text/html">&lt;p&gt;Simple sort code discussion&lt;a rel="noopener" href="/d2l/common/dialogs/quickLink/quickLink.d2l?ou={orgUnitId}&amp;amp;type=discuss&amp;amp;rcode=huddersfield-345118" target="_self"&gt; ( ... )&lt;/a&gt;&lt;/p&gt;</description><date_end>2020-05-24T23:00:00</date_end></item><item sort_order="4" in_schedule="true"><name text_type="text/plain">4. Week 5 Searching and sorting quiz</name><description text_type="text/html">&lt;p&gt;Find algorithm dry run&lt;a href="/d2l/common/dialogs/quickLink/quickLink.d2l?ou={orgUnitId}&amp;amp;type=quiz&amp;amp;rcode=huddersfield-345125" target="_self"&gt; ( . . . )&lt;/a&gt;&lt;/p&gt;</description><date_end>2020-05-24T23:00:00</date_end></item><item sort_order="5" in_schedule="true"><name text_type="text/plain">5. Week 5 Summative Quiz</name><description text_type="text/html">&lt;p&gt;&lt;a href="/d2l/common/dialogs/quickLink/quickLink.d2l?ou={orgUnitId}&amp;amp;type=quiz&amp;amp;rcode=huddersfield-343628" target="_self"&gt;Online Week 5 Summative Quiz (JA)&lt;/a&gt;&lt;/p&gt;</description><date_end>2020-06-24T23:00:00</date_end></item><item sort_order="6" in_schedule="true"><name text_type="text/plain">6. Week 5 Portfolio task</name><description text_type="text/html">&lt;p&gt;Insertion sort &lt;a rel="noopener" href="/d2l/common/dialogs/quickLink/quickLink.d2l?ou={orgUnitId}&amp;amp;type=dropbox&amp;amp;rcode=huddersfield-344423" target="_self"&gt;( . . . )&lt;/a&gt;&lt;/p&gt;</description><date_end>2020-05-24T23:00:00</date_end></item></category><category sort_order="6"><name text_type="text/plain">Course work</name><description text_type="text/html" /><item sort_order="1" in_schedule="true"><name text_type="text/plain">Mini Project</name><description text_type="text/html">&lt;p&gt;Weight is 50% of total marks. See here for &lt;a href="/d2l/common/dialogs/quickLink/quickLink.d2l?ou={orgUnitId}&amp;amp;type=content&amp;amp;rcode=huddersfield-345085" target="_self"&gt;project brief&lt;/a&gt;. Click below to submit&lt;/p&gt;
&lt;p&gt;&lt;a href="/d2l/common/dialogs/quickLink/quickLink.d2l?ou={orgUnitId}&amp;amp;type=dropbox&amp;amp;rcode=huddersfield-348938" target="_self"&gt;XPX1041-1920 Software Design Coursework&lt;/a&gt;&lt;/p&gt;</description><date_end>2020-06-07T23:00:00</date_end></item></category></checklist></checklists>