﻿<discussion xmlns:d2l_2p0="http://desire2learn.com/xsd/d2lcp_v2p0"><forum id="152"><properties><allow_anon>False</allow_anon><display_order>5</display_order><is_hidden>False</is_hidden><requires_approval>False</requires_approval><is_locked>False</is_locked><must_post_to_participate>False</must_post_to_participate><show_description_in_topics>False</show_description_in_topics></properties><content><title>Online Week 6 (JA)</title><description>&lt;p&gt;Week 6 Discussion topics&lt;/p&gt;</description></content><topics><topic id="153" resource_code="huddersfield-339651"><properties><allow_anon>False</allow_anon><display_order>1</display_order><is_hidden>True</is_hidden><requires_approval>False</requires_approval><must_post_to_participate>False</must_post_to_participate><is_locked>False</is_locked><is_auto_score>False</is_auto_score><include_nonscored_values>False</include_nonscored_values><rating_type_id>0</rating_type_id></properties><content><title>Static vs Dynamic Linking</title><description>&lt;p&gt;Using the material in this week and from your personal study, compare and contrast static versus dynamic linking of compiled C++ files.&lt;/p&gt;</description></content></topic><topic id="154" resource_code="huddersfield-341356"><properties><allow_anon>False</allow_anon><display_order>1</display_order><is_hidden>False</is_hidden><requires_approval>False</requires_approval><must_post_to_participate>False</must_post_to_participate><is_locked>False</is_locked><is_auto_score>False</is_auto_score><include_nonscored_values>False</include_nonscored_values><rating_type_id>0</rating_type_id></properties><content><title>Online Formative pretest Hash Function Discussion (JA)</title><description>&lt;p&gt;Read-up about hashing functions and create a simple hash function program based on the modulo operation or any other basic hash function.&lt;/p&gt;</description></content></topic></topics></forum></discussion>