﻿<discussion xmlns:d2l_2p0="http://desire2learn.com/xsd/d2lcp_v2p0"><forum id="143"><properties><allow_anon>False</allow_anon><display_order>3</display_order><is_hidden>False</is_hidden><requires_approval>False</requires_approval><is_locked>False</is_locked><must_post_to_participate>False</must_post_to_participate><show_description_in_topics>False</show_description_in_topics></properties><content><title>Online Week 4 (JA)</title><description>&lt;p&gt;Week 4 discussion topics&lt;/p&gt;</description></content><topics><topic id="144" resource_code="huddersfield-338737"><properties><allow_anon>False</allow_anon><display_order>1</display_order><is_hidden>True</is_hidden><requires_approval>False</requires_approval><must_post_to_participate>False</must_post_to_participate><is_locked>False</is_locked><is_auto_score>False</is_auto_score><include_nonscored_values>False</include_nonscored_values><rating_type_id>0</rating_type_id></properties><content><title>Online Week 4 Stack versus Queue Data type Advanced (JA)</title><description>&lt;p&gt;From the knowledge gained from studying linked-lists and from your personal study, compare and contrast queues and stacks. Did any of your colleagues miss out on any important point?&amp;nbsp; Comment on their threads.&lt;/p&gt;</description></content></topic><topic id="145" resource_code="huddersfield-340212"><properties><allow_anon>False</allow_anon><display_order>2</display_order><is_hidden>False</is_hidden><requires_approval>False</requires_approval><must_post_to_participate>False</must_post_to_participate><is_locked>False</is_locked><is_auto_score>False</is_auto_score><include_nonscored_values>False</include_nonscored_values><rating_type_id>0</rating_type_id></properties><content><title>Online Week 4 Formative Pre-Test Discussion (JA)</title><description>&lt;p&gt;Write a program that reads a list of first names from a file, stores into memory within your program and outputs the names to the console. Paste your program into a discussion thread under this topic.&lt;/p&gt;</description></content></topic><topic id="146" resource_code="huddersfield-342444"><properties><allow_anon>False</allow_anon><display_order>3</display_order><is_hidden>False</is_hidden><requires_approval>False</requires_approval><must_post_to_participate>False</must_post_to_participate><is_locked>False</is_locked><is_auto_score>False</is_auto_score><include_nonscored_values>False</include_nonscored_values><rating_type_id>0</rating_type_id></properties><content><title>Online Point2D class discussion (JA)</title><description>&lt;p&gt;Using the class diagram below develop the class prototypes for all the classes in a C++ program. &amp;nbsp;Please submit by Monday 4th May, 2020.&lt;/p&gt;
&lt;p&gt;&lt;img src="image/Point2d%20class.png" alt="point 2d class" title="point 2d class" style="max-width: 100%;" /&gt;&lt;/p&gt;</description></content></topic></topics></forum></discussion>