﻿<discussion xmlns:d2l_2p0="http://desire2learn.com/xsd/d2lcp_v2p0"><forum id="127" resource_code="huddersfield-331199"><properties><allow_anon>False</allow_anon><display_order>0</display_order><is_hidden>False</is_hidden><requires_approval>False</requires_approval><is_locked>False</is_locked><must_post_to_participate>False</must_post_to_participate><show_description_in_topics>False</show_description_in_topics></properties><content><title>Week 1 - Datatypes, Flowcharts, OOP</title><description>&lt;p&gt;In this Forum we have the following topics&lt;/p&gt;
&lt;ol&gt;
&lt;li&gt;Floating data type&lt;/li&gt;
&lt;li&gt;Draw.io exercise&lt;/li&gt;
&lt;li&gt;Class diagram exercise&lt;/li&gt;
&lt;li&gt;Week 1: General (not graded)&lt;/li&gt;
&lt;/ol&gt;</description></content><topics><topic id="128" resource_code="huddersfield-327900"><properties><allow_anon>False</allow_anon><display_order>1</display_order><is_hidden>False</is_hidden><requires_approval>False</requires_approval><must_post_to_participate>False</must_post_to_participate><is_locked>False</is_locked><is_auto_score>False</is_auto_score><include_nonscored_values>False</include_nonscored_values><rating_type_id>2</rating_type_id></properties><content><title>Floating data type</title><description>&lt;p&gt;Let's discuss the floating points decimal datatypes in C++.&amp;nbsp; &amp;nbsp;There are two of them.&amp;nbsp; Can you mention them and compare and contrast between the two types? Can you give examples of situations where you would use each type?&lt;/p&gt;
&lt;p&gt;&lt;/p&gt;</description></content></topic><topic id="129" resource_code="huddersfield-329627"><properties><allow_anon>False</allow_anon><display_order>2</display_order><is_hidden>False</is_hidden><requires_approval>False</requires_approval><must_post_to_participate>False</must_post_to_participate><is_locked>False</is_locked><is_auto_score>False</is_auto_score><include_nonscored_values>False</include_nonscored_values><rating_type_id>0</rating_type_id></properties><content><title>Draw.io Exercise (Forum Activity)</title><description>&lt;ol&gt;
&lt;li&gt;Choose a process from within this week's content or outside.&amp;nbsp; For example, the screencast demonstrates the pseudocode for decimal-to-binary conversion.&amp;nbsp;&lt;/li&gt;
&lt;li&gt;Develop pseudocode for the process.&lt;/li&gt;
&lt;li&gt;Draw a flowchart for the pseudocode and leave a share link. to your drawing on the forum along with your process name and pseudocode.&lt;/li&gt;
&lt;li&gt;Give a thumbs UP/DOWN to two of your classmate's pseudocode/flowchart and give a reason for your rating.&lt;/li&gt;
&lt;/ol&gt;</description></content></topic><topic id="130" resource_code="huddersfield-329630"><properties><allow_anon>False</allow_anon><display_order>3</display_order><is_hidden>False</is_hidden><requires_approval>False</requires_approval><must_post_to_participate>False</must_post_to_participate><is_locked>False</is_locked><is_auto_score>False</is_auto_score><include_nonscored_values>False</include_nonscored_values><rating_type_id>0</rating_type_id></properties><content><title>Week 1: General Thread</title><description>&lt;p&gt;Post any question regarding the week's content or tasks or mini-project course work.&lt;/p&gt;</description></content></topic><topic id="131" resource_code="huddersfield-330618"><properties><allow_anon>False</allow_anon><display_order>4</display_order><is_hidden>False</is_hidden><requires_approval>False</requires_approval><must_post_to_participate>False</must_post_to_participate><is_locked>False</is_locked><is_auto_score>False</is_auto_score><include_nonscored_values>False</include_nonscored_values><rating_type_id>0</rating_type_id></properties><content><title>Class diagram exercise</title><description>&lt;p&gt;Create a class diagram representing the transport options available for moving from Manchester to London using draw.io&lt;/p&gt;
&lt;ul&gt;
&lt;li&gt;It should include a superclass whose fields can either be inherited by other classes&lt;/li&gt;
&lt;li&gt;Create three subclasses representing the means of transportation with their own unique fields in addition to those inherited from the superclass.&lt;/li&gt;
&lt;li&gt;Ensure that class name, attributes methods, visibility and relationship are covered in your diagram.&lt;/li&gt;
&lt;li&gt;Comment on two of your classmate's diagrams.&lt;/li&gt;
&lt;/ul&gt;</description></content></topic></topics></forum></discussion>