﻿<discussion xmlns:d2l_2p0="http://desire2learn.com/xsd/d2lcp_v2p0"><forum id="155"><properties><allow_anon>False</allow_anon><display_order>6</display_order><is_hidden>False</is_hidden><requires_approval>False</requires_approval><is_locked>False</is_locked><must_post_to_participate>False</must_post_to_participate><show_description_in_topics>False</show_description_in_topics></properties><content><title>Software Design Zoom notes</title><description>&lt;p&gt;Groups 26,27,12, 13 &amp;amp; 14&lt;/p&gt;</description></content><topics><topic id="156" resource_code="huddersfield-351904"><properties><allow_anon>False</allow_anon><display_order>1</display_order><is_hidden>False</is_hidden><requires_approval>False</requires_approval><must_post_to_participate>False</must_post_to_participate><is_locked>False</is_locked><is_auto_score>False</is_auto_score><include_nonscored_values>False</include_nonscored_values><rating_type_id>0</rating_type_id></properties><content><title>Groups  12,13,14,26&amp;27</title></content></topic></topics></forum></discussion>