﻿<discussion xmlns:d2l_2p0="http://desire2learn.com/xsd/d2lcp_v2p0"><forum id="138"><properties><allow_anon>False</allow_anon><display_order>2</display_order><is_hidden>False</is_hidden><requires_approval>False</requires_approval><is_locked>False</is_locked><must_post_to_participate>False</must_post_to_participate><show_description_in_topics>False</show_description_in_topics></properties><content><title>Online Week 3 Layout, Wireframe, sequence models(JA)</title><description>&lt;p&gt;In this forum the following topics are discussed&lt;/p&gt;
&lt;ol&gt;
&lt;li&gt;Layout Managers&lt;/li&gt;
&lt;li&gt;Wireframe diagrams&lt;/li&gt;
&lt;li&gt;Sequence diagram&lt;/li&gt;
&lt;li&gt;Function decomposition&amp;nbsp;&lt;/li&gt;
&lt;/ol&gt;</description></content><topics><topic id="139" resource_code="huddersfield-336099"><properties><allow_anon>False</allow_anon><display_order>1</display_order><is_hidden>False</is_hidden><requires_approval>False</requires_approval><must_post_to_participate>False</must_post_to_participate><is_locked>False</is_locked><is_auto_score>False</is_auto_score><include_nonscored_values>False</include_nonscored_values><rating_type_id>0</rating_type_id></properties><content><title>Online Week 3 Layout Manager (JA)</title><description>&lt;p&gt;1. Using the format we have been using for implementing classes, that is, having the header (.h) file, the implementation (.cpp) file and main file (containing the main method). &amp;nbsp;Create only the prototype header (.h) file. &amp;nbsp;&lt;/p&gt;
&lt;p&gt;&lt;img src="image/panel.png" alt="panel" title="panel" style="max-width: 100%;" data-d2l-editor-default-img-style="true" /&gt;&lt;/p&gt;
&lt;p&gt;2. Read and watch the following on Layout Managers&lt;/p&gt;
&lt;ul&gt;
&lt;li&gt;&lt;a rel="noopener" href="https://doc.qt.io/qt-5/layout.html" target="_self"&gt;Graphical User Interface Layout Manger using QT C++&lt;/a&gt;&lt;/li&gt;
&lt;li&gt;&lt;a rel="noopener" href="https://docs.oracle.com/javase/tutorial/uiswing/layout/visual.html" target="_self"&gt;Graphical User Interface Layout Manager in Java&lt;/a&gt;&lt;/li&gt;
&lt;/ul&gt;
&lt;p&gt;&lt;iframe width="560" height="315" src="https://www.youtube.com/embed/uisLoOmtISk?wmode=opaque&amp;amp;rel=0" frameborder="0" allowfullscreen=""&gt;&lt;/iframe&gt;&lt;/p&gt;
&lt;p&gt;Write a summary of what you have learned and how it applies to the above class and attach or copy and paste your header file into your discussion thread.&lt;/p&gt;</description></content></topic><topic id="140" resource_code="huddersfield-337016"><properties><allow_anon>False</allow_anon><display_order>2</display_order><is_hidden>False</is_hidden><requires_approval>False</requires_approval><must_post_to_participate>False</must_post_to_participate><is_locked>False</is_locked><is_auto_score>False</is_auto_score><include_nonscored_values>False</include_nonscored_values><rating_type_id>0</rating_type_id></properties><content><title>Online Week 3 Design Experience (JA)</title><description>&lt;p&gt;Imagine you have been called for an interview for the role of a user interface designer. &amp;nbsp;You are asked about your experience with design and design software. &amp;nbsp;You are expected to discuss your experience of any type of artistic design and software you have used for any type of art or design (including apps on you phone) and your aspirations as a designer. &amp;nbsp;A sample answer is given in an opening thread I have provided. &amp;nbsp;Do you have any encouraging thoughts for your colleagues' experiences?&lt;/p&gt;</description></content></topic><topic id="141" resource_code="huddersfield-337360"><properties><allow_anon>False</allow_anon><display_order>3</display_order><is_hidden>False</is_hidden><requires_approval>False</requires_approval><must_post_to_participate>False</must_post_to_participate><is_locked>False</is_locked><is_auto_score>False</is_auto_score><include_nonscored_values>False</include_nonscored_values><rating_type_id>2</rating_type_id></properties><content><title>Online Week 3 Sequence Tasks (JA)</title><description>&lt;p&gt;Using the POS scenario given in the activity diagram task, create a sequence diagram with the following details:&lt;/p&gt;
&lt;ul&gt;
&lt;li&gt;Create the user as an actor, the POS as an entity, a control that verifies the pin and updates the database when the transaction is successful.&lt;/li&gt;
&lt;li&gt;Create the database as a boundary and show all the events and responses with the appropriate arrow.&lt;/li&gt;
&lt;/ul&gt;
&lt;p&gt;Comment on your colleagues' analyses.&lt;/p&gt;</description></content></topic><topic id="142" resource_code="huddersfield-339597"><properties><allow_anon>False</allow_anon><display_order>4</display_order><is_hidden>False</is_hidden><requires_approval>False</requires_approval><must_post_to_participate>False</must_post_to_participate><is_locked>False</is_locked><is_auto_score>False</is_auto_score><include_nonscored_values>False</include_nonscored_values><rating_type_id>0</rating_type_id></properties><content><title>Online Week 3 UI Function Decomposition.</title><description>&lt;p&gt;Consider the function decomposition resources section of the &lt;a rel="noopener" href="/d2l/common/dialogs/quickLink/quickLink.d2l?ou={orgUnitId}&amp;amp;type=content&amp;amp;rcode=huddersfield-328171" target="_self"&gt;Function and Text UI study section of week 3&lt;/a&gt;. &amp;nbsp;Which version do you prefer; the functional decomposition or the non-function decomposition version of the program? and why?&lt;/p&gt;</description></content></topic></topics></forum></discussion>