﻿<discussion xmlns:d2l_2p0="http://desire2learn.com/xsd/d2lcp_v2p0"><forum id="132" resource_code="huddersfield-331200"><properties><allow_anon>False</allow_anon><display_order>1</display_order><is_hidden>False</is_hidden><requires_approval>False</requires_approval><is_locked>False</is_locked><must_post_to_participate>False</must_post_to_participate><show_description_in_topics>False</show_description_in_topics></properties><content><title>Week 2 Topics - Usecase, activity, control structures</title><description>&lt;p&gt;In this Forum we have the following topics&lt;/p&gt;
&lt;ol&gt;
&lt;li&gt;Program analysis&lt;/li&gt;
&lt;li&gt;Use case modelling&lt;/li&gt;
&lt;li&gt;Activity diagram&lt;/li&gt;
&lt;li&gt;Classes from use cases&lt;/li&gt;
&lt;li&gt;OOP discussion&amp;nbsp;&lt;/li&gt;
&lt;/ol&gt;</description></content><topics><topic id="133" resource_code="huddersfield-334006"><properties><allow_anon>False</allow_anon><display_order>1</display_order><is_hidden>False</is_hidden><requires_approval>False</requires_approval><must_post_to_participate>False</must_post_to_participate><is_locked>False</is_locked><is_auto_score>False</is_auto_score><include_nonscored_values>False</include_nonscored_values><rating_type_id>0</rating_type_id></properties><content><title>Formative Pre-test</title><description>&lt;p&gt;Study the program below.&amp;nbsp; Try and reproduce and run it in your c++ environment.&amp;nbsp; What is the purpose of this program? Discuss in the forum what C++ concepts are being applied in this program, for example, the use of functions.&amp;nbsp; Discuss what aspects of C++ was NOT applied and how this relates to the objectives of this week or how the objectives of this week can be applied to this program.&lt;/p&gt;
&lt;pre style="color: #000000; background: #ffffff;"&gt;&lt;span style="color: #004a43;"&gt;&lt;/span&gt;&lt;/pre&gt;
&lt;p&gt;&lt;a rel="noopener" href="/d2l/common/dialogs/quickLink/quickLink.d2l?ou={orgUnitId}&amp;amp;type=coursefile&amp;amp;fileId=sourcefiles%2fttt.cpp" target="_self"&gt;ttt.cpp&lt;/a&gt;&lt;/p&gt;
&lt;pre style="color: #000000; background: #ffffff;"&gt;&lt;/pre&gt;
&lt;pre style="color: #000000; background: #ffffff;"&gt;&lt;/pre&gt;</description></content></topic><topic id="134" resource_code="huddersfield-334766"><properties><allow_anon>False</allow_anon><display_order>2</display_order><is_hidden>False</is_hidden><requires_approval>False</requires_approval><must_post_to_participate>False</must_post_to_participate><is_locked>False</is_locked><is_auto_score>False</is_auto_score><include_nonscored_values>False</include_nonscored_values><rating_type_id>0</rating_type_id></properties><content><title>Online Week 2 Use case modelling discussion topic (JA)</title><description>&lt;ul&gt;
&lt;li&gt;Create a use case diagram on &lt;a href="www.draw.io" rel="noopener"&gt;www.draw.io&lt;/a&gt; that represents students and teacher&amp;rsquo;s interaction with the Software Design Module Brightspace Page.&lt;/li&gt;
&lt;li&gt;It should show the actors.&lt;/li&gt;
&lt;li&gt;Think of a minimum of four use cases that involve at least one of the actors and include these in your diagram.&lt;/li&gt;
&lt;li&gt;Think of one use case that involves two of the actors and represent this as well.&lt;/li&gt;
&lt;/ul&gt;
&lt;p&gt;Paste a link to your diagram in a discussion thread and explain your analysis.&amp;nbsp; When you are done comment on your colleagues' analyses.&lt;/p&gt;
&lt;p&gt;&lt;/p&gt;</description></content></topic><topic id="135" resource_code="huddersfield-334776"><properties><allow_anon>False</allow_anon><display_order>3</display_order><is_hidden>False</is_hidden><requires_approval>False</requires_approval><must_post_to_participate>False</must_post_to_participate><is_locked>False</is_locked><is_auto_score>False</is_auto_score><include_nonscored_values>False</include_nonscored_values><rating_type_id>0</rating_type_id></properties><content><title>Online Week 2 Activity Diagram Task Discussion Topic (JA)</title><description>&lt;p&gt;Task:&lt;/p&gt;
&lt;ol&gt;
&lt;li&gt;Create an activity diagram for a POS payment system.&lt;/li&gt;
&lt;li&gt;It should accept contactless payment if the total amount due is less than &amp;pound;30 else card should be inserted to the machine.&lt;/li&gt;
&lt;li&gt;If a card is inserted, it should check for the correctness of the PIN.&lt;/li&gt;
&lt;li&gt;At the end of a successful transaction, it should ask if the customer needs a receipt and respond appropriately.&lt;/li&gt;
&lt;/ol&gt;
&lt;p&gt;Paste a link to the activity diagram and comment on your colleagues' analyses.&lt;/p&gt;</description></content></topic><topic id="136" resource_code="huddersfield-334803"><properties><allow_anon>False</allow_anon><display_order>4</display_order><is_hidden>False</is_hidden><requires_approval>False</requires_approval><must_post_to_participate>False</must_post_to_participate><is_locked>False</is_locked><is_auto_score>False</is_auto_score><include_nonscored_values>False</include_nonscored_values><rating_type_id>0</rating_type_id></properties><content><title>Online Week 2 - Classes from Usescases Discussion (JA)</title><description>&lt;p&gt;Can you develop a class-relationship diagram from the use-case diagram you developed earlier on this week? Paste the draw.io link in a discussion thread and discuss your analysis then comment on your colleagues' analyses.&lt;/p&gt;</description></content></topic><topic id="137" resource_code="huddersfield-335139"><properties><allow_anon>False</allow_anon><display_order>5</display_order><is_hidden>False</is_hidden><requires_approval>False</requires_approval><must_post_to_participate>False</must_post_to_participate><is_locked>False</is_locked><is_auto_score>False</is_auto_score><include_nonscored_values>False</include_nonscored_values><rating_type_id>2</rating_type_id></properties><content><title>Online Week 2 Chat - Aggregation vs Composition Quiz (JA)</title><description>&lt;p&gt;Give examples of aggregation and examples of composition object relationships in order to differentiate between them.&amp;nbsp; Then,&amp;nbsp; comment on two of your colleagues' analyses.&lt;/p&gt;</description></content></topic></topics></forum></discussion>