﻿<dropbox xmlns:d2l_2p0="http://desire2learn.com/xsd/d2lcp_v2p0"><folder name="XPX1041-1920 Software Design Coursework" id="183" submission_type="0" completion_type="0" folder_type="2" sort_order="7" folder_is_retricted="false" files_per_submission="0" submissions="2" resource_code="huddersfield-348938" is_hidden="false"><instructions text_type="text/html"><text>&lt;p&gt;&lt;a href="/d2l/common/dialogs/quickLink/quickLink.d2l?ou={orgUnitId}&amp;amp;type=content&amp;amp;rcode=huddersfield-345085" target="_self"&gt;XPX1041-1920 Software Design Coursework&lt;/a&gt;&lt;/p&gt;
&lt;p&gt;Submit by 07-06-2020&lt;/p&gt;</text></instructions></folder><category name="Weekly Log book portfolio Summative" sort_order="1" id="184"><folder name="Week 1 - Portfolio: Complex Number Operation" id="185" submission_type="1" completion_type="0" folder_type="2" sort_order="2" out_of="100.000000000" folder_is_retricted="false" files_per_submission="0" submissions="2" resource_code="huddersfield-329199" is_hidden="false"><d2l_2p0:associations><d2l_2p0:rubric isDefault="false">1</d2l_2p0:rubric></d2l_2p0:associations><instructions text_type="text/html"><text>&lt;p&gt;&lt;img src="image/cops.png" alt="complex operations" title="complex operations" style="max-width: 100%;" /&gt;&lt;/p&gt;
&lt;p&gt;Create a software design and implement the Complex number arithmetic concept.&amp;nbsp; This should include&lt;/p&gt;
&lt;ol&gt;
&lt;li&gt;The class diagram (draw.io or lucid chart link)&lt;/li&gt;
&lt;li&gt;The C++ program&lt;/li&gt;
&lt;li&gt;Flow charts for at least two methods within your program&lt;/li&gt;
&lt;li&gt;The main method that instantiates the class and shows examples of all the operations&amp;nbsp;&lt;/li&gt;
&lt;li&gt;Extra marks will be given for use of operator overloading.&lt;/li&gt;
&lt;li&gt;Operations should include
&lt;ol&gt;
&lt;li&gt;Addition&lt;/li&gt;
&lt;li&gt;Subtraction&lt;/li&gt;
&lt;li&gt;Division&lt;/li&gt;
&lt;li&gt;Multiplication&lt;/li&gt;
&lt;/ol&gt;
&lt;/li&gt;
&lt;li&gt;Extra marks
&lt;ol&gt;
&lt;li&gt;Polar-to-rectangular conversion&lt;/li&gt;
&lt;li&gt;rectangular-to-polar conversion&lt;/li&gt;
&lt;li&gt;Complex conjugation&lt;/li&gt;
&lt;li&gt;Complex Modulus&lt;/li&gt;
&lt;/ol&gt;
&lt;/li&gt;
&lt;li&gt;Extra marks for accurate use of static methods&lt;/li&gt;
&lt;li&gt;Extra marks for explaining your program up to 500 words.&lt;/li&gt;
&lt;/ol&gt;
&lt;p&gt;Tip:&amp;nbsp; Find out &lt;a rel="noopener" href="https://brightspace.hud.ac.uk/d2l/common/viewFile.d2lfile/Content/L2NvbnRlbnQvZW5mb3JjZWQvODMyMzQtWFBYMTA0MS0xOTIwL0NvbXBsZXggTnVtYmVycyAtIE5vdGVzLnBkZg/Complex%20Numbers%20-%20Notes.pdf?ou=83234" target="_blank"&gt;here&lt;/a&gt;&amp;nbsp;about the basic complex number arithmetic.&lt;/p&gt;
&lt;p&gt;&lt;a rel="noopener" href="/d2l/common/dialogs/quickLink/quickLink.d2l?ou={orgUnitId}&amp;amp;type=coursefile&amp;amp;fileId=Complex+Numbers+-+Notes.pdf" target="_self"&gt;Complex Numbers - Notes.pdf&lt;/a&gt;&lt;/p&gt;</text></instructions><attachment_set><links><link name="Complex portfolio assignment instructions" url="https://videohud.cloud.panopto.eu/Panopto/Pages/Viewer.aspx?id=f23e4608-074a-4bdc-945f-ab920126481b" /></links></attachment_set></folder><folder name="Online Week 2 Portfolio Task - Usecase and Activity Diagrams (JA)" id="186" submission_type="1" completion_type="0" folder_type="2" sort_order="3" out_of="100.000000000" folder_is_retricted="false" files_per_submission="0" submissions="2" resource_code="huddersfield-335188" is_hidden="false"><d2l_2p0:associations><d2l_2p0:rubric isDefault="false">3</d2l_2p0:rubric></d2l_2p0:associations><instructions text_type="text/html"><text>&lt;p&gt;Create a Usecase diagram, Class-relationship diagram and activity diagram for the program you discussed in the formative task.&lt;/p&gt;
&lt;p&gt;&lt;a rel="noopener" href="/d2l/common/dialogs/quickLink/quickLink.d2l?ou={orgUnitId}&amp;amp;type=discuss&amp;amp;rcode=huddersfield-334006" target="_self"&gt;Formative Pre-test&lt;/a&gt;&lt;/p&gt;</text></instructions></folder><folder name="Online Week 3 - Portfolio Assignment (JA)" id="187" submission_type="0" completion_type="0" folder_type="2" sort_order="4" out_of="100.000000000" folder_is_retricted="false" files_per_submission="0" submissions="2" resource_code="huddersfield-336121" is_hidden="false"><d2l_2p0:associations><d2l_2p0:rubric isDefault="false">2</d2l_2p0:rubric></d2l_2p0:associations><instructions text_type="text/html"><text>&lt;p&gt;Create a sequence diagram for the portfolio task of week 2 linked below.&lt;/p&gt;
&lt;p&gt;&lt;a rel="noopener" href="/d2l/common/dialogs/quickLink/quickLink.d2l?ou={orgUnitId}&amp;amp;type=content&amp;amp;rcode=huddersfield-336120" target="_self"&gt;Online Week 2 Portfolio Task - Usecase and Activity Diagrams (JA)&lt;/a&gt;&lt;/p&gt;</text></instructions></folder><folder name="Online Week 4 Portfolio Assignment (JA)" id="188" submission_type="1" completion_type="0" folder_type="2" sort_order="5" out_of="100.000000000" folder_is_retricted="false" files_per_submission="0" submissions="2" resource_code="huddersfield-341241" is_hidden="false"><instructions text_type="text/html"><text>&lt;p&gt;Create implementation header files for all the classes in the authentication manager class diagram below.&lt;/p&gt;
&lt;p&gt;&lt;img src="image/auth_relationships2.png" alt="class relationship diagram" title="class relationship diagram" style="max-width: 100%;" /&gt;&lt;/p&gt;</text></instructions></folder><folder name="Online Week 5 Portfolio Assignment - Optional (JA)" id="189" submission_type="0" completion_type="0" folder_type="2" sort_order="6" folder_is_retricted="false" files_per_submission="0" submissions="2" resource_code="huddersfield-344423" is_hidden="false"><instructions text_type="text/html"><text>&lt;p&gt;Do a visual walkthrough PowerPoint presentation followed by a pseudocode algorithm and the c++ implementation for the insertion sort algorithm using the resources found &lt;a rel="noopener" href="https://www.growingwiththeweb.com/2012/11/algorithm-insertion-sort.html" target="_blank"&gt;here&lt;/a&gt;.&lt;/p&gt;</text></instructions></folder></category></dropbox>