﻿<faq><category id="201" sort_order="1" is_public="False"><name>Online SoftwareDesign FAQ (JA)</name><description text_type="text/html" /><item id="202" sort_order="1"><question>Weekly workload/resources</question><answer text_type="text/html">&lt;p&gt;The workload and resources per week may be a little expanded as you are already behind the schedule.&amp;nbsp; We will be working through the easter and this will only affect the software design module but you will be on holiday for the rest of your modules.&lt;/p&gt;</answer></item><item id="203" sort_order="2"><question>What is the best IDE/OS/Environment for C++</question><answer text_type="text/html">&lt;p&gt;The recommended environment for C++ is visual studio code on Unidesktop or visual studio on your laptop/PC.&amp;nbsp; Some of you may be able to get it to run on Visual Studio/Code for Mac/PC or on XCode.&amp;nbsp; I cannot guarantee that all examples will work for any other systems than the recommended environments.&amp;nbsp; There is a high chance that they will, however, if it does not, I can only grant limited support for these other environments.&amp;nbsp; So it may be in your best interest to stick with the recommended environment(s) and this also goes for repl.it.&amp;nbsp;&lt;/p&gt;</answer></item><item id="204" sort_order="3"><question>When to submit tasks/assignments</question><answer text_type="text/html">&lt;p&gt;All assignments will be given four weeks from the due date. This will also include your course work.&amp;nbsp; I have put all the weekly tasks into a weekly checklist.&amp;nbsp; These checklists have the associated due dates added to your Brightspace calendars. Keep a track of the submission dates and kindly check them off once you have completed each task for the week.&lt;/p&gt;</answer></item><item id="205" sort_order="4"><question>Marks for discussion.</question><answer text_type="text/html">&lt;p&gt;I know a number of you were concerned about the discussion marks being on a first come first serve rather than correctness and quality.&amp;nbsp; Here's the reason.&amp;nbsp; A lot of academic modules do not prepare students for the real industry work environment.&amp;nbsp; This module will. In the actual office environment, TEAMWORK is key.&amp;nbsp; Particularly in software projects, it doesn't matter how good or how bad your ideas are, the important thing is that you say them quickly so that they can be critically appraised and everyone's ideas can contribute to the overall knowledge base of the project.&amp;nbsp; This is the approach being taken in the forums.&lt;/p&gt;</answer></item><item id="206" sort_order="5"><question>Viewing the screencasts on Macbook</question><answer text_type="text/html">&lt;p&gt;If you try to open up the screencasts on an apple product you may see the message that the browser does not support cookies.&amp;nbsp; This only happens if you use a safari-based browser.&amp;nbsp; On other browsers, it works fine.&amp;nbsp; The solution is to click the link that says open in a new tab.&amp;nbsp; This resolves the problem and the screencast plays fine either in a new tab or if using the pulse app in a new safari window.&lt;/p&gt;</answer></item><item id="207" sort_order="6"><question>Access to Brightspace</question><answer text_type="text/html">&lt;p&gt;If you don't have access to a computer or are having difficulty accessing Brightspace, a weekly feedback form has been provided for you to let us know your challenges.&lt;/p&gt;</answer></item></category></faq>