﻿<grades xmlns:d2l_2p0="http://desire2learn.com/xsd/d2lcp_v2p0"><configuration><auto_update_final_grade>1</auto_update_final_grade><grading_system>0</grading_system><include_empty_grades_in_final>false</include_empty_grades_in_final><default_scheme>0</default_scheme><show_user_name>0</show_user_name></configuration><categories /><items><item id="210" identifier="40354" resource_code="huddersfield-351767"><name>Week 2</name><short_name /><sort_order>1</sort_order><show_average>false</show_average><show_distribution>false</show_distribution><description text_type="text/html" is_displayed="false" /><type_id>1</type_id><is_active>true</is_active><scoring><can_exceed_weight>false</can_exceed_weight><out_of>10</out_of><is_bonus>false</is_bonus><max_grade>10</max_grade><exclude_from_final_grade_calc>false</exclude_from_final_grade_calc><is_milestone_grade>false</is_milestone_grade></scoring></item></items></grades>