﻿<?xml version="1.0" encoding="UTF-8"?>
<manifest identifier="D2L_83234" xmlns:d2l_2p0="http://desire2learn.com/xsd/d2lcp_v2p0" xmlns:scorm_1p2="http://www.adlnet.org/xsd/adlcp_rootv1p2" xmlns="http://www.imsglobal.org/xsd/imscp_v1p1">
    <organizations default="d2l_orgs">
        <organization identifier="d2l_org">
            <item identifier="435968" identifierref="RES_CONTENT_435968" d2l_2p0:id="4" d2l_2p0:resource_code="huddersfield-4541" description="" completion_type="2">
                <title>Module Information</title>
                <item identifier="523044" identifierref="RES_CONTENT_523044" d2l_2p0:id="5" d2l_2p0:resource_code="huddersfield-326115" description="" completion_type="2">
                    <title>Software Design Module spec</title>
                </item>
            </item>
            <item identifier="435969" identifierref="RES_CONTENT_435969" d2l_2p0:id="6" d2l_2p0:resource_code="huddersfield-4542" description="" completion_type="2">
                <title>Assessment</title>
                <item identifier="533224" identifierref="RES_CONTENT_533224" d2l_2p0:id="7" description="" completion_type="2" resource_type_key="D2L.LE.Checklist.ChecklistEntity">
                    <title>Online Software Design Tasks &amp; Assignment (JA)</title>
                </item>
                <item identifier="546523" identifierref="RES_CONTENT_546523" d2l_2p0:id="8" d2l_2p0:resource_code="huddersfield-343431" description="" completion_type="2">
                    <title>Online Module Roadmap (JA)</title>
                </item>
                <item identifier="542570" identifierref="RES_CONTENT_542570" d2l_2p0:id="9" d2l_2p0:resource_code="huddersfield-341700" description="" completion_type="2">
                    <title>Online C++ Cheat Sheet (JA)</title>
                </item>
                <item identifier="542580" identifierref="RES_CONTENT_542580" d2l_2p0:id="10" d2l_2p0:resource_code="huddersfield-341707" description="" completion_type="2">
                    <title>Online UML Cheatsheet (JA)</title>
                </item>
                <item identifier="542587" identifierref="RES_CONTENT_542587" d2l_2p0:id="11" d2l_2p0:resource_code="huddersfield-341711" description="" completion_type="2">
                    <title>Point 2D files</title>
                </item>
                <item identifier="547851" identifierref="RES_CONTENT_547851" d2l_2p0:id="12" description="" completion_type="2" date_start="2020-05-07T11:45:00" date_end="2020-05-07T12:30:00" resource_type_key="D2L.LE.Quizzing.Quiz">
                    <title>Online Mid Semester Formative Exam</title>
                </item>
                <item identifier="547852" identifierref="RES_CONTENT_547852" d2l_2p0:id="13" description="" completion_type="2" date_start="2020-05-07T12:00:00" date_end="2020-05-07T12:30:00" resource_type_key="D2L.LE.Quizzing.Quiz">
                    <title>Online Mid Semester Formative Exam - Practical</title>
                </item>
                <item identifier="548071" identifierref="RES_CONTENT_548071" d2l_2p0:id="14" d2l_2p0:resource_code="huddersfield-345085" description="" completion_type="2">
                    <title>XPX1041-1920 Software Design Coursework</title>
                </item>
                <item identifier="555934" identifierref="RES_CONTENT_555934" d2l_2p0:id="15" description="&lt;p&gt;Find the Glossary &lt;a href=&quot;https://brightspace.hud.ac.uk/d2l/lms/glossary/glossary.d2l?ou=83234&amp;amp;nb=1&quot; target=&quot;_blank&quot; rel=&quot;noopener&quot;&gt;here&lt;/a&gt;&lt;/p&gt;" completion_type="2" resource_type_key="D2L.LE.Lti.Link">
                    <title>Software Design Wiki</title>
                </item>
            </item>
            <item identifier="435971" identifierref="RES_CONTENT_435971" d2l_2p0:id="16" d2l_2p0:resource_code="huddersfield-4544" description="&lt;p&gt;By the end of the week&lt;/p&gt;" completion_type="2">
                <title>Learning Content</title>
                <item identifier="521860" identifierref="RES_CONTENT_521860" d2l_2p0:id="17" d2l_2p0:resource_code="huddersfield-331208" description="&lt;p&gt;&lt;strong&gt;Objectives&lt;/strong&gt;&lt;/p&gt;&#xA;&lt;p&gt;By the end of the week you will be able to:&lt;/p&gt;&#xA;&lt;ol&gt;&#xA;&lt;li&gt;Know what is expected of you to fulfil the requirements for successfully completing this module by checking-off tasks upon completion.&lt;/li&gt;&#xA;&lt;li&gt;Write a few programs and refresh your knowledge of C++ data types.&lt;/li&gt;&#xA;&lt;li&gt;Represent algorithms using flowcharts.&lt;/li&gt;&#xA;&lt;li&gt;Demonstrate the application of Object-Oriented Programming principles using C++.&lt;/li&gt;&#xA;&lt;li&gt;Apply Class Abstraction Using the UML class diagram representation.&lt;/li&gt;&#xA;&lt;/ol&gt;&#xA;&lt;p&gt;&lt;a rel=&quot;noopener&quot; href=&quot;/d2l/common/dialogs/quickLink/quickLink.d2l?ou={orgUnitId}&amp;amp;type=checklist&amp;amp;rcode=huddersfield-333465&quot; target=&quot;_self&quot;&gt;Click here for your weekly activities check list&lt;/a&gt;&lt;/p&gt;&#xA;&lt;p&gt;&lt;a rel=&quot;noopener&quot; href=&quot;https://drive.google.com/file/d/1U6CDmSwoNS1xeMQVkaxovKnK6d4ek5ao/view?usp=sharing&quot; target=&quot;_blank&quot;&gt;Click here to see your weekly activity plan&lt;/a&gt;.&lt;/p&gt;" completion_type="2">
                    <title>WEEK 1</title>
                    <item identifier="521864" identifierref="RES_CONTENT_521864" d2l_2p0:id="18" d2l_2p0:resource_code="huddersfield-325027" description="" completion_type="2">
                        <title>Words to Learn</title>
                    </item>
                    <item identifier="524871" identifierref="RES_CONTENT_524871" d2l_2p0:id="19" d2l_2p0:resource_code="huddersfield-327871" description="" completion_type="2" resource_type_key="D2L.Video">
                        <title>Software Design - Introduction</title>
                    </item>
                    <item identifier="532294" identifierref="RES_CONTENT_532294" d2l_2p0:id="20" d2l_2p0:resource_code="huddersfield-332668" description="" completion_type="2">
                        <title>Online Week 1 Lecture slide (JA)</title>
                    </item>
                    <item identifier="525020" identifierref="RES_CONTENT_525020" d2l_2p0:id="21" d2l_2p0:resource_code="huddersfield-331212" description="" completion_type="2" resource_type_key="D2L.LE.Quizzing.Quiz">
                        <title>Week 1 - Formative Quiz</title>
                    </item>
                    <item identifier="524873" identifierref="RES_CONTENT_524873" d2l_2p0:id="22" d2l_2p0:resource_code="huddersfield-327873" description="" completion_type="2">
                        <title>Data types (Study &amp; Tasks)</title>
                    </item>
                    <item identifier="525091" identifierref="RES_CONTENT_525091" d2l_2p0:id="23" d2l_2p0:resource_code="huddersfield-328098" description="" completion_type="2">
                        <title>Functions and Flowcharts (Study &amp; Tasks)</title>
                    </item>
                    <item identifier="525112" identifierref="RES_CONTENT_525112" d2l_2p0:id="24" d2l_2p0:resource_code="huddersfield-328121" description="" completion_type="2">
                        <title>OOP&amp;UML (Study &amp; Tasks)</title>
                    </item>
                    <item identifier="533454" identifierref="RES_CONTENT_533454" d2l_2p0:id="25" description="" completion_type="2" resource_type_key="D2L.LE.Quizzing.Quiz">
                        <title>Week 1 - Summative Quiz</title>
                    </item>
                    <item identifier="526790" identifierref="RES_CONTENT_526790" d2l_2p0:id="26" d2l_2p0:resource_code="huddersfield-331214" description="" completion_type="2">
                        <title>Week 1 - Logbook</title>
                        <item identifier="526789" identifierref="RES_CONTENT_526789" d2l_2p0:id="27" d2l_2p0:resource_code="huddersfield-331223" description="" completion_type="2" resource_type_key="D2L.LE.Dropbox.Dropbox">
                            <title>Week 1 - Portfolio: Complex Number Operation</title>
                        </item>
                        <item identifier="533688" identifierref="RES_CONTENT_533688" d2l_2p0:id="28" d2l_2p0:resource_code="huddersfield-333921" description="" completion_type="2">
                            <title>Online Week 1 Log Book assignment resources (JA)</title>
                        </item>
                    </item>
                    <item identifier="530260" identifierref="RES_CONTENT_530260" d2l_2p0:id="29" d2l_2p0:resource_code="huddersfield-331222" description="" completion_type="2" resource_type_key="D2L.LE.Discussions.DiscussionTopic">
                        <title>Week 1: General Thread</title>
                    </item>
                </item>
                <item identifier="521861" identifierref="RES_CONTENT_521861" d2l_2p0:id="30" d2l_2p0:resource_code="huddersfield-331209" description="&lt;p&gt;By the end of the week you will be able to:&lt;/p&gt;&#xA;&lt;ol&gt;&#xA;&lt;li&gt;Analyse and represent user requirements using Usecase analysis and diagrams.&lt;/li&gt;&#xA;&lt;li&gt;Create complex class diagrams from Usecase models&lt;/li&gt;&#xA;&lt;li&gt;Understand activity diagrams as a superset of flowcharts and apply basic activity diagrams to model system behaviour&lt;/li&gt;&#xA;&lt;li&gt;Apply control flow principles of sequence and iteration to form complex logical algorithms and C++ programs.&lt;/li&gt;&#xA;&lt;/ol&gt;&#xA;&lt;p&gt;&lt;a href=&quot;/d2l/common/dialogs/quickLink/quickLink.d2l?ou={orgUnitId}&amp;amp;type=discuss&amp;amp;rcode=huddersfield-351904&quot; target=&quot;_self&quot;&gt;Click here to see your weekly activities plan&lt;/a&gt;&lt;/p&gt;" completion_type="2">
                    <title>WEEK 2</title>
                    <item identifier="533724" identifierref="RES_CONTENT_533724" d2l_2p0:id="31" d2l_2p0:resource_code="huddersfield-333985" description="" completion_type="2">
                        <title>Words to learn</title>
                    </item>
                    <item identifier="533746" identifierref="RES_CONTENT_533746" d2l_2p0:id="32" d2l_2p0:resource_code="huddersfield-334007" description="" completion_type="2">
                        <title>Online Formative pretest discussion(JA)</title>
                    </item>
                    <item identifier="532365" identifierref="RES_CONTENT_532365" d2l_2p0:id="33" d2l_2p0:resource_code="huddersfield-332731" description="" completion_type="2">
                        <title>Week 2 - Lecture slides</title>
                    </item>
                    <item identifier="533725" identifierref="RES_CONTENT_533725" d2l_2p0:id="34" d2l_2p0:resource_code="huddersfield-333986" description="" completion_type="2">
                        <title>Use Case Requirements Modelling</title>
                    </item>
                    <item identifier="533748" identifierref="RES_CONTENT_533748" d2l_2p0:id="35" d2l_2p0:resource_code="huddersfield-334010" description="" completion_type="2">
                        <title>Online Activity Diagrams (JA)</title>
                    </item>
                    <item identifier="534909" identifierref="RES_CONTENT_534909" d2l_2p0:id="36" description="" completion_type="2" resource_type_key="D2L.LE.Quizzing.Quiz">
                        <title>Week 2 - Summative Quiz</title>
                    </item>
                    <item identifier="535002" identifierref="RES_CONTENT_535002" d2l_2p0:id="37" description="" completion_type="2" resource_type_key="D2L.LE.Discussions.DiscussionTopic">
                        <title>Week 1: General Thread</title>
                    </item>
                    <item identifier="535108" identifierref="RES_CONTENT_535108" d2l_2p0:id="38" d2l_2p0:resource_code="huddersfield-336120" description="" completion_type="2" resource_type_key="D2L.LE.Dropbox.Dropbox">
                        <title>Online Week 2 Portfolio Task - Usecase and Activity Diagrams (JA)</title>
                    </item>
                </item>
                <item identifier="526786" identifierref="RES_CONTENT_526786" d2l_2p0:id="39" d2l_2p0:resource_code="huddersfield-331211" description="&lt;p&gt;By the end of the week you will be able to:&lt;/p&gt;&#xA;&lt;ol&gt;&#xA;&lt;li&gt;Use the Ncurses user interface library to draw a basic text-based windows&lt;/li&gt;&#xA;&lt;li&gt;Create user interface wireframe diagrams&lt;/li&gt;&#xA;&lt;li&gt;Apply sequence diagrams to model an object-oriented functional system&lt;/li&gt;&#xA;&lt;li&gt;Reinforce Usecases, Class diagrams and activity diagrams using Sequence diagrams&lt;/li&gt;&#xA;&lt;/ol&gt;" completion_type="2">
                    <title>WEEK 3</title>
                    <item identifier="535303" identifierref="RES_CONTENT_535303" d2l_2p0:id="40" d2l_2p0:resource_code="huddersfield-335528" description="" completion_type="2">
                        <title>Online Week 3 - Words to Learn (JA)</title>
                    </item>
                    <item identifier="536024" identifierref="RES_CONTENT_536024" d2l_2p0:id="41" d2l_2p0:resource_code="huddersfield-336100" description="" completion_type="2">
                        <title>Online Week 3 Formative PreTest (JA)</title>
                    </item>
                    <item identifier="535322" identifierref="RES_CONTENT_535322" d2l_2p0:id="42" d2l_2p0:resource_code="huddersfield-335555" description="" completion_type="2">
                        <title>Online Week 3 - Slides (JA)</title>
                    </item>
                    <item identifier="525155" identifierref="RES_CONTENT_525155" d2l_2p0:id="43" d2l_2p0:resource_code="huddersfield-328171" description="" completion_type="2">
                        <title>Online Week 3 Text UI Introduction &amp; Functions (JA)</title>
                    </item>
                    <item identifier="535324" identifierref="RES_CONTENT_535324" d2l_2p0:id="44" d2l_2p0:resource_code="huddersfield-335557" description="" completion_type="2">
                        <title>Online Week 3 Wireframe Modelling (JA)</title>
                    </item>
                    <item identifier="535326" identifierref="RES_CONTENT_535326" d2l_2p0:id="45" d2l_2p0:resource_code="huddersfield-335559" description="" completion_type="2">
                        <title>Online Week 3 Sequence Diagrams (JA)</title>
                    </item>
                    <item identifier="536034" identifierref="RES_CONTENT_536034" d2l_2p0:id="46" description="" completion_type="2" resource_type_key="D2L.LE.Quizzing.Quiz">
                        <title>Online Week 3 Summative Quiz(JA)</title>
                    </item>
                    <item identifier="536035" identifierref="RES_CONTENT_536035" d2l_2p0:id="47" description="" completion_type="2" resource_type_key="D2L.LE.Discussions.DiscussionTopic">
                        <title>Week 1: General Thread</title>
                    </item>
                    <item identifier="536037" identifierref="RES_CONTENT_536037" d2l_2p0:id="48" description="" completion_type="2" resource_type_key="D2L.LE.Dropbox.Dropbox">
                        <title>Online Week 3 - Portfolio Assignment (JA)</title>
                    </item>
                </item>
                <item identifier="536314" identifierref="RES_CONTENT_536314" d2l_2p0:id="49" description="&lt;p&gt;By the end of this will you will be able to:&lt;/p&gt;&#xA;&lt;ol&gt;&#xA;&lt;li&gt;Write programs involving vectors in the standard template library&lt;/li&gt;&#xA;&lt;li&gt;Understand and apply the linked list as a data structure&lt;/li&gt;&#xA;&lt;li&gt;Create package models and map libraries to packages&lt;/li&gt;&#xA;&lt;li&gt;Apply a strategy for implementing event response modelling for user interface interactions&lt;/li&gt;&#xA;&lt;/ol&gt;" completion_type="2">
                    <title>WEEK 4</title>
                    <item identifier="540923" identifierref="RES_CONTENT_540923" d2l_2p0:id="50" d2l_2p0:resource_code="huddersfield-340137" description="" completion_type="2">
                        <title>Online Week 4 Words to Learn (JA)</title>
                    </item>
                    <item identifier="540995" identifierref="RES_CONTENT_540995" d2l_2p0:id="51" d2l_2p0:resource_code="huddersfield-340201" description="" completion_type="2">
                        <title>Online Week 4 Slides (JA)</title>
                    </item>
                    <item identifier="541079" identifierref="RES_CONTENT_541079" d2l_2p0:id="52" description="" completion_type="2" resource_type_key="D2L.LE.Discussions.DiscussionTopic">
                        <title>Online Week 4 Formative Pre-Test Discussion (JA)</title>
                    </item>
                    <item identifier="536681" identifierref="RES_CONTENT_536681" d2l_2p0:id="53" d2l_2p0:resource_code="huddersfield-336518" description="" completion_type="2">
                        <title>Online Week 4 Package &amp; Event Modelling (JA)</title>
                    </item>
                    <item identifier="543584" identifierref="RES_CONTENT_543584" d2l_2p0:id="54" description="" completion_type="2" resource_type_key="D2L.LE.Quizzing.Quiz">
                        <title>Online Week 4 Summative Quiz (JA)</title>
                    </item>
                    <item identifier="547470" identifierref="RES_CONTENT_547470" d2l_2p0:id="55" description="" completion_type="2" resource_type_key="D2L.LE.Discussions.DiscussionTopic">
                        <title>Week 1: General Thread</title>
                    </item>
                    <item identifier="541911" identifierref="RES_CONTENT_541911" d2l_2p0:id="56" description="" completion_type="2" resource_type_key="D2L.LE.Dropbox.Dropbox">
                        <title>Online Week 4 Portfolio Assignment</title>
                    </item>
                </item>
                <item identifier="536686" identifierref="RES_CONTENT_536686" d2l_2p0:id="57" description="&lt;p&gt;By the end of this week you will be able to:&lt;/p&gt;&#xA;&lt;ol&gt;&#xA;&lt;li dir=&quot;ltr&quot; style=&quot;list-style-type: decimal;&quot;&gt;Apply basic searching and sorting algorithms&lt;/li&gt;&#xA;&lt;li dir=&quot;ltr&quot; style=&quot;list-style-type: decimal;&quot;&gt;Use test-driven development to create unit tests&lt;/li&gt;&#xA;&lt;/ol&gt;" completion_type="2">
                    <title>WEEK 5</title>
                    <item identifier="547439" identifierref="RES_CONTENT_547439" d2l_2p0:id="58" d2l_2p0:resource_code="huddersfield-344422" description="" completion_type="2">
                        <title>Online Week 5 Words to learn (JA)</title>
                    </item>
                    <item identifier="547426" identifierref="RES_CONTENT_547426" d2l_2p0:id="59" d2l_2p0:resource_code="huddersfield-344411" description="" completion_type="2">
                        <title>Online Week 5 Lecture slides (JA)</title>
                    </item>
                    <item identifier="547436" identifierref="RES_CONTENT_547436" d2l_2p0:id="60" description="" completion_type="2" resource_type_key="D2L.LE.Quizzing.Quiz">
                        <title>Online week 5 formative pretest</title>
                    </item>
                    <item identifier="546604" identifierref="RES_CONTENT_546604" d2l_2p0:id="61" d2l_2p0:resource_code="huddersfield-343519" description="" completion_type="2">
                        <title>Online Week 5 Test Driven Development (JA)</title>
                    </item>
                    <item identifier="547434" identifierref="RES_CONTENT_547434" d2l_2p0:id="62" d2l_2p0:resource_code="huddersfield-344417" description="" completion_type="2">
                        <title>Online Week 5 Searching and sorting algorithms (JA)</title>
                    </item>
                    <item identifier="546557" identifierref="RES_CONTENT_546557" d2l_2p0:id="63" d2l_2p0:resource_code="huddersfield-343466" description="" completion_type="2">
                        <title>Online Week 5 Extra resources - ncurses (JA)</title>
                    </item>
                    <item identifier="547440" identifierref="RES_CONTENT_547440" d2l_2p0:id="64" description="" completion_type="2" resource_type_key="D2L.LE.Quizzing.Quiz">
                        <title>Online Week 5 Summative Quiz (JA)</title>
                    </item>
                    <item identifier="547471" identifierref="RES_CONTENT_547471" d2l_2p0:id="65" description="" completion_type="2" resource_type_key="D2L.LE.Discussions.DiscussionTopic">
                        <title>Week 1: General Thread</title>
                    </item>
                    <item identifier="548101" identifierref="RES_CONTENT_548101" d2l_2p0:id="66" description="" completion_type="2" resource_type_key="D2L.LE.Dropbox.Dropbox">
                        <title>Online Week 5 Portfolio Assignment - Optional</title>
                    </item>
                </item>
                <item identifier="537438" identifierref="RES_CONTENT_537438" d2l_2p0:id="67" description="&lt;ol&gt;&#xA;&lt;li&gt;Implement a basic hashing algorithm.&lt;/li&gt;&#xA;&lt;li&gt;Create an object-oriented program based on a procedural program&lt;/li&gt;&#xA;&lt;li&gt;Apply a class transformation to an existing ncurses procedural user interface.&lt;/li&gt;&#xA;&lt;li&gt;Advance in your mini project course work using stepwise incremental development.&lt;/li&gt;&#xA;&lt;/ol&gt;" completion_type="2">
                    <title>WEEK 6</title>
                    <item identifier="542019" identifierref="RES_CONTENT_542019" d2l_2p0:id="68" description="" completion_type="2" resource_type_key="D2L.LE.Discussions.DiscussionTopic">
                        <title>Online Hash Function Discussion (JA)</title>
                    </item>
                    <item identifier="550134" identifierref="RES_CONTENT_550134" d2l_2p0:id="69" d2l_2p0:resource_code="huddersfield-347094" description="" completion_type="2">
                        <title>Online Mini Project Resources Part 1 (JA)</title>
                    </item>
                    <item identifier="550135" identifierref="RES_CONTENT_550135" d2l_2p0:id="70" d2l_2p0:resource_code="huddersfield-347096" description="" completion_type="2">
                        <title>XPX1041-1920 Software Design Coursework</title>
                    </item>
                    <item identifier="547472" identifierref="RES_CONTENT_547472" d2l_2p0:id="71" description="" completion_type="2" resource_type_key="D2L.LE.Discussions.DiscussionTopic">
                        <title>Week 1: General Thread</title>
                    </item>
                </item>
                <item identifier="550137" identifierref="RES_CONTENT_550137" d2l_2p0:id="72" description="&lt;p&gt;By the end of the week, you will be able to&lt;/p&gt;&#xA;&lt;ol&gt;&#xA;&lt;li&gt;Develop an event-driven user interface logic to display different screens.&lt;/li&gt;&#xA;&lt;/ol&gt;" completion_type="2">
                    <title>WEEK 7</title>
                    <item identifier="550144" identifierref="RES_CONTENT_550144" d2l_2p0:id="73" d2l_2p0:resource_code="huddersfield-347100" description="" completion_type="2">
                        <title>Online Week 7 Project resources part 2(JA)</title>
                    </item>
                    <item identifier="550257" identifierref="RES_CONTENT_550257" d2l_2p0:id="74" d2l_2p0:resource_code="huddersfield-347218" description="" completion_type="2">
                        <title>XPX1041-1920 Software Design Coursework</title>
                    </item>
                    <item identifier="550258" identifierref="RES_CONTENT_550258" d2l_2p0:id="75" description="" completion_type="2" resource_type_key="D2L.LE.Discussions.DiscussionTopic">
                        <title>Week 1: General Thread</title>
                    </item>
                </item>
                <item identifier="550142" identifierref="RES_CONTENT_550142" d2l_2p0:id="76" description="&lt;p&gt;By the end of the week you will be able to&lt;/p&gt;&#xA;&lt;ul&gt;&#xA;&lt;li&gt;Implement business logic and integrate sub-systems in an end-to-end manner.&lt;/li&gt;&#xA;&lt;li&gt;Integrate business logic with user interface logic.&lt;/li&gt;&#xA;&lt;li&gt;Apply&amp;nbsp; concepts to mini project course work.,&lt;/li&gt;&#xA;&lt;/ul&gt;" completion_type="2">
                    <title>WEEK 8</title>
                    <item identifier="550316" identifierref="RES_CONTENT_550316" d2l_2p0:id="77" description="" completion_type="2" resource_type_key="D2L.LE.Discussions.DiscussionTopic">
                        <title>Week 1: General Thread</title>
                    </item>
                    <item identifier="550317" identifierref="RES_CONTENT_550317" d2l_2p0:id="78" d2l_2p0:resource_code="huddersfield-347275" description="" completion_type="2">
                        <title>Online Week 8 Project resources part 3 (JA)</title>
                    </item>
                </item>
                <item identifier="552492" identifierref="RES_CONTENT_552492" d2l_2p0:id="79" description="&lt;p&gt;By the end of this week you will be able to&lt;/p&gt;&#xA;&lt;ol&gt;&#xA;&lt;li&gt;Take advantage of TDD using the expect.h test suite header file to write test-driven unit tests.&lt;/li&gt;&#xA;&lt;li&gt;Write test driven tests for both user interface event response routines as well as business logic routines.&lt;/li&gt;&#xA;&lt;li&gt;Revise Sequence, class relationship, as well as activity and use case diagrams based on working code.&lt;/li&gt;&#xA;&lt;/ol&gt;" completion_type="2">
                    <title>WEEK 9</title>
                    <item identifier="552494" identifierref="RES_CONTENT_552494" d2l_2p0:id="80" d2l_2p0:resource_code="huddersfield-349003" description="" completion_type="2">
                        <title>Online week 9 TDD revisited and model revision (JA)</title>
                    </item>
                    <item identifier="552495" identifierref="RES_CONTENT_552495" d2l_2p0:id="81" description="" completion_type="2" resource_type_key="D2L.LE.Discussions.DiscussionTopic">
                        <title>Week 1: General Thread</title>
                    </item>
                </item>
                <item identifier="547427" identifierref="RES_CONTENT_547427" d2l_2p0:id="82" isvisible="False" description="&lt;p&gt;At the end of these weeks, the student would have been able to&lt;/p&gt;&#xA;&lt;ul&gt;&#xA;&lt;li&gt;complete a mini-project course-work demonstrating various skills and competencies obtained during this module.&lt;/li&gt;&#xA;&lt;li&gt;receive support and guidance for their coursework.&lt;/li&gt;&#xA;&lt;/ul&gt;&#xA;&lt;p&gt;&lt;/p&gt;" completion_type="2">
                    <title>WEEKS 10-12</title>
                    <item identifier="536676" identifierref="RES_CONTENT_536676" d2l_2p0:id="83" isvisible="False" d2l_2p0:resource_code="huddersfield-336512" description="" completion_type="2">
                        <title>Online Week 4 - The C++ Standard template library (JA) - Advanced</title>
                    </item>
                    <item identifier="537440" identifierref="RES_CONTENT_537440" d2l_2p0:id="84" isvisible="False" d2l_2p0:resource_code="huddersfield-337218" description="" completion_type="2">
                        <title>Online Week 6 Static and Dynamic Link Library (JA) - Advanced</title>
                    </item>
                    <item identifier="536687" identifierref="RES_CONTENT_536687" d2l_2p0:id="85" isvisible="False" d2l_2p0:resource_code="huddersfield-336527" description="" completion_type="2">
                        <title>Online Week 5 Algorithm Analysis (JA) - advanced</title>
                    </item>
                    <item identifier="536680" identifierref="RES_CONTENT_536680" d2l_2p0:id="86" isvisible="False" d2l_2p0:resource_code="huddersfield-336517" description="" completion_type="2">
                        <title>Online Week 4 Trees and Graphs (JA) - Advanced</title>
                    </item>
                    <item identifier="547473" identifierref="RES_CONTENT_547473" d2l_2p0:id="87" description="" completion_type="2" resource_type_key="D2L.LE.Discussions.DiscussionTopic">
                        <title>Week 1: General Thread</title>
                    </item>
                </item>
            </item>
            <item identifier="523047" identifierref="RES_CONTENT_523047" d2l_2p0:id="88" d2l_2p0:resource_code="huddersfield-331207" description="&lt;p&gt;In here find Visual studio code and other online and offline resources used for the module.&amp;nbsp; Visual studio code is an alternative to Visual studio which can run on Mac, Linux and Windows.&lt;/p&gt;" completion_type="2">
                <title>Software Tools</title>
                <item identifier="523054" identifierref="RES_CONTENT_523054" d2l_2p0:id="89" d2l_2p0:resource_code="huddersfield-326123" description="" completion_type="2">
                    <title>Draw.io - Online UML Tool</title>
                </item>
                <item identifier="525262" identifierref="RES_CONTENT_525262" d2l_2p0:id="90" d2l_2p0:resource_code="huddersfield-328273" description="&lt;p&gt;Minimalist GNU for Windows C/C++ compiler.&amp;nbsp; An alternative compiler to Microsoft Visual C++ compiler within visual studio.&lt;/p&gt;" completion_type="2">
                    <title>MinGW C++ Compiler Compressed Zip</title>
                </item>
                <item identifier="525429" identifierref="RES_CONTENT_525429" d2l_2p0:id="91" d2l_2p0:resource_code="huddersfield-328440" description="" completion_type="2">
                    <title>source code template</title>
                </item>
                <item identifier="530932" identifierref="RES_CONTENT_530932" d2l_2p0:id="92" d2l_2p0:resource_code="huddersfield-331346" description="" completion_type="2">
                    <title>VSCodeUserSetup</title>
                </item>
                <item identifier="530933" identifierref="RES_CONTENT_530933" d2l_2p0:id="93" d2l_2p0:resource_code="huddersfield-331347" description="" completion_type="2" resource_type_key="D2L.Video">
                    <title>How to Use Visual Studio Code on UniDesktop (JA)</title>
                </item>
                <item identifier="534550" identifierref="RES_CONTENT_534550" d2l_2p0:id="94" d2l_2p0:resource_code="huddersfield-334752" description="" completion_type="2">
                    <title>Repl.it Online C++ compiler</title>
                </item>
            </item>
            <item identifier="555903" identifierref="RES_CONTENT_555903" d2l_2p0:id="95" description="&lt;p&gt;Your zoom sessions are as follows&lt;/p&gt;&#xA;&lt;table border=&quot;1&quot; width=&quot;633&quot;&gt;&#xA;&lt;tbody&gt;&#xA;&lt;tr&gt;&#xA;&lt;td style=&quot;width: 140.672px;&quot;&gt;Group 26&amp;amp;27&lt;/td&gt;&#xA;&lt;td style=&quot;width: 133.719px;&quot;&gt;Mon 1-2:30&lt;/td&gt;&#xA;&lt;td style=&quot;width: 103.109px;&quot;&gt;&#xA;&lt;p&gt;Lesson 1&lt;/p&gt;&#xA;&lt;/td&gt;&#xA;&lt;td style=&quot;width: 125.375px;&quot;&gt;Fri 1-2:30&lt;/td&gt;&#xA;&lt;td style=&quot;width: 96.1562px;&quot;&gt;Lesson 2&lt;/td&gt;&#xA;&lt;/tr&gt;&#xA;&lt;tr&gt;&#xA;&lt;td style=&quot;width: 140.671875px;&quot;&gt;Group 12&lt;/td&gt;&#xA;&lt;td style=&quot;width: 133.71875px;&quot;&gt;Tue 10-1130&lt;/td&gt;&#xA;&lt;td style=&quot;width: 103.109375px;&quot;&gt;&#xA;&lt;p&gt;Lesson 1&lt;/p&gt;&#xA;&lt;/td&gt;&#xA;&lt;td style=&quot;width: 125.375px;&quot;&gt;Fri 130-3&amp;nbsp;&lt;/td&gt;&#xA;&lt;td style=&quot;width: 96.15625px;&quot;&gt;Lesson 2&lt;/td&gt;&#xA;&lt;/tr&gt;&#xA;&lt;tr&gt;&#xA;&lt;td style=&quot;width: 140.671875px;&quot;&gt;Group 13&amp;amp;14&lt;/td&gt;&#xA;&lt;td style=&quot;width: 133.71875px;&quot;&gt;Tue 1230-2&lt;/td&gt;&#xA;&lt;td style=&quot;width: 103.109375px;&quot;&gt;Lesson 1&lt;/td&gt;&#xA;&lt;td style=&quot;width: 125.375px;&quot;&gt;Fri 10-1130&lt;/td&gt;&#xA;&lt;td style=&quot;width: 96.15625px;&quot;&gt;Lesson 2&lt;/td&gt;&#xA;&lt;/tr&gt;&#xA;&lt;/tbody&gt;&#xA;&lt;/table&gt;&#xA;&lt;ul style=&quot;list-style-type: disc;&quot;&gt;&lt;/ul&gt;&#xA;&lt;p&gt;&lt;/p&gt;&#xA;&lt;p&gt;&lt;/p&gt;" completion_type="2">
                <title>Zoom Details</title>
                <item identifier="555908" identifierref="RES_CONTENT_555908" d2l_2p0:id="96" d2l_2p0:resource_code="huddersfield-351387" description="" completion_type="2">
                    <title>Zoom meeting - Software design virtual class</title>
                </item>
                <item identifier="556593" identifierref="RES_CONTENT_556593" d2l_2p0:id="97" d2l_2p0:resource_code="huddersfield-352063" description="&lt;p&gt;Password: 304421&lt;/p&gt;" completion_type="2">
                    <title>Zoom meeting - Software design virtual class (OU)</title>
                </item>
            </item>
        </organization>
    </organizations>
    <resources>
        <resource identifier="res_rubrics" type="webcontent" d2l_2p0:material_type="d2lrubrics" d2l_2p0:link_target="" href="rubrics_d2l.xml" title="" />
        <resource identifier="RES_CONTENT_435968" type="webcontent" d2l_2p0:material_type="contentmodule" d2l_2p0:link_target="" href="" title="" />
        <resource identifier="RES_CONTENT_523044" type="webcontent" d2l_2p0:material_type="content" d2l_2p0:link_target="" href="Software Design Module spec.docx" title="" />
        <resource identifier="RES_CONTENT_435969" type="webcontent" d2l_2p0:material_type="contentmodule" d2l_2p0:link_target="" href="" title="" />
        <resource identifier="RES_CONTENT_533224" type="webcontent" d2l_2p0:material_type="contentlink" d2l_2p0:link_target="_self" href="/d2l/common/dialogs/quickLink/quickLink.d2l?ou={orgUnitId}&amp;type=checklist&amp;rcode=huddersfield-333465" title="" />
        <resource identifier="RES_CONTENT_546523" type="webcontent" d2l_2p0:material_type="content" d2l_2p0:link_target="" href="Online Module Roadmap (JA).html" title="" />
        <resource identifier="RES_CONTENT_542570" type="webcontent" d2l_2p0:material_type="content" d2l_2p0:link_target="" href="C++ Cheat Sheet.pdf" title="" />
        <resource identifier="RES_CONTENT_542580" type="webcontent" d2l_2p0:material_type="content" d2l_2p0:link_target="" href="docs\uml cheatsheet.pdf" title="" />
        <resource identifier="RES_CONTENT_542587" type="webcontent" d2l_2p0:material_type="content" d2l_2p0:link_target="" href="Point 2D files.html" title="" />
        <resource identifier="RES_CONTENT_547851" type="webcontent" d2l_2p0:material_type="contentlink" d2l_2p0:link_target="_self" href="/d2l/common/dialogs/quickLink/quickLink.d2l?ou={orgUnitId}&amp;type=quiz&amp;rcode=huddersfield-343520" title="" />
        <resource identifier="RES_CONTENT_547852" type="webcontent" d2l_2p0:material_type="contentlink" d2l_2p0:link_target="_self" href="/d2l/common/dialogs/quickLink/quickLink.d2l?ou={orgUnitId}&amp;type=quiz&amp;rcode=huddersfield-344842" title="" />
        <resource identifier="RES_CONTENT_548071" type="webcontent" d2l_2p0:material_type="content" d2l_2p0:link_target="" href="docs\XPX1041-1920 Software Design Coursework.pdf" title="" />
        <resource identifier="RES_CONTENT_555934" type="webcontent" d2l_2p0:material_type="contentlink" d2l_2p0:link_target="_blank" href="/d2l/common/dialogs/quickLink/quickLink.d2l?ou={orgUnitId}&amp;type=lti&amp;rcode=huddersfield-351412&amp;srcou={DestinationOrgUnitId}" title="" identifierref="RES_LTI_CONTENT_107" />
        <resource identifier="RES_CONTENT_435971" type="webcontent" d2l_2p0:material_type="contentmodule" d2l_2p0:link_target="" href="" title="" />
        <resource identifier="RES_CONTENT_521860" type="webcontent" d2l_2p0:material_type="contentmodule" d2l_2p0:link_target="" href="" title="" />
        <resource identifier="RES_CONTENT_521864" type="webcontent" d2l_2p0:material_type="content" d2l_2p0:link_target="" href="uuuuuuu.html" title="" />
        <resource identifier="RES_CONTENT_524871" type="webcontent" d2l_2p0:material_type="content" d2l_2p0:link_target="" href="Software Design - Introduction.html" title="" />
        <resource identifier="RES_CONTENT_532294" type="webcontent" d2l_2p0:material_type="content" d2l_2p0:link_target="" href="week 1.pptx" title="" />
        <resource identifier="RES_CONTENT_525020" type="webcontent" d2l_2p0:material_type="contentlink" d2l_2p0:link_target="_self" href="/d2l/common/dialogs/quickLink/quickLink.d2l?ou={orgUnitId}&amp;type=quiz&amp;rcode=huddersfield-328014" title="" />
        <resource identifier="RES_CONTENT_524873" type="webcontent" d2l_2p0:material_type="content" d2l_2p0:link_target="" href="Data types - Introductory notes.html" title="" />
        <resource identifier="RES_CONTENT_525091" type="webcontent" d2l_2p0:material_type="content" d2l_2p0:link_target="" href="Functions and Flowcharts (Study &amp; Tasks).html" title="" />
        <resource identifier="RES_CONTENT_525112" type="webcontent" d2l_2p0:material_type="content" d2l_2p0:link_target="" href="OOP &amp; Class UML.html" title="" />
        <resource identifier="RES_CONTENT_533454" type="webcontent" d2l_2p0:material_type="contentlink" d2l_2p0:link_target="_self" href="/d2l/common/dialogs/quickLink/quickLink.d2l?ou={orgUnitId}&amp;type=quiz&amp;rcode=huddersfield-328067" title="" />
        <resource identifier="RES_CONTENT_526790" type="webcontent" d2l_2p0:material_type="contentmodule" d2l_2p0:link_target="" href="" title="" />
        <resource identifier="RES_CONTENT_526789" type="webcontent" d2l_2p0:material_type="contentlink" d2l_2p0:link_target="_self" href="/d2l/common/dialogs/quickLink/quickLink.d2l?ou={orgUnitId}&amp;type=dropbox&amp;rcode=huddersfield-329199" title="" />
        <resource identifier="RES_CONTENT_533688" type="webcontent" d2l_2p0:material_type="content" d2l_2p0:link_target="" href="Log Book assignment resources.html" title="" />
        <resource identifier="RES_CONTENT_530260" type="webcontent" d2l_2p0:material_type="contentlink" d2l_2p0:link_target="_self" href="/d2l/common/dialogs/quickLink/quickLink.d2l?ou={orgUnitId}&amp;type=discuss&amp;rcode=huddersfield-329630" title="" />
        <resource identifier="RES_CONTENT_521861" type="webcontent" d2l_2p0:material_type="contentmodule" d2l_2p0:link_target="" href="" title="" />
        <resource identifier="RES_CONTENT_533724" type="webcontent" d2l_2p0:material_type="content" d2l_2p0:link_target="" href="Words to learn.html" title="" />
        <resource identifier="RES_CONTENT_533746" type="webcontent" d2l_2p0:material_type="content" d2l_2p0:link_target="" href="Online Formative pretest (JA).html" title="" />
        <resource identifier="RES_CONTENT_532365" type="webcontent" d2l_2p0:material_type="content" d2l_2p0:link_target="" href="week 2.pptx" title="" />
        <resource identifier="RES_CONTENT_533725" type="webcontent" d2l_2p0:material_type="content" d2l_2p0:link_target="" href="Use Case Requirements Modelling.html" title="" />
        <resource identifier="RES_CONTENT_533748" type="webcontent" d2l_2p0:material_type="content" d2l_2p0:link_target="" href="Online Activity Diagrams (JA).html" title="" />
        <resource identifier="RES_CONTENT_534909" type="webcontent" d2l_2p0:material_type="contentlink" d2l_2p0:link_target="_self" href="/d2l/common/dialogs/quickLink/quickLink.d2l?ou={orgUnitId}&amp;type=quiz&amp;rcode=huddersfield-334775" title="" />
        <resource identifier="RES_CONTENT_535002" type="webcontent" d2l_2p0:material_type="contentlink" d2l_2p0:link_target="_self" href="/d2l/common/dialogs/quickLink/quickLink.d2l?ou={orgUnitId}&amp;type=discuss&amp;rcode=huddersfield-329630" title="" />
        <resource identifier="RES_CONTENT_535108" type="webcontent" d2l_2p0:material_type="contentlink" d2l_2p0:link_target="_self" href="/d2l/common/dialogs/quickLink/quickLink.d2l?ou={orgUnitId}&amp;type=dropbox&amp;rcode=huddersfield-335188" title="" />
        <resource identifier="RES_CONTENT_526786" type="webcontent" d2l_2p0:material_type="contentmodule" d2l_2p0:link_target="" href="" title="" />
        <resource identifier="RES_CONTENT_535303" type="webcontent" d2l_2p0:material_type="content" d2l_2p0:link_target="" href="Online Week 3 - Words to Learn (JA).html" title="" />
        <resource identifier="RES_CONTENT_536024" type="webcontent" d2l_2p0:material_type="content" d2l_2p0:link_target="" href="Online Week 3 Formative PreTest(JA).html" title="" />
        <resource identifier="RES_CONTENT_535322" type="webcontent" d2l_2p0:material_type="content" d2l_2p0:link_target="" href="week 3.pptx" title="" />
        <resource identifier="RES_CONTENT_525155" type="webcontent" d2l_2p0:material_type="content" d2l_2p0:link_target="" href="Static and Dynamic Link Library (Study).html" title="" />
        <resource identifier="RES_CONTENT_535324" type="webcontent" d2l_2p0:material_type="content" d2l_2p0:link_target="" href="Online Week 3 Wireframe Modelling (JA).html" title="" />
        <resource identifier="RES_CONTENT_535326" type="webcontent" d2l_2p0:material_type="content" d2l_2p0:link_target="" href="Online Week 3 Sequence Diagrams.html" title="" />
        <resource identifier="RES_CONTENT_536034" type="webcontent" d2l_2p0:material_type="contentlink" d2l_2p0:link_target="_self" href="/d2l/common/dialogs/quickLink/quickLink.d2l?ou={orgUnitId}&amp;type=quiz&amp;rcode=huddersfield-336112" title="" />
        <resource identifier="RES_CONTENT_536035" type="webcontent" d2l_2p0:material_type="contentlink" d2l_2p0:link_target="_self" href="/d2l/common/dialogs/quickLink/quickLink.d2l?ou={orgUnitId}&amp;type=discuss&amp;rcode=huddersfield-329630" title="" />
        <resource identifier="RES_CONTENT_536037" type="webcontent" d2l_2p0:material_type="contentlink" d2l_2p0:link_target="_self" href="/d2l/common/dialogs/quickLink/quickLink.d2l?ou={orgUnitId}&amp;type=dropbox&amp;rcode=huddersfield-336121" title="" />
        <resource identifier="RES_CONTENT_536314" type="webcontent" d2l_2p0:material_type="contentmodule" d2l_2p0:link_target="" href="" title="" />
        <resource identifier="RES_CONTENT_540923" type="webcontent" d2l_2p0:material_type="content" d2l_2p0:link_target="" href="Online Week 4 Words to Learn (JA).html" title="" />
        <resource identifier="RES_CONTENT_540995" type="webcontent" d2l_2p0:material_type="content" d2l_2p0:link_target="" href="docs\XPX1041-1920 _ week4-evtpkg.pdf" title="" />
        <resource identifier="RES_CONTENT_541079" type="webcontent" d2l_2p0:material_type="contentlink" d2l_2p0:link_target="_self" href="/d2l/common/dialogs/quickLink/quickLink.d2l?ou={orgUnitId}&amp;type=discuss&amp;rcode=huddersfield-340212" title="" />
        <resource identifier="RES_CONTENT_536681" type="webcontent" d2l_2p0:material_type="content" d2l_2p0:link_target="" href="Online Week 4 Package Modelling (JA).html" title="" />
        <resource identifier="RES_CONTENT_543584" type="webcontent" d2l_2p0:material_type="contentlink" d2l_2p0:link_target="_self" href="/d2l/common/dialogs/quickLink/quickLink.d2l?ou={orgUnitId}&amp;type=quiz&amp;rcode=huddersfield-342393" title="" />
        <resource identifier="RES_CONTENT_547470" type="webcontent" d2l_2p0:material_type="contentlink" d2l_2p0:link_target="_self" href="/d2l/common/dialogs/quickLink/quickLink.d2l?ou={orgUnitId}&amp;type=discuss&amp;rcode=huddersfield-329630" title="" />
        <resource identifier="RES_CONTENT_541911" type="webcontent" d2l_2p0:material_type="contentlink" d2l_2p0:link_target="_self" href="/d2l/common/dialogs/quickLink/quickLink.d2l?ou={orgUnitId}&amp;type=dropbox&amp;rCode=huddersfield-341241" title="" />
        <resource identifier="RES_CONTENT_536686" type="webcontent" d2l_2p0:material_type="contentmodule" d2l_2p0:link_target="" href="" title="" />
        <resource identifier="RES_CONTENT_547439" type="webcontent" d2l_2p0:material_type="content" d2l_2p0:link_target="" href="Online Week 5 Words to learn (JA).html" title="" />
        <resource identifier="RES_CONTENT_547426" type="webcontent" d2l_2p0:material_type="content" d2l_2p0:link_target="" href="docs\week 5.pdf" title="" />
        <resource identifier="RES_CONTENT_547436" type="webcontent" d2l_2p0:material_type="contentlink" d2l_2p0:link_target="_self" href="/d2l/common/dialogs/quickLink/quickLink.d2l?ou={orgUnitId}&amp;type=quiz&amp;rcode=huddersfield-344419" title="" />
        <resource identifier="RES_CONTENT_546604" type="webcontent" d2l_2p0:material_type="content" d2l_2p0:link_target="" href="Online Week 5 Test Driven Development (JA).html" title="" />
        <resource identifier="RES_CONTENT_547434" type="webcontent" d2l_2p0:material_type="content" d2l_2p0:link_target="" href="Online Week 5 Searching and sorting algorithms (JA).html" title="" />
        <resource identifier="RES_CONTENT_546557" type="webcontent" d2l_2p0:material_type="content" d2l_2p0:link_target="" href="Online Week 5 Ncurses resources (JA).html" title="" />
        <resource identifier="RES_CONTENT_547440" type="webcontent" d2l_2p0:material_type="contentlink" d2l_2p0:link_target="_self" href="/d2l/common/dialogs/quickLink/quickLink.d2l?ou={orgUnitId}&amp;type=quiz&amp;rcode=huddersfield-343628" title="" />
        <resource identifier="RES_CONTENT_547471" type="webcontent" d2l_2p0:material_type="contentlink" d2l_2p0:link_target="_self" href="/d2l/common/dialogs/quickLink/quickLink.d2l?ou={orgUnitId}&amp;type=discuss&amp;rcode=huddersfield-329630" title="" />
        <resource identifier="RES_CONTENT_548101" type="webcontent" d2l_2p0:material_type="contentlink" d2l_2p0:link_target="_self" href="/d2l/common/dialogs/quickLink/quickLink.d2l?ou={orgUnitId}&amp;type=dropbox&amp;rcode=huddersfield-344423" title="" />
        <resource identifier="RES_CONTENT_537438" type="webcontent" d2l_2p0:material_type="contentmodule" d2l_2p0:link_target="" href="" title="" />
        <resource identifier="RES_CONTENT_542019" type="webcontent" d2l_2p0:material_type="contentlink" d2l_2p0:link_target="_self" href="/d2l/common/dialogs/quickLink/quickLink.d2l?ou={orgUnitId}&amp;type=discuss&amp;rcode=huddersfield-341356" title="" />
        <resource identifier="RES_CONTENT_550134" type="webcontent" d2l_2p0:material_type="content" d2l_2p0:link_target="" href="Online Mini Project Resources Part 1 (JA).html" title="" />
        <resource identifier="RES_CONTENT_550135" type="webcontent" d2l_2p0:material_type="content" d2l_2p0:link_target="" href="docs\XPX1041-1920 Software Design Coursework.pdf" title="" />
        <resource identifier="RES_CONTENT_547472" type="webcontent" d2l_2p0:material_type="contentlink" d2l_2p0:link_target="_self" href="/d2l/common/dialogs/quickLink/quickLink.d2l?ou={orgUnitId}&amp;type=discuss&amp;rcode=huddersfield-329630" title="" />
        <resource identifier="RES_CONTENT_550137" type="webcontent" d2l_2p0:material_type="contentmodule" d2l_2p0:link_target="" href="" title="" />
        <resource identifier="RES_CONTENT_550144" type="webcontent" d2l_2p0:material_type="content" d2l_2p0:link_target="" href="Online Week 7 Project resources part 2(JA).html" title="" />
        <resource identifier="RES_CONTENT_550257" type="webcontent" d2l_2p0:material_type="content" d2l_2p0:link_target="" href="docs\XPX1041-1920 Software Design Coursework.pdf" title="" />
        <resource identifier="RES_CONTENT_550258" type="webcontent" d2l_2p0:material_type="contentlink" d2l_2p0:link_target="_self" href="/d2l/common/dialogs/quickLink/quickLink.d2l?ou={orgUnitId}&amp;type=discuss&amp;rcode=huddersfield-329630" title="" />
        <resource identifier="RES_CONTENT_550142" type="webcontent" d2l_2p0:material_type="contentmodule" d2l_2p0:link_target="" href="" title="" />
        <resource identifier="RES_CONTENT_550316" type="webcontent" d2l_2p0:material_type="contentlink" d2l_2p0:link_target="_self" href="/d2l/common/dialogs/quickLink/quickLink.d2l?ou={orgUnitId}&amp;type=discuss&amp;rcode=huddersfield-329630" title="" />
        <resource identifier="RES_CONTENT_550317" type="webcontent" d2l_2p0:material_type="content" d2l_2p0:link_target="" href="Online Week 8 Project resources part 3 (JA).html" title="" />
        <resource identifier="RES_CONTENT_552492" type="webcontent" d2l_2p0:material_type="contentmodule" d2l_2p0:link_target="" href="" title="" />
        <resource identifier="RES_CONTENT_552494" type="webcontent" d2l_2p0:material_type="content" d2l_2p0:link_target="" href="Online week 9 TDD revisited and model revision (JA).html" title="" />
        <resource identifier="RES_CONTENT_552495" type="webcontent" d2l_2p0:material_type="contentlink" d2l_2p0:link_target="_self" href="/d2l/common/dialogs/quickLink/quickLink.d2l?ou={orgUnitId}&amp;type=discuss&amp;rcode=huddersfield-329630" title="" />
        <resource identifier="RES_CONTENT_547427" type="webcontent" d2l_2p0:material_type="contentmodule" d2l_2p0:link_target="" href="" title="" />
        <resource identifier="RES_CONTENT_536676" type="webcontent" d2l_2p0:material_type="content" d2l_2p0:link_target="" href="Online Week 4 - The C++ Standard template library (JA).html" title="" />
        <resource identifier="RES_CONTENT_537440" type="webcontent" d2l_2p0:material_type="content" d2l_2p0:link_target="" href="Static and Dynamic Link Library (Study)1.html" title="" />
        <resource identifier="RES_CONTENT_536687" type="webcontent" d2l_2p0:material_type="content" d2l_2p0:link_target="" href="Online Week 5 Program Analysis (JA).html" title="" />
        <resource identifier="RES_CONTENT_536680" type="webcontent" d2l_2p0:material_type="content" d2l_2p0:link_target="" href="Online Week 4 Trees and Graphs (JA).html" title="" />
        <resource identifier="RES_CONTENT_547473" type="webcontent" d2l_2p0:material_type="contentlink" d2l_2p0:link_target="_self" href="/d2l/common/dialogs/quickLink/quickLink.d2l?ou={orgUnitId}&amp;type=discuss&amp;rcode=huddersfield-329630" title="" />
        <resource identifier="RES_CONTENT_523047" type="webcontent" d2l_2p0:material_type="contentmodule" d2l_2p0:link_target="" href="" title="" />
        <resource identifier="RES_CONTENT_523054" type="webcontent" d2l_2p0:material_type="contentlink" d2l_2p0:link_target="_blank" href="https://app.diagrams.net/" title="" />
        <resource identifier="RES_CONTENT_525262" type="webcontent" d2l_2p0:material_type="content" d2l_2p0:link_target="" href="mingw730_32.zip" title="" />
        <resource identifier="RES_CONTENT_525429" type="webcontent" d2l_2p0:material_type="content" d2l_2p0:link_target="" href="design1.zip" title="" />
        <resource identifier="RES_CONTENT_530932" type="webcontent" d2l_2p0:material_type="content" d2l_2p0:link_target="" href="VSCodeUserSetup.zip" title="" />
        <resource identifier="RES_CONTENT_530933" type="webcontent" d2l_2p0:material_type="content" d2l_2p0:link_target="" href="How to Use Visual Studio Code on UniDesktop.html" title="" />
        <resource identifier="RES_CONTENT_534550" type="webcontent" d2l_2p0:material_type="contentlink" d2l_2p0:link_target="_blank" href="https://repl.it" title="" />
        <resource identifier="RES_CONTENT_555903" type="webcontent" d2l_2p0:material_type="contentmodule" d2l_2p0:link_target="" href="" title="" />
        <resource identifier="RES_CONTENT_555908" type="webcontent" d2l_2p0:material_type="contentlink" d2l_2p0:link_target="_self" href="https://hudac.zoom.us/j/91825248725" title="" />
        <resource identifier="RES_CONTENT_556593" type="webcontent" d2l_2p0:material_type="contentlink" d2l_2p0:link_target="_self" href="https://hudac.zoom.us/j/68090677962?pwd=https://hudac.zoom.us/j/68090677962?pwd=RHJ6WjBMTlVHOThHWkNVOUxNRzNlUT09=group112621" title="" />
        <resource identifier="res_syllabus" type="webcontent" d2l_2p0:material_type="d2lsyllabus" d2l_2p0:link_target="" href="syllabus_d2l.xml" title="" />
        <resource identifier="res_question_library" type="webcontent" d2l_2p0:material_type="d2lquestionlibrary" d2l_2p0:link_target="" href="questiondb.xml" title="Question Library" />
        <resource identifier="res_quiz_27326" type="webcontent" d2l_2p0:material_type="d2lquiz" d2l_2p0:link_target="" href="quiz_d2l_27326.xml" title="Online Mid Semester Formative Exam" />
        <resource identifier="res_quiz_25420" type="webcontent" d2l_2p0:material_type="d2lquiz" d2l_2p0:link_target="" href="quiz_d2l_25420.xml" title="Week 1 - Datatypes Quiz Question" />
        <resource identifier="res_quiz_25425" type="webcontent" d2l_2p0:material_type="d2lquiz" d2l_2p0:link_target="" href="quiz_d2l_25425.xml" title="Week 1 - Formative Quiz" />
        <resource identifier="res_quiz_25427" type="webcontent" d2l_2p0:material_type="d2lquiz" d2l_2p0:link_target="" href="quiz_d2l_25427.xml" title="Week 1 - Datatypes - Pointers Quiz Question" />
        <resource identifier="res_quiz_25428" type="webcontent" d2l_2p0:material_type="d2lquiz" d2l_2p0:link_target="" href="quiz_d2l_25428.xml" title="Week 1 - Summative Quiz" />
        <resource identifier="res_quiz_25486" type="webcontent" d2l_2p0:material_type="d2lquiz" d2l_2p0:link_target="" href="quiz_d2l_25486.xml" title="Week 1 - Pseudocode to flowchart quiz" />
        <resource identifier="res_quiz_26571" type="webcontent" d2l_2p0:material_type="d2lquiz" d2l_2p0:link_target="" href="quiz_d2l_26571.xml" title="Week 1 - Class Diagram Quiz" />
        <resource identifier="res_quiz_26747" type="webcontent" d2l_2p0:material_type="d2lquiz" d2l_2p0:link_target="" href="quiz_d2l_26747.xml" title="Week 2 - Use Case Example" />
        <resource identifier="res_quiz_26766" type="webcontent" d2l_2p0:material_type="d2lquiz" d2l_2p0:link_target="" href="quiz_d2l_26766.xml" title="Online - Week 2 - Control Structures Quiz (JA)" />
        <resource identifier="res_quiz_26839" type="webcontent" d2l_2p0:material_type="d2lquiz" d2l_2p0:link_target="" href="quiz_d2l_26839.xml" title="Online week 3 Wireframe modelling (JA)" />
        <resource identifier="res_quiz_26851" type="webcontent" d2l_2p0:material_type="d2lquiz" d2l_2p0:link_target="" href="quiz_d2l_26851.xml" title="Online Week 3 Functional Register Quiz (JA)" />
        <resource identifier="res_quiz_26853" type="webcontent" d2l_2p0:material_type="d2lquiz" d2l_2p0:link_target="" href="quiz_d2l_26853.xml" title="Online Week 3 Sequence Diagram Quiz (JA)" />
        <resource identifier="res_quiz_27272" type="webcontent" d2l_2p0:material_type="d2lquiz" d2l_2p0:link_target="" href="quiz_d2l_27272.xml" title="Online Week 4 Event-Modelling Quiz (JA)" />
        <resource identifier="res_quiz_27354" type="webcontent" d2l_2p0:material_type="d2lquiz" d2l_2p0:link_target="" href="quiz_d2l_27354.xml" title="Online week 5 formative pre-test (JA)" />
        <resource identifier="res_quiz_27355" type="webcontent" d2l_2p0:material_type="d2lquiz" d2l_2p0:link_target="" href="quiz_d2l_27355.xml" title="Online Week 5 TDD Quiz (JA)" />
        <resource identifier="res_quiz_27388" type="webcontent" d2l_2p0:material_type="d2lquiz" d2l_2p0:link_target="" href="quiz_d2l_27388.xml" title="Online Week 5 Find algorithm dry run (JA)" />
        <resource identifier="res_quiz_26748" type="webcontent" d2l_2p0:material_type="d2lquiz" d2l_2p0:link_target="" href="quiz_d2l_26748.xml" title="Week 2 - Summative Quiz" />
        <resource identifier="res_quiz_26818" type="webcontent" d2l_2p0:material_type="d2lquiz" d2l_2p0:link_target="" href="quiz_d2l_26818.xml" title="Online Week 3 Summative Quiz(JA)" />
        <resource identifier="res_quiz_27271" type="webcontent" d2l_2p0:material_type="d2lquiz" d2l_2p0:link_target="" href="quiz_d2l_27271.xml" title="Online Week 4 Summative Quiz (JA)" />
        <resource identifier="res_quiz_26832" type="webcontent" d2l_2p0:material_type="d2lquiz" d2l_2p0:link_target="" href="quiz_d2l_26832.xml" title="Online Week 5 Summative Quiz Advanced (JA)" />
        <resource identifier="res_quiz_27331" type="webcontent" d2l_2p0:material_type="d2lquiz" d2l_2p0:link_target="" href="quiz_d2l_27331.xml" title="Online Week 5 Summative Quiz (JA)" />
        <resource identifier="res_quiz_27370" type="webcontent" d2l_2p0:material_type="d2lquiz" d2l_2p0:link_target="" href="quiz_d2l_27370.xml" title="Online Mid Semester Formative Exam - Practical" />
        <resource identifier="res_discuss_1" type="webcontent" d2l_2p0:material_type="d2ldiscussion" d2l_2p0:link_target="" href="discussion_d2l_1.xml" title="" />
        <resource identifier="res_discuss_2" type="webcontent" d2l_2p0:material_type="d2ldiscussion" d2l_2p0:link_target="" href="discussion_d2l_2.xml" title="" />
        <resource identifier="res_discuss_3" type="webcontent" d2l_2p0:material_type="d2ldiscussion" d2l_2p0:link_target="" href="discussion_d2l_3.xml" title="" />
        <resource identifier="res_discuss_4" type="webcontent" d2l_2p0:material_type="d2ldiscussion" d2l_2p0:link_target="" href="discussion_d2l_4.xml" title="" />
        <resource identifier="res_discuss_5" type="webcontent" d2l_2p0:material_type="d2ldiscussion" d2l_2p0:link_target="" href="discussion_d2l_5.xml" title="" />
        <resource identifier="res_discuss_6" type="webcontent" d2l_2p0:material_type="d2ldiscussion" d2l_2p0:link_target="" href="discussion_d2l_6.xml" title="" />
        <resource identifier="res_discuss_7" type="webcontent" d2l_2p0:material_type="d2ldiscussion" d2l_2p0:link_target="" href="discussion_d2l_7.xml" title="" />
        <resource identifier="res_news" type="webcontent" d2l_2p0:material_type="d2lnews" d2l_2p0:link_target="" href="news_d2l.xml" title="" />
        <resource identifier="res_dropbox" type="webcontent" d2l_2p0:material_type="d2ldropbox" d2l_2p0:link_target="" href="dropbox_d2l.xml" title="" />
        <resource identifier="res_glossary" type="webcontent" d2l_2p0:material_type="d2lglossary" d2l_2p0:link_target="" href="glossary_d2l.xml" title="" />
        <resource identifier="res_links" type="webcontent" d2l_2p0:material_type="d2llinks" d2l_2p0:link_target="" href="links_d2l.xml" title="" />
        <resource identifier="res_survey_26699" type="webcontent" d2l_2p0:material_type="d2lsurvey" d2l_2p0:link_target="" href="survey_d2l_26699.xml" title="Group 1 Weekly feedback form" />
        <resource identifier="res_survey_26606" type="webcontent" d2l_2p0:material_type="d2lsurvey" d2l_2p0:link_target="" href="survey_d2l_26606.xml" title="Group 1 Online Interactive Session Poll" />
        <resource identifier="res_survey_26697" type="webcontent" d2l_2p0:material_type="d2lsurvey" d2l_2p0:link_target="" href="survey_d2l_26697.xml" title="Group 1 Online New Weekly Chat Session Poll" />
        <resource identifier="res_survey_27368" type="webcontent" d2l_2p0:material_type="d2lsurvey" d2l_2p0:link_target="" href="survey_d2l_27368.xml" title="Group 1 Online Coursework selection" />
        <resource identifier="res_survey_27517" type="webcontent" d2l_2p0:material_type="d2lsurvey" d2l_2p0:link_target="" href="survey_d2l_27517.xml" title="Group 1 Quick End of term feedback survey" />
        <resource identifier="res_chklist" type="webcontent" d2l_2p0:material_type="d2lchecklist" d2l_2p0:link_target="" href="checklist_d2l.xml" title="" />
        <resource identifier="res_faq" type="webcontent" d2l_2p0:material_type="d2lfaq" d2l_2p0:link_target="" href="faq_d2l.xml" title="" />
        <resource identifier="res_schedule" type="webcontent" d2l_2p0:material_type="d2lschedule" d2l_2p0:link_target="" href="schedule_d2l.xml" title="" />
        <resource identifier="RES_LTI_CONTENT_875" type="webcontent" d2l_2p0:material_type="imsbasiclti_xmlv1p0" d2l_2p0:link_target="" href="basic_lti_link_875.xml" title="" />
        <resource identifier="RES_LTI_CONTENT_901" type="webcontent" d2l_2p0:material_type="imsbasiclti_xmlv1p0" d2l_2p0:link_target="" href="basic_lti_link_901.xml" title="" />
        <resource identifier="RES_LTI_CONTENT_899" type="webcontent" d2l_2p0:material_type="imsbasiclti_xmlv1p0" d2l_2p0:link_target="" href="basic_lti_link_899.xml" title="" />
        <resource identifier="res_grades" type="webcontent" d2l_2p0:material_type="d2lgrades" d2l_2p0:link_target="" href="grades_d2l.xml" title="" />
        <resource identifier="res_courseimage" type="webcontent" d2l_2p0:material_type="d2lcourseimage" d2l_2p0:link_target="" href="courseimage_d2l.xml" title="" />
    </resources>
</manifest>