﻿<externallinks><link_category id="191" sort_order="1" is_public="False"><name>Software design</name><description text_type="text/html">&lt;p&gt;Software design module&lt;/p&gt;</description><links><link id="192"><title>Week 1 WAP</title><description text_type="text/html" /><url>https://drive.google.com/file/d/1U6CDmSwoNS1xeMQVkaxovKnK6d4ek5ao/view?usp=sharing</url><sort_order>1</sort_order><launch_new_window>True</launch_new_window></link><link id="193"><title>2020 Semster 2 - Timetable</title><description text_type="text/html" /><url>https://drive.google.com/open?id=1rlP4WUuNSKEPA9OIGS2F9SQp4XAxBgeT</url><sort_order>2</sort_order><launch_new_window>True</launch_new_window></link><link id="194"><title>Complex number notes</title><description text_type="text/html" /><url>https://brightspace.hud.ac.uk/d2l/common/viewFile.d2lfile/Content/L2NvbnRlbnQvZW5mb3JjZWQvODMyMzQtWFBYMTA0MS0xOTIwL0NvbXBsZXggTnVtYmVycyAtIE5vdGVzLnBkZg/Complex%20Numbers%20-%20Notes.pdf?ou=83234</url><sort_order>3</sort_order><launch_new_window>True</launch_new_window></link></links></link_category></externallinks>