﻿<news><item id="157"><headline>Week 1 Announcements</headline><content text_type="text/html">&lt;h4 dir="ltr"&gt;Online Interactive Mode&lt;/h4&gt;
&lt;p dir="ltr"&gt;If you are taking this module online, this means that you are expected to use this Brightspace portal a lot more intensely than you would have otherwise done.&amp;nbsp; As such, weekly expectations will be put on the announcement board of your bright space. Please note that every week will have at least one main topic. There could be more than one major topic and for each major topic, there will be at least one of the following content which you will be expected to go through and complete all the associated tasks.&amp;nbsp; The following content is what is expected of you.&lt;/p&gt;
&lt;ol&gt;
&lt;li dir="ltr" style="list-style-type: decimal;"&gt;
&lt;p dir="ltr"&gt;Attendance of the one hour live/chat session per week&lt;/p&gt;
&lt;/li&gt;
&lt;li dir="ltr" style="list-style-type: decimal;"&gt;
&lt;p dir="ltr"&gt;Read through all the announcements for the week&lt;/p&gt;
&lt;/li&gt;
&lt;li dir="ltr" style="list-style-type: decimal;"&gt;
&lt;p dir="ltr"&gt;Read through the group targeted announcements for the week&lt;/p&gt;
&lt;/li&gt;
&lt;li dir="ltr" style="list-style-type: decimal;"&gt;
&lt;p dir="ltr"&gt;Read through the objectives for the week&lt;/p&gt;
&lt;/li&gt;
&lt;li dir="ltr" style="list-style-type: decimal;"&gt;
&lt;p dir="ltr"&gt;Read through the words to learn section&lt;/p&gt;
&lt;/li&gt;
&lt;li dir="ltr" style="list-style-type: decimal;"&gt;
&lt;p dir="ltr"&gt;Read through the lecture slides&lt;/p&gt;
&lt;/li&gt;
&lt;li dir="ltr" style="list-style-type: decimal;"&gt;
&lt;p dir="ltr"&gt;Follow through the major topics for the week which would have&lt;/p&gt;
&lt;ol&gt;
&lt;li dir="ltr" style="list-style-type: lower-alpha;"&gt;
&lt;p dir="ltr"&gt;Video presentations&lt;/p&gt;
&lt;/li&gt;
&lt;li dir="ltr" style="list-style-type: lower-alpha;"&gt;
&lt;p dir="ltr"&gt;Youtube videos&lt;/p&gt;
&lt;/li&gt;
&lt;li dir="ltr" style="list-style-type: lower-alpha;"&gt;
&lt;p dir="ltr"&gt;A Forum or Group forum activity&lt;/p&gt;
&lt;/li&gt;
&lt;li dir="ltr" style="list-style-type: lower-alpha;"&gt;
&lt;p dir="ltr"&gt;Formative (non-graded quiz)&lt;/p&gt;
&lt;/li&gt;
&lt;li dir="ltr" style="list-style-type: lower-alpha;"&gt;
&lt;p dir="ltr"&gt;Summative (graded) quiz&lt;/p&gt;
&lt;/li&gt;
&lt;li dir="ltr" style="list-style-type: lower-alpha;"&gt;
&lt;p dir="ltr"&gt;Weekly Graded logbook-portfolio assignment&lt;/p&gt;
&lt;/li&gt;
&lt;/ol&gt;
&lt;/li&gt;
&lt;/ol&gt;
&lt;p dir="ltr"&gt;Please note that the forum and group activities will also be graded towards your overall final assessment.&amp;nbsp; I trust that you will find the online experience a fun-filled one.&lt;/p&gt;
&lt;p&gt;&lt;/p&gt;</content><show_date_posted>True</show_date_posted><is_global>False</is_global><is_draft>False</is_draft><only_show_in_course>False</only_show_in_course><sort_order>0</sort_order><date_start>2020-03-22T09:29:00</date_start></item><item id="158"><headline>Week 1 Assessments</headline><content text_type="text/html">&lt;p&gt;Please find eight (8) week-1 assessments in the assessment section and also in relevant sections of the Learning content.&lt;/p&gt;
&lt;p&gt;We hope that you will engage with all the learning content and assessments which have been prepared in the form of quizzes, forum discussions and exercises.&amp;nbsp; In addition, we hope you enjoy the content that has been specially adapted for you and optimised for online learning.&lt;/p&gt;
&lt;p&gt;Note that all the assessments are graded including the discussions.&amp;nbsp; Moreover, the discussions are weighted based on how quickly you contribute to a&amp;nbsp; topic.&amp;nbsp; This means that very late submissions may not receive any/minimal marks.&lt;/p&gt;
&lt;p&gt;There is a non-graded, general discussion topic every week for any general queries or questions regarding anything about the course and especially the content and concepts covered in week one.&amp;nbsp; You can also reach me via email and through the interactive weekly chat sessions. ISC staff are always available for you to reach us for any concerns.&amp;nbsp; I look forward to your questions and feedback. Thank you.&lt;/p&gt;</content><show_date_posted>True</show_date_posted><is_global>False</is_global><is_draft>False</is_draft><only_show_in_course>False</only_show_in_course><sort_order>0</sort_order><date_start>2020-03-30T00:00:00</date_start></item><item id="159"><headline>Group 1 - Online Learning</headline><content text_type="text/html">&lt;table summary="List of announcements"&gt;
&lt;tbody&gt;
&lt;tr&gt;
&lt;td colspan="4"&gt;
&lt;div&gt;
&lt;p&gt;&lt;br /&gt;Hello, Group 1,&lt;/p&gt;
&lt;p&gt;As you are all aware, we will no longer have class/laboratory sessions. Our learning for the module will now take an online learning format. For this module, I will update the Brightspace with the necessary learning materials in the form of videos, narrated lecture slides, links to an external resource, chat and discussions.&amp;nbsp; &amp;nbsp;Click the link below to schedule your weekly interactive session with your tutor.&lt;a rel="noopener" href="https://brightspace.hud.ac.uk/d2l/common/dialogs/quickLink/quickLink.d2l?ou=83153&amp;amp;type=survey&amp;amp;rCode=huddersfield-330681" target="_self"&gt;&lt;/a&gt;&lt;/p&gt;
&lt;p&gt;&lt;a rel="noopener" href="/d2l/common/dialogs/quickLink/quickLink.d2l?ou={orgUnitId}&amp;amp;type=survey&amp;amp;rCode=huddersfield-331782" target="_self"&gt;Group 1 Online Interactive Session Poll&lt;/a&gt;&lt;/p&gt;
&lt;p&gt;Note: ISC staff are always available for you and you can email me at&amp;nbsp;&lt;a rel="noopener" href="mailto:john.alamina@hud.ac.uk"&gt;john.alamina@hud.ac.uk&lt;/a&gt;.&amp;nbsp; Thank you and I look forward to engaging with you online.&lt;/p&gt;
&lt;/div&gt;
&lt;/td&gt;
&lt;/tr&gt;
&lt;/tbody&gt;
&lt;/table&gt;</content><show_date_posted>True</show_date_posted><is_global>False</is_global><is_draft>False</is_draft><only_show_in_course>False</only_show_in_course><sort_order>0</sort_order><date_start>2020-03-27T19:18:00</date_start></item><item id="160"><headline>Software Design Online Chat Session</headline><content text_type="text/html">&lt;p&gt;Hello {Firstname},&lt;/p&gt;
&lt;p&gt;Your first weekly chat session for the Software Design Module holds on Wednesday 1st April, 2020 at 11:15 am.&amp;nbsp; In this 2 hour session, we will answer any questions that you have and give further information for your weekly assignments and quizzes.&amp;nbsp; If you have any question based on the module or materials on Brightspace at any time before or after the weekly chats, then, you can ask in the general discussion thread (link given below).&lt;/p&gt;
&lt;p&gt;&lt;a rel="noopener" href="/d2l/common/dialogs/quickLink/quickLink.d2l?ou={orgUnitId}&amp;amp;type=discuss&amp;amp;rcode=huddersfield-329630" target="_self"&gt;Week 1: General Thread&lt;/a&gt;&lt;/p&gt;
&lt;p&gt;Chat etiquettes&lt;/p&gt;
&lt;ul&gt;
&lt;li&gt;Be polite and speak in English always&lt;/li&gt;
&lt;li&gt;Choose your chat alias colour&lt;/li&gt;
&lt;li&gt;Always exit the chat at the end of the session&lt;/li&gt;
&lt;li&gt;Stay on topic as chat sessions are being logged&lt;/li&gt;
&lt;/ul&gt;
&lt;p&gt;You can enter the chat &lt;a rel="noopener" href="/d2l/common/dialogs/quickLink/quickLink.d2l?ou={orgUnitId}&amp;amp;type=chat&amp;amp;rcode=huddersfield-332699" target="_self"&gt;here&lt;/a&gt;.&lt;/p&gt;</content><show_date_posted>True</show_date_posted><is_global>False</is_global><is_draft>False</is_draft><only_show_in_course>False</only_show_in_course><sort_order>0</sort_order><date_start>2020-03-31T09:51:00</date_start></item><item id="161"><headline>Week 1 Chat FAQ, Datatypes Quiz and Logbook resources</headline><content text_type="text/html">&lt;p&gt;Hello {Firstname},&lt;/p&gt;
&lt;p&gt;&lt;strong&gt;At the end of our first chat session,&amp;nbsp; I have compiled the answers to your questions as an &lt;a href="https://brightspace.hud.ac.uk/d2l/lms/faq/view_faq.d2l?ou=83234" target="_blank" rel="noopener"&gt;FAQ&lt;/a&gt;.&amp;nbsp; Also, kindly use the links below to complete the feedback form for week 1 and to select a new interactive session schedule. Please note that your classes will continue during the Easter break for only the software design module.&lt;/strong&gt;&lt;/p&gt;
&lt;p&gt;&lt;strong&gt;&lt;a rel="noopener" href="https://brightspace.hud.ac.uk/d2l/common/dialogs/quickLink/quickLink.d2l?ou=83234&amp;amp;type=survey&amp;amp;rCode=huddersfield-333901" target="_self"&gt;Group 1 Weekly feedback form&lt;/a&gt;&lt;/strong&gt;&lt;/p&gt;
&lt;p&gt;&lt;strong&gt;&lt;a rel="noopener" href="https://brightspace.hud.ac.uk/d2l/common/dialogs/quickLink/quickLink.d2l?ou=83234&amp;amp;type=survey&amp;amp;rCode=huddersfield-333902" target="_self"&gt;Group 1 Online New Weekly Chat Session Poll&lt;/a&gt;&lt;/strong&gt;&lt;/p&gt;
&lt;p dir="ltr"&gt;**&lt;strong&gt;Important&lt;/strong&gt;**.&lt;/p&gt;
&lt;ol&gt;
&lt;li dir="ltr"&gt;I have regraded &lt;a href="/d2l/common/dialogs/quickLink/quickLink.d2l?ou={orgUnitId}&amp;amp;type=quiz&amp;amp;rcode=huddersfield-327897" target="_self"&gt;Week 1 - Datatypes Quiz Question&lt;/a&gt;. &amp;nbsp;Apart from Tuba, &amp;nbsp;If you have taken this quiz before, my apologies. Please, do take it again, as I have reset your score for this quiz so you can get a better score.&amp;nbsp;&amp;nbsp;&lt;/li&gt;
&lt;li dir="ltr"&gt;Please check out the week 1 portfolio assignment&amp;nbsp;&lt;a rel="noopener" href="https://brightspace.hud.ac.uk/d2l/common/dialogs/quickLink/quickLink.d2l?ou=83234&amp;amp;type=discuss&amp;amp;rcode=huddersfield-329630" target="_self"&gt;screencast&lt;/a&gt; &lt;a href="/d2l/common/dialogs/quickLink/quickLink.d2l?ou={orgUnitId}&amp;amp;type=content&amp;amp;rcode=huddersfield-333921" target="_self"&gt;here&lt;/a&gt;.&lt;/li&gt;
&lt;li dir="ltr"&gt;I have also replaced the assignments page with a check list. &amp;nbsp;Do check off the assignments you have completed and I will monitor it.&lt;/li&gt;
&lt;/ol&gt;
&lt;p&gt;For any further assistance, you can reach me on the week 1&amp;nbsp;&lt;a href="/d2l/common/dialogs/quickLink/quickLink.d2l?ou={orgUnitId}&amp;amp;type=discuss&amp;amp;rcode=huddersfield-329630" target="_self"&gt;general forums&lt;/a&gt; or brightspace instant messaging.&lt;/p&gt;</content><show_date_posted>True</show_date_posted><is_global>False</is_global><is_draft>False</is_draft><only_show_in_course>False</only_show_in_course><sort_order>0</sort_order><date_start>2020-04-04T11:40:00</date_start></item><item id="162"><headline>Weekly Online Chat Session</headline><content text_type="text/html">&lt;p&gt;Hello {Firstname},&lt;/p&gt;
&lt;p&gt;From popular opinion our weekly online chat session now holds on Wednesdays 14:00 - 16:00. &amp;nbsp; In this week's session we will be looking at some of our previous discussion assignments and knowledge gaps in object oriented programming as well as introducing use-case modelling.&lt;/p&gt;
&lt;p&gt;For any further assistance, you can reach me on the week 1 &lt;a href="/d2l/common/dialogs/quickLink/quickLink.d2l?ou={orgUnitId}&amp;amp;type=discuss&amp;amp;rcode=huddersfield-329630" target="_self"&gt;general forums&lt;/a&gt;&amp;nbsp;or Brightspace instant messaging.&lt;/p&gt;
&lt;p&gt;See you on Wednesday.&lt;/p&gt;</content><show_date_posted>True</show_date_posted><is_global>False</is_global><is_draft>False</is_draft><only_show_in_course>False</only_show_in_course><sort_order>0</sort_order><date_start>2020-04-07T06:04:00</date_start></item><item id="163"><headline>Week 2 Chat Session</headline><content text_type="text/html">&lt;p&gt;Hello {Firstname},&lt;/p&gt;
&lt;p&gt;This is a gentle reminder.&amp;nbsp; In preparation for your weekly chat session tomorrow, do peruse the &lt;a href="https://videohud.cloud.panopto.eu/Panopto/Pages/Viewer.aspx?id=71382c7f-2883-483d-b378-ab960061f9fa" target="_blank" rel="noopener"&gt;use-case screencast&lt;/a&gt;.&amp;nbsp;In this week's session, we will be looking at some of our previous discussion assignments and knowledge gaps in object-oriented programming as well as introducing use-case modelling.&lt;/p&gt;
&lt;p&gt;If you haven't yet filled in the feedback forms, you can get it &lt;a href="/d2l/common/dialogs/quickLink/quickLink.d2l?ou={orgUnitId}&amp;amp;type=survey&amp;amp;rCode=huddersfield-333901" target="_self"&gt;here&lt;/a&gt;.&lt;/p&gt;
&lt;p&gt;For any further assistance, you can reach me on the week 1&amp;nbsp;&lt;a rel="noopener" href="https://brightspace.hud.ac.uk/d2l/common/dialogs/quickLink/quickLink.d2l?ou=83234&amp;amp;type=discuss&amp;amp;rcode=huddersfield-329630" target="_self"&gt;general forums&lt;/a&gt;&amp;nbsp;or brightspace instant messaging.&lt;/p&gt;
&lt;p&gt;Chat etiquettes&lt;/p&gt;
&lt;ul style="list-style-type: disc;"&gt;
&lt;li&gt;Be polite and speak in English always&lt;/li&gt;
&lt;li&gt;Choose your chat alias colour&lt;/li&gt;
&lt;li&gt;Always exit the chat at the end of the session&lt;/li&gt;
&lt;li&gt;Stay on topic as chat sessions are being logged&lt;/li&gt;
&lt;/ul&gt;
&lt;p&gt;You can enter the chat&amp;nbsp;&lt;a rel="noopener" href="https://brightspace.hud.ac.uk/d2l/common/dialogs/quickLink/quickLink.d2l?ou=83234&amp;amp;type=chat&amp;amp;rcode=huddersfield-332699" target="_self"&gt;here&lt;/a&gt;.&amp;nbsp; See you in class.&lt;/p&gt;</content><show_date_posted>True</show_date_posted><is_global>False</is_global><is_draft>False</is_draft><only_show_in_course>False</only_show_in_course><sort_order>0</sort_order><date_start>2020-04-07T15:57:00</date_start></item><item id="164"><headline>Week 2 Assignments</headline><content text_type="text/html">&lt;p&gt;Hello {Firstname},&lt;/p&gt;
&lt;p&gt;Kindly complete all your tasks for Week 2 in the &lt;a href="https://brightspace.hud.ac.uk/d2l/le/content/83234/viewContent/533224/View" target="_self"&gt;checklist&lt;/a&gt;&amp;nbsp;and submit by 3rd May 2020.&lt;/p&gt;
&lt;p&gt;For those yet to complete the feedback form, please do so &lt;a href="/d2l/common/dialogs/quickLink/quickLink.d2l?ou={orgUnitId}&amp;amp;type=survey&amp;amp;rCode=huddersfield-333901" target="_self"&gt;here&lt;/a&gt;.&lt;/p&gt;
&lt;p&gt;&lt;a href="https://brightspace.hud.ac.uk/d2l/le/content/83234/Home" target="_blank" rel="noopener"&gt;Week 2 &lt;/a&gt;materials are available for study.&amp;nbsp; If you have any questions, please use the discussion forums/Brightspace messaging.&amp;nbsp; Regarding a question in the last chat session on enumerations.&amp;nbsp; I will look into getting some practical examples to help explain some more.&amp;nbsp; An enumeration is a shortcut for constant numeric variables which make our code less cryptic and more readable.&amp;nbsp; More on this later in class.&amp;nbsp; Do look up enumerations examples online.&lt;/p&gt;
&lt;p&gt;Enjoy the week 2 contents.&amp;nbsp; I noticed that a lot of answers to the questions being asked are already in the screencasts, videos and resources on Brightspace.&amp;nbsp; Do your homework and study the materials and you will see that asking the same question in class/boards, you will be teaching me and your colleagues what you have put together from the materials.&amp;nbsp; A lot of effort has been put into the materials. Do take advantage of them and good luck!&amp;nbsp;&lt;/p&gt;
&lt;p&gt;&lt;/p&gt;</content><show_date_posted>True</show_date_posted><is_global>False</is_global><is_draft>False</is_draft><only_show_in_course>False</only_show_in_course><sort_order>0</sort_order><date_start>2020-04-09T12:53:00</date_start></item><item id="165"><headline>Zoom sessions Start Today</headline><content text_type="text/html">&lt;p&gt;Dear {Firstname},&lt;/p&gt;
&lt;p&gt;The weekly chat sessions are now going to be using zoom.&amp;nbsp; The details for all the classes including today's session is as follows:&lt;/p&gt;
&lt;p&gt;&lt;a href="https://hudac.zoom.us/j/91825248725"&gt;https://hudac.zoom.us/j/91825248725&lt;/a&gt;&lt;/p&gt;
&lt;p&gt;The time remains at 2 pm. I will see you then.&lt;/p&gt;
&lt;p&gt;Kind regards,&lt;/p&gt;
&lt;p&gt;John&lt;/p&gt;</content><show_date_posted>True</show_date_posted><is_global>False</is_global><is_draft>False</is_draft><only_show_in_course>False</only_show_in_course><sort_order>0</sort_order><date_start>2020-04-15T11:26:00</date_start></item><item id="166"><headline>Zoom Drop in sessions start today</headline><content text_type="text/html">&lt;p&gt;Dear {Firstname},&lt;/p&gt;
&lt;p&gt;The weekly drop-in zoom sessions starts now.&amp;nbsp; The details for all the classes including today's session is as follows:&lt;/p&gt;
&lt;p&gt;&lt;a rel="noopener" href="https://hudac.zoom.us/j/91825248725"&gt;https://hudac.zoom.us/j/91825248725&lt;/a&gt;&lt;/p&gt;
&lt;p&gt;The time from 11.15a.m to 1:15 pm. I will see you then.&lt;/p&gt;
&lt;p&gt;Kind regards,&lt;/p&gt;
&lt;p&gt;John&lt;/p&gt;</content><show_date_posted>True</show_date_posted><is_global>False</is_global><is_draft>False</is_draft><only_show_in_course>False</only_show_in_course><sort_order>0</sort_order><date_start>2020-04-23T11:14:00</date_start></item><item id="167"><headline>Week 3 Assignments</headline><content text_type="text/html">&lt;p&gt;Hello {Firstname},&lt;/p&gt;
&lt;p&gt;Kindly complete all your tasks for Week 3 in the &lt;a href="/d2l/common/dialogs/quickLink/quickLink.d2l?ou={orgUnitId}&amp;amp;type=checklist&amp;amp;rcode=huddersfield-333465" target="_self"&gt;checklist&lt;/a&gt;&amp;nbsp;and submit by 11 May 2020.&lt;/p&gt;
&lt;p&gt;Enjoy the Brightspace materials now online for Week 3.&lt;/p&gt;
&lt;p&gt;&lt;/p&gt;</content><show_date_posted>True</show_date_posted><is_global>False</is_global><is_draft>False</is_draft><only_show_in_course>False</only_show_in_course><sort_order>0</sort_order><date_start>2020-04-23T21:07:00</date_start></item><item id="168"><headline>Point2D Class session contd.</headline><content text_type="text/html">&lt;p&gt;Hello {Firstname},&lt;/p&gt;
&lt;p&gt;Please have your Point2D class ready for today's session as we will be continuing from where we stopped last time.&lt;/p&gt;
&lt;p&gt;See you online.&lt;/p&gt;
&lt;p&gt;&lt;/p&gt;</content><show_date_posted>True</show_date_posted><is_global>False</is_global><is_draft>False</is_draft><only_show_in_course>False</only_show_in_course><sort_order>0</sort_order><date_start>2020-04-29T13:58:00</date_start></item><item id="169"><headline>Course cheat sheet</headline><content text_type="text/html">&lt;p&gt;Hello {Firstname},&lt;/p&gt;
&lt;p&gt;Please find links to the C++ and UML cheat sheet below.&lt;/p&gt;
&lt;ul&gt;
&lt;li&gt;&lt;a href="/d2l/common/dialogs/quickLink/quickLink.d2l?ou={orgUnitId}&amp;amp;type=content&amp;amp;rcode=huddersfield-341700" target="_self"&gt;Online C++ Cheat Sheet (JA)&lt;/a&gt;&lt;/li&gt;
&lt;li&gt;&lt;a href="/d2l/common/dialogs/quickLink/quickLink.d2l?ou={orgUnitId}&amp;amp;type=content&amp;amp;rcode=huddersfield-341707" target="_self"&gt;Online UML Cheatsheet (JA)&lt;/a&gt;&lt;/li&gt;
&lt;/ul&gt;
&lt;p&gt;Note that we will have a mid-semester formative exam next week (Thur 7.5.2020 11:15am). Study the following aspects of the above:&lt;/p&gt;
&lt;ol&gt;
&lt;li&gt;Object-Oriented C++ programming&lt;/li&gt;
&lt;li&gt;Classes&lt;/li&gt;
&lt;li&gt;Constructors&lt;/li&gt;
&lt;li&gt;Abstraction&lt;/li&gt;
&lt;li&gt;Polymorphism&lt;/li&gt;
&lt;li&gt;Inheritance&lt;/li&gt;
&lt;li&gt;Class diagrams&lt;/li&gt;
&lt;li&gt;Use-case diagrams&lt;/li&gt;
&lt;li&gt;Activity diagrams&lt;/li&gt;
&lt;li&gt;Sequence diagrams&lt;/li&gt;
&lt;/ol&gt;
&lt;p&gt;Also please find the &lt;a href="/d2l/common/dialogs/quickLink/quickLink.d2l?ou={orgUnitId}&amp;amp;type=content&amp;amp;rcode=huddersfield-341711" target="_self"&gt;Point2D programming resources&lt;/a&gt; for your use in tomorrow's class.&amp;nbsp; Please study the &lt;a href="/d2l/common/dialogs/quickLink/quickLink.d2l?ou={orgUnitId}&amp;amp;type=content&amp;amp;rcode=huddersfield-328121" target="_self"&gt;OOP section of week 1 &lt;/a&gt;in preparation for tomorrow's class and the mid-semester exam (7/5/2020).&lt;/p&gt;
&lt;p&gt;As a road-map to getting the best out of this course, I'll recap the main highlights.&amp;nbsp; Attend the zoom sessions and drop-ins. Do your possible best to go through ALL screencasts, attempt the ALL quizzes and discussions, if the quizzes are difficult, go through screencasts again and other materials provided.&amp;nbsp; If these are still not successful prepare your questions for the next session or contact me through Brightspace/email.&lt;/p&gt;
&lt;p&gt;As a quick guide.&amp;nbsp; Get very conversant with the Point2D class as concepts here will help you understand the week 1.&amp;nbsp; If you complete week 1 successfully, then you will be able to finish the rest of the course by doing what is prescribed above.&amp;nbsp; The ncurses aspect is integral to topics in weeks 3-6 as well as in your final course-work so also study it very well.&amp;nbsp; If you have any questions let me know.&amp;nbsp; All the best and enjoy software design.&lt;/p&gt;</content><show_date_posted>True</show_date_posted><is_global>False</is_global><is_draft>False</is_draft><only_show_in_course>False</only_show_in_course><sort_order>0</sort_order><date_start>2020-04-29T19:01:00</date_start></item><item id="170"><headline>Reduced Week 4 Tasks </headline><content text_type="text/html">&lt;p&gt;Hello {Firstname},&lt;/p&gt;
&lt;p&gt;Kindly complete all your tasks for Week 3 &amp;amp; 4 in the&amp;nbsp;&lt;a rel="noopener" href="https://brightspace.hud.ac.uk/d2l/common/dialogs/quickLink/quickLink.d2l?ou=83234&amp;amp;type=checklist&amp;amp;rcode=huddersfield-333465" target="_self"&gt;checklist&lt;/a&gt;&amp;nbsp;and submit by 18 May 2020.&amp;nbsp; The&amp;nbsp;Point&lt;a rel="noopener" href="/d2l/common/dialogs/quickLink/quickLink.d2l?ou={orgUnitId}&amp;amp;type=discuss&amp;amp;rcode=huddersfield-342444" target="_self"&gt;2d class discussion&lt;/a&gt; in week 4 is an assignment for this week.&amp;nbsp; Please complete it by Monday, 4th May 2020.&lt;/p&gt;
&lt;p&gt;Enjoy the Brightspace materials now online for Week 4.&amp;nbsp; Please note that due to the mid-semester exam next week, the submission deadlines have been shifted as follows:&lt;/p&gt;
&lt;ul&gt;
&lt;li&gt;Week 1 - Sunday 3rd May 2020&lt;/li&gt;
&lt;li&gt;Week 2 - Sunday 10th May 2020&lt;/li&gt;
&lt;li&gt;Week 3 &amp;amp; 4 - Sunday 17th May 2020&lt;/li&gt;
&lt;li&gt;Week 5 - Sunday 24th May 2020&lt;/li&gt;
&lt;li&gt;Mini-project course work - Sunday 6th June 2020&lt;/li&gt;
&lt;/ul&gt;
&lt;p&gt;In order to reduce the workload of this module, I have also removed 2/3rds the workload for week 4 and a half of the workload for week 5.&amp;nbsp; They are, however, no less trivial, so please put in the necessary time and effort required to complete these. Information covered in Brightspace for lecture-slides in week 4 start from slide 7.&amp;nbsp; Previous pages from 1-6 are only for your personal study.&lt;/p&gt;
&lt;p&gt;We shall discuss the course work during our next zoom session.&lt;/p&gt;
&lt;p&gt;You can reach me through any of the regular channels for clarification or any other question.&lt;/p&gt;</content><show_date_posted>True</show_date_posted><is_global>False</is_global><is_draft>False</is_draft><only_show_in_course>False</only_show_in_course><sort_order>0</sort_order><date_start>2020-05-01T10:07:00</date_start></item><item id="171"><headline>Week one tasks due today. Mid sem exam in view.</headline><content text_type="text/html">&lt;p&gt;Hello {Firstname},&lt;/p&gt;
&lt;p&gt;This is a gentle reminder that today is the last day to submit week 1 tasks as long as you have access to Brightspace.&amp;nbsp; Week one is the key to the rest of this module. As such, if you are having problems running any of the programs made available to you on Brightspace.&amp;nbsp; I am available to go through this with you or if you are having problems getting your complex program to run successfully, I am happy to crosscheck your program. Also, if you are not yet at this stage and finding week one unclear, please, send me a message on Brightspace instant message or email (&lt;a rel="noopener" href="mailto:john.alamina@hud.ac.uk"&gt;john.alamina@hud.ac.uk&lt;/a&gt;).&amp;nbsp;&lt;/p&gt;
&lt;p&gt;Now, in view of the mid-semester exam on &lt;strong&gt;Thursday 7.5.2020&lt;/strong&gt;, please, keep the questions pouring in on the general discussion board of week 1 or any other channel available to you.&amp;nbsp; I have put one question your classmate has asked on destructors t&lt;a rel="noopener" href="/d2l/common/dialogs/quickLink/quickLink.d2l?ou={orgUnitId}&amp;amp;type=discuss&amp;amp;rcode=huddersfield-329630" target="_self"&gt;here&lt;/a&gt;.&amp;nbsp; You can also use the discussions to get ideas on how to go about your work.&amp;nbsp; It's all towards speeding up your learning.&amp;nbsp; Use it extensively.&lt;/p&gt;
&lt;p&gt;Enjoy software design!&amp;nbsp;&lt;/p&gt;</content><show_date_posted>True</show_date_posted><is_global>False</is_global><is_draft>False</is_draft><only_show_in_course>False</only_show_in_course><sort_order>0</sort_order><date_start>2020-05-03T07:34:00</date_start></item><item id="172"><headline>Group 1 Course work selection </headline><content text_type="text/html">&lt;p&gt;Hello {Firstname},&lt;/p&gt;
&lt;p&gt;You are required to fill the course work selection form &lt;a href="/d2l/common/dialogs/quickLink/quickLink.d2l?ou={orgUnitId}&amp;amp;type=survey&amp;amp;rCode=huddersfield-344793" target="_self"&gt;here&lt;/a&gt; before the class this morning and start work on your course work to be submitted by June 5, 2020.&lt;/p&gt;
&lt;p&gt;Thank you and good luck!&lt;/p&gt;</content><show_date_posted>True</show_date_posted><is_global>False</is_global><is_draft>False</is_draft><only_show_in_course>False</only_show_in_course><sort_order>0</sort_order><date_start>2020-05-07T07:26:00</date_start></item><item id="173"><headline>Software Design 2020 coursework brief</headline><content text_type="text/html">&lt;p&gt;Hello {Firstname},&lt;/p&gt;
&lt;p&gt;The coursework brief for software design can be found &lt;a rel="noopener" href="/d2l/common/dialogs/quickLink/quickLink.d2l?ou={orgUnitId}&amp;amp;type=content&amp;amp;rcode=huddersfield-345085" target="_self"&gt;here&lt;/a&gt;.&lt;/p&gt;
&lt;p&gt;Please do not hesitate to contact me for any further clarification.&lt;/p&gt;
&lt;p&gt;Thank you and goodluck!&lt;/p&gt;</content><show_date_posted>True</show_date_posted><is_global>False</is_global><is_draft>False</is_draft><only_show_in_course>False</only_show_in_course><sort_order>0</sort_order><date_start>2020-05-07T17:58:00</date_start></item><item id="174"><headline>Optional Week 5 Tasks</headline><content text_type="text/html">&lt;p&gt;Kindly find optional tasks for Week 5 in the&amp;nbsp;&lt;a rel="noopener" href="https://brightspace.hud.ac.uk/d2l/common/dialogs/quickLink/quickLink.d2l?ou=83234&amp;amp;type=checklist&amp;amp;rcode=huddersfield-333465" target="_self"&gt;checklist&lt;/a&gt;&amp;nbsp;section.&amp;nbsp; Calendar reminders to submit by 25 May 2020 will be sent as usual. Consider this as a reminder should you choose to challenge yourself with these tasks. Only do these if you have completed all the tasks for weeks one to four and you have completed your course work.&amp;nbsp; Do however go through the materials as they will be useful for your course work.&amp;nbsp; Also, please complete the &lt;a href="/d2l/common/dialogs/quickLink/quickLink.d2l?ou={orgUnitId}&amp;amp;type=discuss&amp;amp;rcode=huddersfield-344944" target="_self"&gt;discussion task&lt;/a&gt;&amp;nbsp;for this week to submit by Monday 11.05.2020.&lt;/p&gt;
&lt;p&gt;Enjoy week 5 materials now available for study.&amp;nbsp; Note that this is the last set of online learning resources with any weekly summative/formative tasks.&amp;nbsp; We may, however, still have a few graded discussion tasks or formative quizzes arising from the zoom sessions.&lt;/p&gt;
&lt;p&gt;For any questions, you can reach me via the &lt;a href="/d2l/common/dialogs/quickLink/quickLink.d2l?ou={orgUnitId}&amp;amp;type=discuss&amp;amp;rcode=huddersfield-329630" target="_self"&gt;Week 1 general discussion&lt;/a&gt;, Brightspace instant message or by email.&lt;/p&gt;</content><show_date_posted>True</show_date_posted><is_global>False</is_global><is_draft>False</is_draft><only_show_in_course>False</only_show_in_course><sort_order>0</sort_order><date_start>2020-05-08T12:59:00</date_start></item><item id="175"><headline>WEEK 6 Content</headline><content text_type="text/html">&lt;p&gt;You can now access &lt;a href="/d2l/common/dialogs/quickLink/quickLink.d2l?ou={orgUnitId}&amp;amp;type=content&amp;amp;rcode=huddersfield-347094" target="_self"&gt;week 6 content&lt;/a&gt; having part one of the course work resources.&lt;/p&gt;</content><show_date_posted>True</show_date_posted><is_global>False</is_global><is_draft>False</is_draft><only_show_in_course>False</only_show_in_course><sort_order>0</sort_order><date_start>2020-05-15T14:54:00</date_start></item><item id="176"><headline>Review of Arrays/Week 4 Submission</headline><content text_type="text/html">&lt;p&gt;&lt;/p&gt;
&lt;p&gt;In addition to Complex number assignment, we will review arrays in tomorrows class. &amp;nbsp;Here's the preclass exercise for tomorrow's class:&lt;/p&gt;
&lt;p&gt;Draw the flowcharts to perform addition, subtraction, multiplication and division of integer(whole) numbers using only the plus(+) and minus(-) operators. Prepare your answers ahead of tomorrow's class please.&lt;/p&gt;
&lt;p&gt;Week 4 submission has been moved to 25 May, 2015 since week 5 tasks are optional.&lt;/p&gt;
&lt;p&gt;If you have any questions about the above or anything regarding the course. &amp;nbsp;I am available through the regular channels.&lt;/p&gt;
&lt;p&gt;Or by email, john.alamina@hud.ac.uk&lt;/p&gt;</content><show_date_posted>True</show_date_posted><is_global>False</is_global><is_draft>False</is_draft><only_show_in_course>False</only_show_in_course><sort_order>0</sort_order><date_start>2020-05-19T20:00:00</date_start></item><item id="177"><headline>Preclass exercise/Midsem Exam result/Week 7 Content</headline><content text_type="text/html">&lt;p&gt;Hello {Firstname}&lt;/p&gt;
&lt;p&gt;The midsemester results and feedback are ready for viewing.&amp;nbsp; I have updated the group discussion activity with use case model.&amp;nbsp; This should help you with your use case and class diagrams.&amp;nbsp; Don't forget to share responsibilities in your groups equally and discuss the deliverables thoroughly.&lt;/p&gt;
&lt;p&gt;&lt;a rel="noopener" href="https://brightspace.hud.ac.uk/d2l/common/dialogs/quickLink/quickLink.d2l?ou=83234&amp;amp;type=discuss&amp;amp;rcode=huddersfield-329630" target="_self"&gt;Mini course work taster group activity&lt;/a&gt;&lt;/p&gt;
&lt;p&gt;Discussion Pairs are as below.&amp;nbsp; Please get in touch with your discussion partner before next week's class and post your solutions as discussion threads before 25.05.2020.&amp;nbsp;&lt;/p&gt;
&lt;table cellspacing="0" cellpadding="0" dir="ltr" border="1"&gt;&lt;colgroup&gt;&lt;col width="100" /&gt;&lt;col width="100" /&gt;&lt;col width="100" /&gt;&lt;col width="100" /&gt;&lt;/colgroup&gt;
&lt;tbody&gt;
&lt;tr&gt;
&lt;td&gt;BHARAT&lt;/td&gt;
&lt;td&gt;u1976023&lt;/td&gt;
&lt;td&gt;AHMED&lt;/td&gt;
&lt;td&gt;u1975650&lt;/td&gt;
&lt;/tr&gt;
&lt;tr&gt;
&lt;td&gt;HARSUKHMANPREET&lt;/td&gt;
&lt;td&gt;u1975907&lt;/td&gt;
&lt;td&gt;MUHAMMAD&lt;/td&gt;
&lt;td&gt;u1975687&lt;/td&gt;
&lt;/tr&gt;
&lt;tr&gt;
&lt;td&gt;ZAYED&lt;/td&gt;
&lt;td&gt;U1876708&lt;/td&gt;
&lt;td&gt;KEVIN&lt;/td&gt;
&lt;td&gt;u1974377&lt;/td&gt;
&lt;/tr&gt;
&lt;tr&gt;
&lt;td&gt;HAMED&lt;/td&gt;
&lt;td&gt;u1975538&lt;/td&gt;
&lt;td&gt;ALNUAIMI&lt;/td&gt;
&lt;td&gt;u1975653&lt;/td&gt;
&lt;/tr&gt;
&lt;tr&gt;
&lt;td&gt;KATOR&lt;/td&gt;
&lt;td&gt;u1975657&lt;/td&gt;
&lt;td&gt;MYRA&lt;/td&gt;
&lt;td&gt;u1975631&lt;/td&gt;
&lt;/tr&gt;
&lt;tr&gt;
&lt;td&gt;ABDELLATIF&lt;/td&gt;
&lt;td&gt;u1973602&lt;/td&gt;
&lt;td&gt;HUZAIFAH&lt;/td&gt;
&lt;td&gt;u1975903&lt;/td&gt;
&lt;/tr&gt;
&lt;tr&gt;
&lt;td&gt;DHRUV&lt;/td&gt;
&lt;td&gt;u1975097&lt;/td&gt;
&lt;td&gt;KARTAVYA&lt;/td&gt;
&lt;td&gt;u1975351&lt;/td&gt;
&lt;/tr&gt;
&lt;tr&gt;
&lt;td&gt;ALEX&lt;/td&gt;
&lt;td&gt;u1973113&lt;/td&gt;
&lt;td&gt;Maheen&lt;/td&gt;
&lt;td&gt;u1975972&lt;/td&gt;
&lt;/tr&gt;
&lt;tr&gt;
&lt;td&gt;WAFAA&lt;/td&gt;
&lt;td&gt;u1970814&lt;/td&gt;
&lt;td&gt;USMAN&lt;/td&gt;
&lt;td&gt;u1976176&lt;/td&gt;
&lt;/tr&gt;
&lt;tr&gt;
&lt;td&gt;NAFISA&lt;/td&gt;
&lt;td&gt;u1974558&lt;/td&gt;
&lt;td&gt;JOHN (TUTOR)&lt;/td&gt;
&lt;td&gt;&lt;/td&gt;
&lt;/tr&gt;
&lt;tr&gt;
&lt;td&gt;HAMZA&lt;/td&gt;
&lt;td&gt;u1974606&lt;/td&gt;
&lt;td&gt;KHIZAR&lt;/td&gt;
&lt;td&gt;u1975609&lt;/td&gt;
&lt;/tr&gt;
&lt;tr&gt;
&lt;td&gt;FRANCISCO&lt;/td&gt;
&lt;td&gt;u1975966&lt;/td&gt;
&lt;td&gt;TUBA&lt;/td&gt;
&lt;td&gt;u1975366&lt;/td&gt;
&lt;/tr&gt;
&lt;/tbody&gt;
&lt;/table&gt;
&lt;p&gt;Finally, &lt;a href="/d2l/common/dialogs/quickLink/quickLink.d2l?ou={orgUnitId}&amp;amp;type=content&amp;amp;rcode=huddersfield-347100" target="_self"&gt;part two of the course work demonstration&lt;/a&gt; can be found in week 7 available for viewing.&lt;/p&gt;
&lt;p&gt;Enjoy week seven.&lt;/p&gt;</content><show_date_posted>True</show_date_posted><is_global>False</is_global><is_draft>False</is_draft><only_show_in_course>False</only_show_in_course><sort_order>0</sort_order><date_start>2020-05-22T16:04:00</date_start></item><item id="178"><headline>RE: Week 2 &amp; 3 Logbook Assignment Presentation</headline><content text_type="text/html">&lt;p&gt;Dear {Firstname},&lt;/p&gt;
&lt;p&gt;You are required to explain your models (use case, class, sequence, and activity diagram) used in the logbook assignment for weeks 2 and 3 during our last session on Wednesday 27-05-2020.&amp;nbsp; This will be a 5-minute session per student.&amp;nbsp; This will replace your report for requirement logbook assignment as this was required and implied from week one but not specified in subsequent weeks.&lt;/p&gt;
&lt;p&gt;Prepare for this presentation and treat it with priority as it is weighted 20-25% for these logbooks.&amp;nbsp; The reason for this is because as earlier stated, a report for each logbook is needed to apportion the scores accurately.&amp;nbsp; Some of the scores are subject to the design goals of the designer. I will need to understand the story behind your design but no one submitted an accompanying report to explain their designs.&amp;nbsp; I therefore need a 5-minute brief so that I have a better understanding of your design and give more appropriate scores.&amp;nbsp;&amp;nbsp;&lt;/p&gt;
&lt;p&gt;Hopefully, this will give us another opportunity to get higher scores in our logbooks. Finally, for your coursework please don't hesitate to ask for feedback at any stage of your work.&amp;nbsp; I am more than happy to look at your designs and program and ensure you are on the right track.&amp;nbsp;&lt;/p&gt;
&lt;p&gt;Good luck with your coursework and I will see you in the next session.&lt;/p&gt;</content><show_date_posted>True</show_date_posted><is_global>False</is_global><is_draft>False</is_draft><only_show_in_course>False</only_show_in_course><sort_order>0</sort_order><date_start>2020-05-24T11:58:00</date_start></item><item id="179"><headline>Last Software Design Session Today</headline><content text_type="text/html">&lt;p&gt;Hello {Firstname},&lt;/p&gt;
&lt;p&gt;Today will be the last zoom session for the term.&amp;nbsp; I hope you have enjoyed the module.&amp;nbsp; I am still available for any questions or reviews you will like before the final submission date of your course work.&amp;nbsp; I also request that we start our session a little earlier by 11 if possible so we can quickly round up the presentations and that you come along with your thoughts on what you enjoyed most and also what you didn't enjoy, what skills you have developed and most importantly how the delivery can be improved.&amp;nbsp; Here's a &lt;a href="/d2l/common/dialogs/quickLink/quickLink.d2l?ou={orgUnitId}&amp;amp;type=survey&amp;amp;rCode=huddersfield-349731" target="_self"&gt;survey&lt;/a&gt; to get you started.&lt;/p&gt;
&lt;p&gt;Thank you and see you soon!&lt;/p&gt;</content><show_date_posted>True</show_date_posted><is_global>False</is_global><is_draft>False</is_draft><only_show_in_course>False</only_show_in_course><sort_order>0</sort_order><date_start>2020-05-28T10:25:00</date_start></item><item id="180"><headline>Week 2 and 3 logbook feedback</headline><content text_type="text/html">&lt;p&gt;Hi {Firstname},&lt;/p&gt;
&lt;p&gt;Feedback for week 2 and 3 has been published. Also, discussion thread for the last class &lt;a href="/d2l/common/dialogs/quickLink/quickLink.d2l?ou={orgUnitId}&amp;amp;type=discuss&amp;amp;rcode=huddersfield-329630" target="_self"&gt;here&lt;/a&gt;. We are waiting for the algorithms of some of those who volunteered to complete them.&lt;/p&gt;
&lt;p&gt;Finally see weeks 8 and 9 for ideas on how you can complete your coursework and how you can perform testing on your coursework program methods.&lt;/p&gt;
&lt;p&gt;Remember to complete your discussions up to week 4 at least to complete your marks.&lt;/p&gt;
&lt;p&gt;Good luck. I am available up till your coursework submission deadline.&lt;/p&gt;</content><show_date_posted>True</show_date_posted><is_global>False</is_global><is_draft>False</is_draft><only_show_in_course>False</only_show_in_course><sort_order>0</sort_order><date_start>2020-06-01T01:33:00</date_start></item><item id="181"><headline>Software Design Week1 Activities plan</headline><content text_type="text/html">&lt;p&gt;Hello {Firstname},&lt;/p&gt;
&lt;p&gt;Here are the &lt;a href="https://drive.google.com/file/d/1U6CDmSwoNS1xeMQVkaxovKnK6d4ek5ao/view?usp=sharing" target="_blank" rel="noopener"&gt;activities plan&lt;/a&gt;&lt;span style="font-size: 0.95rem; letter-spacing: 0.01rem;"&gt; &lt;/span&gt;&lt;span style="font-size: 0.95rem; letter-spacing: 0.01rem;"&gt;and &lt;/span&gt;&lt;a href="/d2l/common/dialogs/quickLink/quickLink.d2l?ou={orgUnitId}&amp;amp;type=checklist&amp;amp;rcode=huddersfield-333465" target="_self" style="font-size: 0.95rem; letter-spacing: 0.01rem;"&gt;checklist&lt;/a&gt;&lt;span style="font-size: 0.95rem; letter-spacing: 0.01rem;"&gt; &lt;/span&gt;&lt;span style="font-size: 0.95rem; letter-spacing: 0.01rem;"&gt;for week 1. &amp;nbsp;These should be completed according to the weekly plan before your zoom sessions as follows.&lt;/span&gt;&lt;/p&gt;
&lt;ul&gt;
&lt;li&gt;Group 26&amp;amp;27 Mon 1-230 lesson 1&lt;/li&gt;
&lt;li&gt;Group 26&amp;amp;27 Fri 1-230 lesson 2&lt;/li&gt;
&lt;li&gt;Group 12 Tue 10-1130 Lesson 1&lt;/li&gt;
&lt;li&gt;Group 12 Fri 130-3 Lesson 2&lt;/li&gt;
&lt;li&gt;Group 13&amp;amp;14 Tue 1230-2 Lesson 1&lt;/li&gt;
&lt;li&gt;Group 13&amp;amp;14 Fri 10-1130 Lesson 2
&lt;p dir="ltr"&gt;If you are taking this module online, this means that you are expected to use this Brightspace portal a lot more intensely than you would have otherwise done.&amp;nbsp; As such, weekly expectations will be put on the announcement board of your bright space. Please note that every week will have at least one main topic. There could be more than one major topic and for each major topic, there will be at least one of the following content which you will be expected to go through and complete all the associated tasks.&amp;nbsp; The following content is what is expected of you.&lt;/p&gt;
&lt;ol&gt;
&lt;li dir="ltr" style="list-style-type: decimal;"&gt;
&lt;p dir="ltr"&gt;Attendance of the 2 zoom sessions total 3 hours per week&lt;/p&gt;
&lt;/li&gt;
&lt;li dir="ltr" style="list-style-type: decimal;"&gt;
&lt;p dir="ltr"&gt;Read through all the announcements for the week&lt;/p&gt;
&lt;/li&gt;
&lt;li dir="ltr" style="list-style-type: decimal;"&gt;
&lt;p dir="ltr"&gt;Read through the group targeted announcements for the week&lt;/p&gt;
&lt;/li&gt;
&lt;li dir="ltr" style="list-style-type: decimal;"&gt;
&lt;p dir="ltr"&gt;Read through the objectives for the week&lt;/p&gt;
&lt;/li&gt;
&lt;li dir="ltr" style="list-style-type: decimal;"&gt;
&lt;p dir="ltr"&gt;Read through the words to learn section&lt;/p&gt;
&lt;/li&gt;
&lt;li dir="ltr" style="list-style-type: decimal;"&gt;
&lt;p dir="ltr"&gt;Read through the lecture slides&lt;/p&gt;
&lt;/li&gt;
&lt;li dir="ltr" style="list-style-type: decimal;"&gt;
&lt;p dir="ltr"&gt;Follow through the major topics for the week which would have&lt;/p&gt;
&lt;ol&gt;
&lt;li dir="ltr" style="list-style-type: lower-alpha;"&gt;
&lt;p dir="ltr"&gt;Video presentations&lt;/p&gt;
&lt;/li&gt;
&lt;li dir="ltr" style="list-style-type: lower-alpha;"&gt;
&lt;p dir="ltr"&gt;Youtube videos&lt;/p&gt;
&lt;/li&gt;
&lt;li dir="ltr" style="list-style-type: lower-alpha;"&gt;
&lt;p dir="ltr"&gt;A Forum or Group forum activity&lt;/p&gt;
&lt;/li&gt;
&lt;li dir="ltr" style="list-style-type: lower-alpha;"&gt;
&lt;p dir="ltr"&gt;Formative (non-graded quiz)&lt;/p&gt;
&lt;/li&gt;
&lt;li dir="ltr" style="list-style-type: lower-alpha;"&gt;
&lt;p dir="ltr"&gt;Summative (graded) quiz&lt;/p&gt;
&lt;/li&gt;
&lt;li dir="ltr" style="list-style-type: lower-alpha;"&gt;
&lt;p dir="ltr"&gt;Weekly Graded logbook-portfolio assignment&lt;/p&gt;
&lt;/li&gt;
&lt;/ol&gt;
&lt;/li&gt;
&lt;/ol&gt;
&lt;p dir="ltr"&gt;Please note that the forum and group activities will also be graded towards your overall final assessment.&amp;nbsp; I trust that you will find the online experience a fun-filled one.&amp;nbsp;&lt;/p&gt;
&lt;/li&gt;
&lt;/ul&gt;
&lt;p&gt;&lt;/p&gt;
&lt;p&gt;&lt;/p&gt;</content><show_date_posted>True</show_date_posted><is_global>False</is_global><is_draft>False</is_draft><only_show_in_course>False</only_show_in_course><sort_order>0</sort_order><date_start>2020-06-01T16:13:00</date_start></item><item id="182"><headline>Course work Deadline now 14th &amp; Week 1,2&amp;3 Summative feedback</headline><content text_type="text/html">&lt;p&gt;Dear {firstname},&lt;/p&gt;
&lt;p&gt;Please note that the deadline for your course work has now been set to 14th June 2020.&amp;nbsp; This is to allow for completion of uncompleted logbook assignments, summative quizzes and discussions.&amp;nbsp; Please note that discussions are the repository of knowledge for this course where you can receive feedback on your work and get ideas for your course work and other tasks.&amp;nbsp; Use them extensively.&amp;nbsp; I will be sending personalised emails from next week to give personal feedback on your work so far and a list of outstanding tasks yet to be done.&amp;nbsp; Please reply to these emails because I need to know if you have any reasons for late submissions or not attempting these tasks.&lt;/p&gt;
&lt;p&gt;I have also given feedback for summative tasks for weeks 1-3.&amp;nbsp; Please use the feedback and feel free to get in touch with me for any questions or follow up discussion.&lt;/p&gt;
&lt;p&gt;Finally, I have included below links to two end of course surveys.&amp;nbsp; Do well to complete them as soon as possible. For those who have done the first one before, I have included another question for any advice you have for those new to the Software design module.&lt;/p&gt;
&lt;ul&gt;
&lt;li&gt;&lt;a href="/d2l/common/dialogs/quickLink/quickLink.d2l?ou={orgUnitId}&amp;amp;type=survey&amp;amp;rCode=huddersfield-349731" target="_self"&gt;End of term Survey 1&lt;/a&gt;&lt;/li&gt;
&lt;li&gt;&lt;a href="https://forms.gle/v6dCahpMgqZ5ec6v5" target="_blank" rel="noopener"&gt;End of term survey 2&lt;/a&gt;&lt;/li&gt;
&lt;/ul&gt;
&lt;p&gt;Enjoy the rest of the course.&lt;/p&gt;
&lt;p&gt;&lt;/p&gt;
&lt;p&gt;&lt;/p&gt;</content><show_date_posted>True</show_date_posted><is_global>False</is_global><is_draft>False</is_draft><only_show_in_course>False</only_show_in_course><sort_order>0</sort_order><date_start>2020-06-05T06:48:00</date_start></item></news>