﻿<?xml version="1.0" encoding="UTF-8"?><questestinterop><objectbank ident="QLIB_83234" xmlns:d2l_2p0="http://desire2learn.com/xsd/d2lcp_v2p0"><item d2l_2p0:id="98" ident="OBJ_188232" label="QUES_106077_114251" d2l_2p0:page="1"><itemmetadata><qtimetadata><qti_metadatafield><fieldlabel>qmd_computerscored</fieldlabel><fieldentry>yes</fieldentry></qti_metadatafield><qti_metadatafield><fieldlabel>qmd_questiontype</fieldlabel><fieldentry>Long Answer</fieldentry></qti_metadatafield><qti_metadatafield><fieldlabel>qmd_weighting</fieldlabel><fieldentry>1.000000000</fieldentry></qti_metadatafield><qti_metadatafield><fieldlabel>qmd_globalid</fieldlabel><fieldentry>e3c2b6bf-a70c-48d9-a6d1-7ac308c38c7e</fieldentry></qti_metadatafield><qti_metadatafield><fieldlabel>qmd_displayid</fieldlabel><fieldentry>XPX1041-1920-11</fieldentry></qti_metadatafield></qtimetadata></itemmetadata><itemproc_extension><d2l_2p0:difficulty>1</d2l_2p0:difficulty><d2l_2p0:isbonus>no</d2l_2p0:isbonus><d2l_2p0:ismandatory>no</d2l_2p0:ismandatory></itemproc_extension><presentation><flow><material><mattext texttype="text/html">&lt;p&gt;Identify all the datatypes used in your weekly portfolio logbook question&lt;/p&gt;</mattext></material><response_extension><d2l_2p0:has_signed_comments>no</d2l_2p0:has_signed_comments><d2l_2p0:has_htmleditor>no</d2l_2p0:has_htmleditor></response_extension><response_str ident="QUES_106077_114251_STR" rcardinality="Multiple"><render_fib rows="15" columns="100" prompt="Box" fibtype="String"><response_label ident="QUES_106077_114251_LA"><material><mattext texttype="text/plain" /></material></response_label></render_fib></response_str></flow></presentation></item><item d2l_2p0:id="99" ident="OBJ_188233" label="QUES_106079_114253" d2l_2p0:page="1"><itemmetadata><qtimetadata><qti_metadatafield><fieldlabel>qmd_computerscored</fieldlabel><fieldentry>yes</fieldentry></qti_metadatafield><qti_metadatafield><fieldlabel>qmd_questiontype</fieldlabel><fieldentry>Long Answer</fieldentry></qti_metadatafield><qti_metadatafield><fieldlabel>qmd_weighting</fieldlabel><fieldentry>1.000000000</fieldentry></qti_metadatafield><qti_metadatafield><fieldlabel>qmd_globalid</fieldlabel><fieldentry>a682697c-1eca-45a8-848f-f8dd473ed135</fieldentry></qti_metadatafield><qti_metadatafield><fieldlabel>qmd_displayid</fieldlabel><fieldentry>XPX1041-1920-12</fieldentry></qti_metadatafield></qtimetadata></itemmetadata><itemproc_extension><d2l_2p0:difficulty>1</d2l_2p0:difficulty><d2l_2p0:isbonus>no</d2l_2p0:isbonus><d2l_2p0:ismandatory>no</d2l_2p0:ismandatory></itemproc_extension><presentation><flow><material><mattext texttype="text/html">&lt;p&gt;Write a program using a switch statement and an enumeration to accept 3 inputs from the user.&amp;nbsp; The first two will be numbers and the last will be an operation either of these four operands (+,-,/, or *) and return the corresponding arithmetic.&lt;/p&gt;</mattext></material><response_extension><d2l_2p0:has_signed_comments>no</d2l_2p0:has_signed_comments><d2l_2p0:has_htmleditor>no</d2l_2p0:has_htmleditor></response_extension><response_str ident="QUES_106079_114253_STR" rcardinality="Multiple"><render_fib rows="15" columns="100" prompt="Box" fibtype="String"><response_label ident="QUES_106079_114253_LA"><material><mattext texttype="text/plain" /></material></response_label></render_fib></response_str></flow></presentation></item><item d2l_2p0:id="100" ident="OBJ_188234" label="QUES_106073_114597" d2l_2p0:page="1"><itemmetadata><qtimetadata><qti_metadatafield><fieldlabel>qmd_computerscored</fieldlabel><fieldentry>yes</fieldentry></qti_metadatafield><qti_metadatafield><fieldlabel>qmd_questiontype</fieldlabel><fieldentry>Long Answer</fieldentry></qti_metadatafield><qti_metadatafield><fieldlabel>qmd_weighting</fieldlabel><fieldentry>1.000000000</fieldentry></qti_metadatafield><qti_metadatafield><fieldlabel>qmd_globalid</fieldlabel><fieldentry>2da2cbc7-a2d6-4faa-94c0-3a777d6bfdb2</fieldentry></qti_metadatafield><qti_metadatafield><fieldlabel>qmd_displayid</fieldlabel><fieldentry>XPX1041-1920-10</fieldentry></qti_metadatafield></qtimetadata></itemmetadata><itemproc_extension><d2l_2p0:difficulty>1</d2l_2p0:difficulty><d2l_2p0:isbonus>no</d2l_2p0:isbonus><d2l_2p0:ismandatory>no</d2l_2p0:ismandatory></itemproc_extension><presentation><flow><material><mattext texttype="text/html">&lt;p&gt;a.) Modify the program in Question 2 such that you have an Arithmetic super-class and four operand subclasses (Addition, Subtraction, Multiplication and Division) having an overloaded calculate() method.&lt;/p&gt;
&lt;p&gt;b.) Draw the class diagram for the above software problem. Insert the share link from draw.io or lucid charts.&lt;/p&gt;</mattext></material><response_extension><d2l_2p0:has_signed_comments>no</d2l_2p0:has_signed_comments><d2l_2p0:has_htmleditor>yes</d2l_2p0:has_htmleditor></response_extension><response_str ident="QUES_106073_114597_STR" rcardinality="Multiple"><render_fib rows="15" columns="100" prompt="Box" fibtype="String"><response_label ident="QUES_106073_114597_LA"><material><mattext texttype="text/plain" /></material></response_label></render_fib></response_str></flow></presentation></item><item d2l_2p0:id="101" ident="OBJ_188235" label="QUES_106090_114692" d2l_2p0:page="1"><itemmetadata><qtimetadata><qti_metadatafield><fieldlabel>qmd_computerscored</fieldlabel><fieldentry>yes</fieldentry></qti_metadatafield><qti_metadatafield><fieldlabel>qmd_questiontype</fieldlabel><fieldentry>Long Answer</fieldentry></qti_metadatafield><qti_metadatafield><fieldlabel>qmd_weighting</fieldlabel><fieldentry>1.000000000</fieldentry></qti_metadatafield><qti_metadatafield><fieldlabel>qmd_globalid</fieldlabel><fieldentry>f6281660-556f-4714-8937-fa7a49b7a1c6</fieldentry></qti_metadatafield><qti_metadatafield><fieldlabel>qmd_displayid</fieldlabel><fieldentry>XPX1041-1920-13</fieldentry></qti_metadatafield></qtimetadata></itemmetadata><itemproc_extension><d2l_2p0:difficulty>1</d2l_2p0:difficulty><d2l_2p0:isbonus>no</d2l_2p0:isbonus><d2l_2p0:ismandatory>no</d2l_2p0:ismandatory></itemproc_extension><presentation><flow><material><mattext texttype="text/html">&lt;p&gt;Write the psudocode and flowchart to convert any decimal value to hexadecimal.&amp;nbsp;&lt;/p&gt;
&lt;p&gt;Tip: Rewatch the screencast and you can use sample content as a guide.&lt;/p&gt;</mattext></material><response_extension><d2l_2p0:has_signed_comments>no</d2l_2p0:has_signed_comments><d2l_2p0:has_htmleditor>yes</d2l_2p0:has_htmleditor></response_extension><response_str ident="QUES_106090_114692_STR" rcardinality="Multiple"><render_fib rows="15" columns="100" prompt="Box" fibtype="String"><response_label ident="QUES_106090_114692_LA"><material><mattext texttype="text/plain" /></material></response_label></render_fib></response_str></flow></presentation></item><item d2l_2p0:id="102" ident="OBJ_188236" label="QUES_107328_115872" d2l_2p0:page="1" title="Match the following symbols with their definitions"><itemmetadata><qtimetadata><qti_metadatafield><fieldlabel>qmd_computerscored</fieldlabel><fieldentry>yes</fieldentry></qti_metadatafield><qti_metadatafield><fieldlabel>qmd_questiontype</fieldlabel><fieldentry>Matching</fieldentry></qti_metadatafield><qti_metadatafield><fieldlabel>qmd_weighting</fieldlabel><fieldentry>1.000000000</fieldentry></qti_metadatafield><qti_metadatafield><fieldlabel>qmd_globalid</fieldlabel><fieldentry>ce30be75-581d-4a8e-bdd1-da5b82963a32</fieldentry></qti_metadatafield><qti_metadatafield><fieldlabel>qmd_displayid</fieldlabel><fieldentry>XPX1041-1920-25</fieldentry></qti_metadatafield></qtimetadata></itemmetadata><itemproc_extension><d2l_2p0:difficulty>1</d2l_2p0:difficulty><d2l_2p0:isbonus>no</d2l_2p0:isbonus><d2l_2p0:ismandatory>no</d2l_2p0:ismandatory></itemproc_extension><presentation><flow><material><mattext texttype="text/html">&lt;p&gt;Match the following symbols with their names&lt;/p&gt;</mattext></material><response_extension><d2l_2p0:grading_type>1</d2l_2p0:grading_type></response_extension><response_grp respident="QUES_107328_115872_C391721" rcardinality="Single"><material><mattext texttype="text/html">&lt;p&gt;&lt;img src="image/imag05.png" alt="" title="" style="max-width: 100%;" /&gt;&lt;/p&gt;</mattext></material><render_choice shuffle="yes"><flow_label class="Block"><response_label ident="QUES_107328_115872_M391715"><flow_mat><material><mattext texttype="text/html">&lt;p&gt;Aggregation&lt;/p&gt;</mattext></material></flow_mat></response_label><response_label ident="QUES_107328_115872_M391716"><flow_mat><material><mattext texttype="text/html">&lt;p&gt;Association&lt;/p&gt;</mattext></material></flow_mat></response_label><response_label ident="QUES_107328_115872_M391717"><flow_mat><material><mattext texttype="text/html">&lt;p&gt;Composition&amp;nbsp;&lt;/p&gt;</mattext></material></flow_mat></response_label><response_label ident="QUES_107328_115872_M391718"><flow_mat><material><mattext texttype="text/html">&lt;p&gt;Dependency&lt;/p&gt;</mattext></material></flow_mat></response_label><response_label ident="QUES_107328_115872_M391719"><flow_mat><material><mattext texttype="text/html">&lt;p&gt;Inheritance&lt;/p&gt;</mattext></material></flow_mat></response_label><response_label ident="QUES_107328_115872_M391720"><flow_mat><material><mattext texttype="text/html">&lt;p&gt;Realisation&lt;/p&gt;</mattext></material></flow_mat></response_label></flow_label></render_choice></response_grp><response_grp respident="QUES_107328_115872_C391722" rcardinality="Single"><material><mattext texttype="text/html">&lt;p&gt;&lt;img src="image/img03.png" alt="" title="" style="max-width: 100%;" /&gt;&lt;/p&gt;</mattext></material><render_choice shuffle="yes"><flow_label class="Block"><response_label ident="QUES_107328_115872_M391715"><flow_mat><material><mattext texttype="text/html">&lt;p&gt;Aggregation&lt;/p&gt;</mattext></material></flow_mat></response_label><response_label ident="QUES_107328_115872_M391716"><flow_mat><material><mattext texttype="text/html">&lt;p&gt;Association&lt;/p&gt;</mattext></material></flow_mat></response_label><response_label ident="QUES_107328_115872_M391717"><flow_mat><material><mattext texttype="text/html">&lt;p&gt;Composition&amp;nbsp;&lt;/p&gt;</mattext></material></flow_mat></response_label><response_label ident="QUES_107328_115872_M391718"><flow_mat><material><mattext texttype="text/html">&lt;p&gt;Dependency&lt;/p&gt;</mattext></material></flow_mat></response_label><response_label ident="QUES_107328_115872_M391719"><flow_mat><material><mattext texttype="text/html">&lt;p&gt;Inheritance&lt;/p&gt;</mattext></material></flow_mat></response_label><response_label ident="QUES_107328_115872_M391720"><flow_mat><material><mattext texttype="text/html">&lt;p&gt;Realisation&lt;/p&gt;</mattext></material></flow_mat></response_label></flow_label></render_choice></response_grp><response_grp respident="QUES_107328_115872_C391723" rcardinality="Single"><material><mattext texttype="text/html">&lt;p&gt;&lt;img src="image/img02.PNG" alt="" title="" style="max-width: 100%;" /&gt;&lt;/p&gt;</mattext></material><render_choice shuffle="yes"><flow_label class="Block"><response_label ident="QUES_107328_115872_M391715"><flow_mat><material><mattext texttype="text/html">&lt;p&gt;Aggregation&lt;/p&gt;</mattext></material></flow_mat></response_label><response_label ident="QUES_107328_115872_M391716"><flow_mat><material><mattext texttype="text/html">&lt;p&gt;Association&lt;/p&gt;</mattext></material></flow_mat></response_label><response_label ident="QUES_107328_115872_M391717"><flow_mat><material><mattext texttype="text/html">&lt;p&gt;Composition&amp;nbsp;&lt;/p&gt;</mattext></material></flow_mat></response_label><response_label ident="QUES_107328_115872_M391718"><flow_mat><material><mattext texttype="text/html">&lt;p&gt;Dependency&lt;/p&gt;</mattext></material></flow_mat></response_label><response_label ident="QUES_107328_115872_M391719"><flow_mat><material><mattext texttype="text/html">&lt;p&gt;Inheritance&lt;/p&gt;</mattext></material></flow_mat></response_label><response_label ident="QUES_107328_115872_M391720"><flow_mat><material><mattext texttype="text/html">&lt;p&gt;Realisation&lt;/p&gt;</mattext></material></flow_mat></response_label></flow_label></render_choice></response_grp><response_grp respident="QUES_107328_115872_C391724" rcardinality="Single"><material><mattext texttype="text/html">&lt;p&gt;&lt;img src="image/img01.png" alt="" title="" style="max-width: 100%;" /&gt;&lt;/p&gt;</mattext></material><render_choice shuffle="yes"><flow_label class="Block"><response_label ident="QUES_107328_115872_M391715"><flow_mat><material><mattext texttype="text/html">&lt;p&gt;Aggregation&lt;/p&gt;</mattext></material></flow_mat></response_label><response_label ident="QUES_107328_115872_M391716"><flow_mat><material><mattext texttype="text/html">&lt;p&gt;Association&lt;/p&gt;</mattext></material></flow_mat></response_label><response_label ident="QUES_107328_115872_M391717"><flow_mat><material><mattext texttype="text/html">&lt;p&gt;Composition&amp;nbsp;&lt;/p&gt;</mattext></material></flow_mat></response_label><response_label ident="QUES_107328_115872_M391718"><flow_mat><material><mattext texttype="text/html">&lt;p&gt;Dependency&lt;/p&gt;</mattext></material></flow_mat></response_label><response_label ident="QUES_107328_115872_M391719"><flow_mat><material><mattext texttype="text/html">&lt;p&gt;Inheritance&lt;/p&gt;</mattext></material></flow_mat></response_label><response_label ident="QUES_107328_115872_M391720"><flow_mat><material><mattext texttype="text/html">&lt;p&gt;Realisation&lt;/p&gt;</mattext></material></flow_mat></response_label></flow_label></render_choice></response_grp><response_grp respident="QUES_107328_115872_C391725" rcardinality="Single"><material><mattext texttype="text/html">&lt;p&gt;&lt;img src="image/img06.png" alt="" title="" style="max-width: 100%;" /&gt;&lt;/p&gt;</mattext></material><render_choice shuffle="yes"><flow_label class="Block"><response_label ident="QUES_107328_115872_M391715"><flow_mat><material><mattext texttype="text/html">&lt;p&gt;Aggregation&lt;/p&gt;</mattext></material></flow_mat></response_label><response_label ident="QUES_107328_115872_M391716"><flow_mat><material><mattext texttype="text/html">&lt;p&gt;Association&lt;/p&gt;</mattext></material></flow_mat></response_label><response_label ident="QUES_107328_115872_M391717"><flow_mat><material><mattext texttype="text/html">&lt;p&gt;Composition&amp;nbsp;&lt;/p&gt;</mattext></material></flow_mat></response_label><response_label ident="QUES_107328_115872_M391718"><flow_mat><material><mattext texttype="text/html">&lt;p&gt;Dependency&lt;/p&gt;</mattext></material></flow_mat></response_label><response_label ident="QUES_107328_115872_M391719"><flow_mat><material><mattext texttype="text/html">&lt;p&gt;Inheritance&lt;/p&gt;</mattext></material></flow_mat></response_label><response_label ident="QUES_107328_115872_M391720"><flow_mat><material><mattext texttype="text/html">&lt;p&gt;Realisation&lt;/p&gt;</mattext></material></flow_mat></response_label></flow_label></render_choice></response_grp><response_grp respident="QUES_107328_115872_C391726" rcardinality="Single"><material><mattext texttype="text/html">&lt;p&gt;&lt;img src="image/img04.png" alt="" title="" style="max-width: 100%;" /&gt;&lt;/p&gt;</mattext></material><render_choice shuffle="yes"><flow_label class="Block"><response_label ident="QUES_107328_115872_M391715"><flow_mat><material><mattext texttype="text/html">&lt;p&gt;Aggregation&lt;/p&gt;</mattext></material></flow_mat></response_label><response_label ident="QUES_107328_115872_M391716"><flow_mat><material><mattext texttype="text/html">&lt;p&gt;Association&lt;/p&gt;</mattext></material></flow_mat></response_label><response_label ident="QUES_107328_115872_M391717"><flow_mat><material><mattext texttype="text/html">&lt;p&gt;Composition&amp;nbsp;&lt;/p&gt;</mattext></material></flow_mat></response_label><response_label ident="QUES_107328_115872_M391718"><flow_mat><material><mattext texttype="text/html">&lt;p&gt;Dependency&lt;/p&gt;</mattext></material></flow_mat></response_label><response_label ident="QUES_107328_115872_M391719"><flow_mat><material><mattext texttype="text/html">&lt;p&gt;Inheritance&lt;/p&gt;</mattext></material></flow_mat></response_label><response_label ident="QUES_107328_115872_M391720"><flow_mat><material><mattext texttype="text/html">&lt;p&gt;Realisation&lt;/p&gt;</mattext></material></flow_mat></response_label></flow_label></render_choice></response_grp></flow></presentation><resprocessing><outcomes><decvar vartype="Integer" defaultval="0" varname="D2L_Correct" minvalue="0" maxvalue="100" /><decvar vartype="Integer" defaultval="0" varname="D2L_Incorrect" minvalue="0" maxvalue="100" /><decvar vartype="Decimal" defaultval="0" varname="que_score" minvalue="0" maxvalue="100" /></outcomes><respcondition><conditionvar><varequal respident="QUES_107328_115872_C391721">QUES_107328_115872_M391715</varequal></conditionvar><setvar varname="D2L_Correct" action="Add">1</setvar></respcondition><respcondition><conditionvar><varequal respident="QUES_107328_115872_C391721">QUES_107328_115872_M391716</varequal></conditionvar><setvar varname="D2L_Incorrect" action="Add">1</setvar></respcondition><respcondition><conditionvar><varequal respident="QUES_107328_115872_C391721">QUES_107328_115872_M391717</varequal></conditionvar><setvar varname="D2L_Incorrect" action="Add">1</setvar></respcondition><respcondition><conditionvar><varequal respident="QUES_107328_115872_C391721">QUES_107328_115872_M391718</varequal></conditionvar><setvar varname="D2L_Incorrect" action="Add">1</setvar></respcondition><respcondition><conditionvar><varequal respident="QUES_107328_115872_C391721">QUES_107328_115872_M391719</varequal></conditionvar><setvar varname="D2L_Incorrect" action="Add">1</setvar></respcondition><respcondition><conditionvar><varequal respident="QUES_107328_115872_C391721">QUES_107328_115872_M391720</varequal></conditionvar><setvar varname="D2L_Incorrect" action="Add">1</setvar></respcondition><respcondition><conditionvar><varequal respident="QUES_107328_115872_C391722">QUES_107328_115872_M391715</varequal></conditionvar><setvar varname="D2L_Incorrect" action="Add">1</setvar></respcondition><respcondition><conditionvar><varequal respident="QUES_107328_115872_C391722">QUES_107328_115872_M391716</varequal></conditionvar><setvar varname="D2L_Correct" action="Add">1</setvar></respcondition><respcondition><conditionvar><varequal respident="QUES_107328_115872_C391722">QUES_107328_115872_M391717</varequal></conditionvar><setvar varname="D2L_Incorrect" action="Add">1</setvar></respcondition><respcondition><conditionvar><varequal respident="QUES_107328_115872_C391722">QUES_107328_115872_M391718</varequal></conditionvar><setvar varname="D2L_Incorrect" action="Add">1</setvar></respcondition><respcondition><conditionvar><varequal respident="QUES_107328_115872_C391722">QUES_107328_115872_M391719</varequal></conditionvar><setvar varname="D2L_Incorrect" action="Add">1</setvar></respcondition><respcondition><conditionvar><varequal respident="QUES_107328_115872_C391722">QUES_107328_115872_M391720</varequal></conditionvar><setvar varname="D2L_Incorrect" action="Add">1</setvar></respcondition><respcondition><conditionvar><varequal respident="QUES_107328_115872_C391723">QUES_107328_115872_M391715</varequal></conditionvar><setvar varname="D2L_Incorrect" action="Add">1</setvar></respcondition><respcondition><conditionvar><varequal respident="QUES_107328_115872_C391723">QUES_107328_115872_M391716</varequal></conditionvar><setvar varname="D2L_Incorrect" action="Add">1</setvar></respcondition><respcondition><conditionvar><varequal respident="QUES_107328_115872_C391723">QUES_107328_115872_M391717</varequal></conditionvar><setvar varname="D2L_Correct" action="Add">1</setvar></respcondition><respcondition><conditionvar><varequal respident="QUES_107328_115872_C391723">QUES_107328_115872_M391718</varequal></conditionvar><setvar varname="D2L_Incorrect" action="Add">1</setvar></respcondition><respcondition><conditionvar><varequal respident="QUES_107328_115872_C391723">QUES_107328_115872_M391719</varequal></conditionvar><setvar varname="D2L_Incorrect" action="Add">1</setvar></respcondition><respcondition><conditionvar><varequal respident="QUES_107328_115872_C391723">QUES_107328_115872_M391720</varequal></conditionvar><setvar varname="D2L_Incorrect" action="Add">1</setvar></respcondition><respcondition><conditionvar><varequal respident="QUES_107328_115872_C391724">QUES_107328_115872_M391715</varequal></conditionvar><setvar varname="D2L_Incorrect" action="Add">1</setvar></respcondition><respcondition><conditionvar><varequal respident="QUES_107328_115872_C391724">QUES_107328_115872_M391716</varequal></conditionvar><setvar varname="D2L_Incorrect" action="Add">1</setvar></respcondition><respcondition><conditionvar><varequal respident="QUES_107328_115872_C391724">QUES_107328_115872_M391717</varequal></conditionvar><setvar varname="D2L_Incorrect" action="Add">1</setvar></respcondition><respcondition><conditionvar><varequal respident="QUES_107328_115872_C391724">QUES_107328_115872_M391718</varequal></conditionvar><setvar varname="D2L_Correct" action="Add">1</setvar></respcondition><respcondition><conditionvar><varequal respident="QUES_107328_115872_C391724">QUES_107328_115872_M391719</varequal></conditionvar><setvar varname="D2L_Incorrect" action="Add">1</setvar></respcondition><respcondition><conditionvar><varequal respident="QUES_107328_115872_C391724">QUES_107328_115872_M391720</varequal></conditionvar><setvar varname="D2L_Incorrect" action="Add">1</setvar></respcondition><respcondition><conditionvar><varequal respident="QUES_107328_115872_C391725">QUES_107328_115872_M391715</varequal></conditionvar><setvar varname="D2L_Incorrect" action="Add">1</setvar></respcondition><respcondition><conditionvar><varequal respident="QUES_107328_115872_C391725">QUES_107328_115872_M391716</varequal></conditionvar><setvar varname="D2L_Incorrect" action="Add">1</setvar></respcondition><respcondition><conditionvar><varequal respident="QUES_107328_115872_C391725">QUES_107328_115872_M391717</varequal></conditionvar><setvar varname="D2L_Incorrect" action="Add">1</setvar></respcondition><respcondition><conditionvar><varequal respident="QUES_107328_115872_C391725">QUES_107328_115872_M391718</varequal></conditionvar><setvar varname="D2L_Incorrect" action="Add">1</setvar></respcondition><respcondition><conditionvar><varequal respident="QUES_107328_115872_C391725">QUES_107328_115872_M391719</varequal></conditionvar><setvar varname="D2L_Correct" action="Add">1</setvar></respcondition><respcondition><conditionvar><varequal respident="QUES_107328_115872_C391725">QUES_107328_115872_M391720</varequal></conditionvar><setvar varname="D2L_Incorrect" action="Add">1</setvar></respcondition><respcondition><conditionvar><varequal respident="QUES_107328_115872_C391726">QUES_107328_115872_M391715</varequal></conditionvar><setvar varname="D2L_Incorrect" action="Add">1</setvar></respcondition><respcondition><conditionvar><varequal respident="QUES_107328_115872_C391726">QUES_107328_115872_M391716</varequal></conditionvar><setvar varname="D2L_Incorrect" action="Add">1</setvar></respcondition><respcondition><conditionvar><varequal respident="QUES_107328_115872_C391726">QUES_107328_115872_M391717</varequal></conditionvar><setvar varname="D2L_Incorrect" action="Add">1</setvar></respcondition><respcondition><conditionvar><varequal respident="QUES_107328_115872_C391726">QUES_107328_115872_M391718</varequal></conditionvar><setvar varname="D2L_Incorrect" action="Add">1</setvar></respcondition><respcondition><conditionvar><varequal respident="QUES_107328_115872_C391726">QUES_107328_115872_M391719</varequal></conditionvar><setvar varname="D2L_Incorrect" action="Add">1</setvar></respcondition><respcondition><conditionvar><varequal respident="QUES_107328_115872_C391726">QUES_107328_115872_M391720</varequal></conditionvar><setvar varname="D2L_Correct" action="Add">1</setvar></respcondition><respcondition><conditionvar><vargte respident="D2L_Incorrect">0</vargte></conditionvar><setvar varname="que_score" action="Set">0</setvar></respcondition><respcondition><conditionvar><varequal respident="D2L_Incorrect">0</varequal></conditionvar><setvar varname="que_score" action="Set">1</setvar></respcondition></resprocessing></item><item d2l_2p0:id="103" ident="OBJ_188237" label="QUES_107329_115871" d2l_2p0:page="1"><itemmetadata><qtimetadata><qti_metadatafield><fieldlabel>qmd_computerscored</fieldlabel><fieldentry>yes</fieldentry></qti_metadatafield><qti_metadatafield><fieldlabel>qmd_questiontype</fieldlabel><fieldentry>Long Answer</fieldentry></qti_metadatafield><qti_metadatafield><fieldlabel>qmd_weighting</fieldlabel><fieldentry>1.000000000</fieldentry></qti_metadatafield><qti_metadatafield><fieldlabel>qmd_globalid</fieldlabel><fieldentry>089616ab-050b-4b37-9231-cf236e471f9d</fieldentry></qti_metadatafield><qti_metadatafield><fieldlabel>qmd_displayid</fieldlabel><fieldentry>XPX1041-1920-26</fieldentry></qti_metadatafield></qtimetadata></itemmetadata><itemproc_extension><d2l_2p0:difficulty>1</d2l_2p0:difficulty><d2l_2p0:isbonus>no</d2l_2p0:isbonus><d2l_2p0:ismandatory>no</d2l_2p0:ismandatory></itemproc_extension><presentation><flow><material><mattext texttype="text/html">&lt;p&gt;When creating classes, for any particular abstraction.&amp;nbsp; What is the rule of thumb for private and public members.&amp;nbsp; How can you tell which members by default you will make private and which you can make public.&lt;/p&gt;</mattext></material><response_extension><d2l_2p0:has_signed_comments>no</d2l_2p0:has_signed_comments><d2l_2p0:has_htmleditor>no</d2l_2p0:has_htmleditor></response_extension><response_str ident="QUES_107329_115871_STR" rcardinality="Multiple"><render_fib rows="15" columns="100" prompt="Box" fibtype="String"><response_label ident="QUES_107329_115871_LA"><material><mattext texttype="text/plain" /></material></response_label></render_fib></response_str></flow></presentation></item><item d2l_2p0:id="104" ident="OBJ_198976" label="QUES_110943_120302" d2l_2p0:page="1"><itemmetadata><qtimetadata><qti_metadatafield><fieldlabel>qmd_computerscored</fieldlabel><fieldentry>yes</fieldentry></qti_metadatafield><qti_metadatafield><fieldlabel>qmd_questiontype</fieldlabel><fieldentry>Long Answer</fieldentry></qti_metadatafield><qti_metadatafield><fieldlabel>qmd_weighting</fieldlabel><fieldentry>5.000000000</fieldentry></qti_metadatafield><qti_metadatafield><fieldlabel>qmd_globalid</fieldlabel><fieldentry>e73196a0-0671-47b1-81ae-65d3ab61b2ef</fieldentry></qti_metadatafield><qti_metadatafield><fieldlabel>qmd_displayid</fieldlabel><fieldentry>XPX1041-1920-89</fieldentry></qti_metadatafield></qtimetadata></itemmetadata><itemproc_extension><d2l_2p0:difficulty>1</d2l_2p0:difficulty><d2l_2p0:isbonus>no</d2l_2p0:isbonus><d2l_2p0:ismandatory>no</d2l_2p0:ismandatory></itemproc_extension><presentation><flow><material><mattext texttype="text/html">&lt;p&gt;Write a program in C++ that implements the prototype and detail for the following class in the diagram below.&lt;/p&gt;
&lt;p&gt;&lt;img style="max-width: 100%;" title="point 2d class" src="image/Point2d.png" alt="point 2d class" data-d2l-editor-default-img-style="true" /&gt;&lt;/p&gt;</mattext></material><response_extension><d2l_2p0:has_signed_comments>no</d2l_2p0:has_signed_comments><d2l_2p0:has_htmleditor>yes</d2l_2p0:has_htmleditor></response_extension><response_str ident="QUES_110943_120302_STR" rcardinality="Multiple"><render_fib rows="15" columns="100" prompt="Box" fibtype="String"><response_label ident="QUES_110943_120302_LA"><material><mattext texttype="text/plain" /></material></response_label></render_fib></response_str></flow></presentation></item></objectbank></questestinterop>