﻿<?xml version="1.0" encoding="UTF-8"?><questestinterop xmlns:d2l_2p0="http://desire2learn.com/xsd/d2lcp_v2p0"><assessment d2l_2p0:id="107" title="Week 1 - Formative Quiz" ident="res_quiz_25425" d2l_2p0:resource_code="huddersfield-328014"><rubric><flow_mat><material><mattext d2l_2p0:isdisplayed="no" texttype="text/html" /></material></flow_mat></rubric><assessmentcontrol hintswitch="no" solutionswitch="yes" feedbackswitch="no" /><presentation_material><flow_mat><material label="page header"><mattext d2l_2p0:isdisplayed="no" texttype="text/html" /></material><material label="page footer"><mattext d2l_2p0:isdisplayed="no" texttype="text/html" /></material></flow_mat></presentation_material><assess_procextension><d2l_2p0:intro_message d2l_2p0:isdisplayed="no" texttype="text/html" /><category ident="1366" d2l_2p0:sortorder="1">Single Quick Quiz</category><d2l_2p0:notification_email>john.alamina@hud.ac.uk</d2l_2p0:notification_email><d2l_2p0:disable_right_click>no</d2l_2p0:disable_right_click><d2l_2p0:disable_pager_access>no</d2l_2p0:disable_pager_access><is_active>yes</is_active><d2l_2p0:date_start /><d2l_2p0:date_end /><d2l_2p0:date_due /><d2l_2p0:has_schedule_event>no</d2l_2p0:has_schedule_event><d2l_2p0:is_attempt_Rldb>no</d2l_2p0:is_attempt_Rldb><d2l_2p0:is_subview_Rldb>no</d2l_2p0:is_subview_Rldb><d2l_2p0:time_limit>120</d2l_2p0:time_limit><d2l_2p0:show_clock>no</d2l_2p0:show_clock><d2l_2p0:enforce_time_limit>no</d2l_2p0:enforce_time_limit><d2l_2p0:grace_period>5</d2l_2p0:grace_period><d2l_2p0:late_limit>0</d2l_2p0:late_limit><d2l_2p0:attempts_allowed>5</d2l_2p0:attempts_allowed><d2l_2p0:attempt_restrictions /><d2l_2p0:mark_calculation_type>1</d2l_2p0:mark_calculation_type><d2l_2p0:is_forward_only>no</d2l_2p0:is_forward_only></assess_procextension><assessfeedback><rubric><flow_mat><material><mattext texttype="no">Your quiz has been submitted successfully.</mattext></material></flow_mat></rubric><d2l_2p0:duration>0</d2l_2p0:duration><d2l_2p0:response_display_type_id>1</d2l_2p0:response_display_type_id><d2l_2p0:show_correct_answers>no</d2l_2p0:show_correct_answers><d2l_2p0:submission_restrictip>no</d2l_2p0:submission_restrictip><d2l_2p0:show_class_average>no</d2l_2p0:show_class_average><d2l_2p0:show_score_distribution>no</d2l_2p0:show_score_distribution></assessfeedback><section ident="CONTAINER_SECTION"><item ident="OBJ_171814" label="QUES_105531_114246" d2l_2p0:page="1" title="What is the purpose of the Sample program below"><itemmetadata><qtimetadata><qti_metadatafield><fieldlabel>qmd_computerscored</fieldlabel><fieldentry>yes</fieldentry></qti_metadatafield><qti_metadatafield><fieldlabel>qmd_questiontype</fieldlabel><fieldentry>Multi-Select</fieldentry></qti_metadatafield><qti_metadatafield><fieldlabel>qmd_weighting</fieldlabel><fieldentry>1.000000000</fieldentry></qti_metadatafield><qti_metadatafield><fieldlabel>qmd_globalid</fieldlabel><fieldentry>fb885b33-d04f-4bd3-bd5b-eb0383004e3c</fieldentry></qti_metadatafield><qti_metadatafield><fieldlabel>qmd_displayid</fieldlabel><fieldentry>XPX1041-1920-6</fieldentry></qti_metadatafield></qtimetadata></itemmetadata><itemproc_extension><d2l_2p0:difficulty>1</d2l_2p0:difficulty><d2l_2p0:isbonus>no</d2l_2p0:isbonus><d2l_2p0:ismandatory>no</d2l_2p0:ismandatory></itemproc_extension><presentation><flow><material><mattext texttype="text/html">&lt;p&gt;What is the purpose of the Sample program below&lt;/p&gt;
&lt;pre&gt;&lt;code&gt;
// Example program
&lt;iostream&gt;
#include &lt;string&gt;

using std::string;
using std::cout;
using std::endl;
using std::cin;

void binary(int num) {
    int rem;
    if (num &amp;lt;= 1) {
        cout &amp;lt;&amp;lt; num;
        return;
    }
    rem = num % 2;
    cout &amp;lt;&amp;lt; '-';
    //cout &amp;lt;&amp;lt; rem;
    binary(num / 2);
    cout &amp;lt;&amp;lt; rem;
}
int main() {
    int dec;
    cout &amp;lt;&amp;lt; " Enter the number :";
    // std::string name;
    cin &amp;gt;&amp;gt; dec;
    if (dec &amp;lt; 0)
        std::cout &amp;lt;&amp;lt; dec &amp;lt;&amp;lt; " is not a positive integer ";
    else {
        cout &amp;lt;&amp;lt; " The binary form of " &amp;lt;&amp;lt; dec &amp;lt;&amp;lt; " is ";
        binary(dec);
        std::cout &amp;lt;&amp;lt; endl;
    }
}
&lt;/string&gt;&lt;/iostream&gt;&lt;/code&gt;&lt;/pre&gt;</mattext></material><response_extension><d2l_2p0:display_style>2</d2l_2p0:display_style><d2l_2p0:enumeration>6</d2l_2p0:enumeration><d2l_2p0:grading_type>0</d2l_2p0:grading_type></response_extension><response_lid ident="QUES_105531_114246_LID" rcardinality="Multiple"><render_choice shuffle="no"><flow_label class="Block"><response_label ident="QUES_105531_114246_A386433"><flow_mat><material><mattext texttype="text/html">&lt;p&gt;Hexadecimal to octal&lt;/p&gt;</mattext></material></flow_mat></response_label></flow_label><flow_label class="Block"><response_label ident="QUES_105531_114246_A386434"><flow_mat><material><mattext texttype="text/html">&lt;p&gt;Binary to decimal&lt;/p&gt;</mattext></material></flow_mat></response_label></flow_label><flow_label class="Block"><response_label ident="QUES_105531_114246_A386435"><flow_mat><material><mattext texttype="text/html">&lt;p&gt;Decimal to binary&lt;/p&gt;</mattext></material></flow_mat></response_label></flow_label><flow_label class="Block"><response_label ident="QUES_105531_114246_A386436"><flow_mat><material><mattext texttype="text/html">&lt;p&gt;Octal to hexademical&lt;/p&gt;</mattext></material></flow_mat></response_label></flow_label></render_choice></response_lid></flow></presentation><resprocessing><outcomes><decvar vartype="Integer" defaultval="0" /></outcomes><respcondition title="Scoring for the correct answers" continue="yes"><conditionvar><varequal respident="QUES_105531_114246_LID">QUES_105531_114246_A386435</varequal><not><varequal respident="QUES_105531_114246_LID">QUES_105531_114246_A386433</varequal><varequal respident="QUES_105531_114246_LID">QUES_105531_114246_A386434</varequal><varequal respident="QUES_105531_114246_LID">QUES_105531_114246_A386436</varequal></not></conditionvar><setvar action="Add">1</setvar></respcondition><respcondition title="Scoring for the incorrect answers" continue="no"><conditionvar><and><not><varequal respident="QUES_105531_114246_LID">QUES_105531_114246_A386435</varequal><not><varequal respident="QUES_105531_114246_LID">QUES_105531_114246_A386433</varequal><varequal respident="QUES_105531_114246_LID">QUES_105531_114246_A386434</varequal><varequal respident="QUES_105531_114246_LID">QUES_105531_114246_A386436</varequal></not></not></and></conditionvar><setvar action="Add">0</setvar></respcondition></resprocessing><itemfeedback ident="QUES_105531_114246_IF386433"><material><mattext texttype="text/html" /></material></itemfeedback><itemfeedback ident="QUES_105531_114246_IF386434"><material><mattext texttype="text/html" /></material></itemfeedback><itemfeedback ident="QUES_105531_114246_IF386435"><material><mattext texttype="text/html" /></material></itemfeedback><itemfeedback ident="QUES_105531_114246_IF386436"><material><mattext texttype="text/html" /></material></itemfeedback></item></section></assessment></questestinterop>