﻿<?xml version="1.0" encoding="UTF-8"?><questestinterop xmlns:d2l_2p0="http://desire2learn.com/xsd/d2lcp_v2p0"><assessment d2l_2p0:id="105" title="Online Mid Semester Formative Exam" ident="res_quiz_27326" d2l_2p0:resource_code="huddersfield-343520"><rubric><flow_mat><material><mattext d2l_2p0:isdisplayed="no" texttype="text/html" /></material></flow_mat></rubric><assessmentcontrol hintswitch="no" solutionswitch="yes" feedbackswitch="no" /><presentation_material><flow_mat><material label="page header"><mattext d2l_2p0:isdisplayed="no" texttype="text/html" /></material><material label="page footer"><mattext d2l_2p0:isdisplayed="no" texttype="text/html" /></material></flow_mat></presentation_material><assess_procextension><d2l_2p0:intro_message d2l_2p0:isdisplayed="no" texttype="text/html" /><d2l_2p0:disable_right_click>no</d2l_2p0:disable_right_click><d2l_2p0:disable_pager_access>no</d2l_2p0:disable_pager_access><is_active>yes</is_active><d2l_2p0:date_start><d2l_2p0:timestamp><d2l_2p0:month>5</d2l_2p0:month><d2l_2p0:day>7</d2l_2p0:day><d2l_2p0:year>2020</d2l_2p0:year><d2l_2p0:hour>12</d2l_2p0:hour><d2l_2p0:minutes>45</d2l_2p0:minutes><d2l_2p0:seconds>0</d2l_2p0:seconds></d2l_2p0:timestamp></d2l_2p0:date_start><d2l_2p0:date_end><d2l_2p0:timestamp><d2l_2p0:month>5</d2l_2p0:month><d2l_2p0:day>7</d2l_2p0:day><d2l_2p0:year>2020</d2l_2p0:year><d2l_2p0:hour>13</d2l_2p0:hour><d2l_2p0:minutes>30</d2l_2p0:minutes><d2l_2p0:seconds>0</d2l_2p0:seconds></d2l_2p0:timestamp></d2l_2p0:date_end><d2l_2p0:date_due /><d2l_2p0:has_schedule_event>no</d2l_2p0:has_schedule_event><d2l_2p0:is_attempt_Rldb>no</d2l_2p0:is_attempt_Rldb><d2l_2p0:is_subview_Rldb>no</d2l_2p0:is_subview_Rldb><d2l_2p0:time_limit>15</d2l_2p0:time_limit><d2l_2p0:show_clock>yes</d2l_2p0:show_clock><d2l_2p0:enforce_time_limit>yes</d2l_2p0:enforce_time_limit><d2l_2p0:grace_period>1</d2l_2p0:grace_period><d2l_2p0:late_limit>2</d2l_2p0:late_limit><d2l_2p0:late_limit_data>1</d2l_2p0:late_limit_data><d2l_2p0:attempts_allowed>1</d2l_2p0:attempts_allowed><d2l_2p0:attempt_restrictions /><d2l_2p0:mark_calculation_type>1</d2l_2p0:mark_calculation_type><d2l_2p0:is_forward_only>no</d2l_2p0:is_forward_only></assess_procextension><assessfeedback><rubric><flow_mat><material><mattext texttype="no">Your quiz has been submitted successfully.</mattext></material></flow_mat></rubric><d2l_2p0:duration>0</d2l_2p0:duration><d2l_2p0:response_display_type_id>1</d2l_2p0:response_display_type_id><d2l_2p0:show_correct_answers>no</d2l_2p0:show_correct_answers><d2l_2p0:submission_restrictip>no</d2l_2p0:submission_restrictip><d2l_2p0:show_class_average>no</d2l_2p0:show_class_average><d2l_2p0:show_score_distribution>no</d2l_2p0:show_score_distribution></assessfeedback><section ident="CONTAINER_SECTION"><item ident="OBJ_198112" label="QUES_111380_122106" d2l_2p0:page="1"><itemmetadata><qtimetadata><qti_metadatafield><fieldlabel>qmd_computerscored</fieldlabel><fieldentry>yes</fieldentry></qti_metadatafield><qti_metadatafield><fieldlabel>qmd_questiontype</fieldlabel><fieldentry>Multiple Choice</fieldentry></qti_metadatafield><qti_metadatafield><fieldlabel>qmd_weighting</fieldlabel><fieldentry>1.000000000</fieldentry></qti_metadatafield><qti_metadatafield><fieldlabel>qmd_globalid</fieldlabel><fieldentry>86b405d7-9c72-4387-a482-96d3eea7833a</fieldentry></qti_metadatafield><qti_metadatafield><fieldlabel>qmd_displayid</fieldlabel><fieldentry>XPX1041-1920-91</fieldentry></qti_metadatafield></qtimetadata></itemmetadata><itemproc_extension><d2l_2p0:difficulty>1</d2l_2p0:difficulty><d2l_2p0:isbonus>no</d2l_2p0:isbonus><d2l_2p0:ismandatory>no</d2l_2p0:ismandatory></itemproc_extension><presentation><flow><material><mattext texttype="text/html">&lt;p&gt;Which relationship best describes that between the Point2D class and a Line class that abstracts the shortest distance between two point2D objects.&lt;/p&gt;</mattext></material><response_extension><d2l_2p0:display_style>2</d2l_2p0:display_style><d2l_2p0:enumeration>6</d2l_2p0:enumeration><d2l_2p0:grading_type>0</d2l_2p0:grading_type></response_extension><response_lid ident="QUES_111380_122106_LID" rcardinality="Single"><render_choice shuffle="yes"><flow_label class="Block"><response_label ident="QUES_111380_122106_A414720"><flow_mat><material><mattext texttype="text/html">&lt;p&gt;inheritance&lt;/p&gt;</mattext></material></flow_mat></response_label></flow_label><flow_label class="Block"><response_label ident="QUES_111380_122106_A414721"><flow_mat><material><mattext texttype="text/html">&lt;p&gt;composition&lt;/p&gt;</mattext></material></flow_mat></response_label></flow_label><flow_label class="Block"><response_label ident="QUES_111380_122106_A414722"><flow_mat><material><mattext texttype="text/html">&lt;p&gt;aggregation&lt;/p&gt;</mattext></material></flow_mat></response_label></flow_label><flow_label class="Block"><response_label ident="QUES_111380_122106_A414723"><flow_mat><material><mattext texttype="text/html">&lt;p&gt;dependency&lt;/p&gt;</mattext></material></flow_mat></response_label></flow_label></render_choice></response_lid></flow></presentation><resprocessing><respcondition title="Response Condition 1"><conditionvar><varequal respident="QUES_111380_122106_LID">QUES_111380_122106_A414720</varequal></conditionvar><setvar action="Set">0.000000000</setvar><displayfeedback feedbacktype="Response" linkrefid="QUES_111380_122106_IF414720" /></respcondition><respcondition title="Response Condition 2"><conditionvar><varequal respident="QUES_111380_122106_LID">QUES_111380_122106_A414721</varequal></conditionvar><setvar action="Set">0.000000000</setvar><displayfeedback feedbacktype="Response" linkrefid="QUES_111380_122106_IF414721" /></respcondition><respcondition title="Response Condition 3"><conditionvar><varequal respident="QUES_111380_122106_LID">QUES_111380_122106_A414722</varequal></conditionvar><setvar action="Set">100.000000000</setvar><displayfeedback feedbacktype="Response" linkrefid="QUES_111380_122106_IF414722" /></respcondition><respcondition title="Response Condition 4"><conditionvar><varequal respident="QUES_111380_122106_LID">QUES_111380_122106_A414723</varequal></conditionvar><setvar action="Set">0.000000000</setvar><displayfeedback feedbacktype="Response" linkrefid="QUES_111380_122106_IF414723" /></respcondition></resprocessing><itemfeedback ident="QUES_111380_122106"><material><mattext texttype="text/html">&lt;p&gt;Aggregation is a strong association however not as strong as composition because the part can exist independent of the whole. Here we see that point can exist independent of the line but it is a part of the line.&lt;/p&gt;</mattext></material></itemfeedback><itemfeedback ident="QUES_111380_122106_IF414720"><material><mattext texttype="text/html">&lt;p&gt;There is no immediate reason why line will inherit from point or vice-versa.&lt;/p&gt;</mattext></material></itemfeedback><itemfeedback ident="QUES_111380_122106_IF414721"><material><mattext texttype="text/html">&lt;p&gt;Clearly, a Point can exist without Line object. So composition is not the answer&lt;/p&gt;</mattext></material></itemfeedback><itemfeedback ident="QUES_111380_122106_IF414722"><material><mattext texttype="text/html">&lt;p&gt;Two points are required for the line so they are part of the line.&lt;/p&gt;</mattext></material></itemfeedback><itemfeedback ident="QUES_111380_122106_IF414723"><material><mattext texttype="text/html">&lt;p&gt;The association is stronger than a simple dependency&lt;/p&gt;</mattext></material></itemfeedback></item><item ident="OBJ_198149" label="QUES_111407_122109" d2l_2p0:page="1"><itemmetadata><qtimetadata><qti_metadatafield><fieldlabel>qmd_computerscored</fieldlabel><fieldentry>yes</fieldentry></qti_metadatafield><qti_metadatafield><fieldlabel>qmd_questiontype</fieldlabel><fieldentry>Multiple Choice</fieldentry></qti_metadatafield><qti_metadatafield><fieldlabel>qmd_weighting</fieldlabel><fieldentry>1.000000000</fieldentry></qti_metadatafield><qti_metadatafield><fieldlabel>qmd_globalid</fieldlabel><fieldentry>e227ce35-c66d-4760-925f-780396149f3f</fieldentry></qti_metadatafield><qti_metadatafield><fieldlabel>qmd_displayid</fieldlabel><fieldentry>XPX1041-1920-92</fieldentry></qti_metadatafield></qtimetadata></itemmetadata><itemproc_extension><d2l_2p0:difficulty>1</d2l_2p0:difficulty><d2l_2p0:isbonus>no</d2l_2p0:isbonus><d2l_2p0:ismandatory>no</d2l_2p0:ismandatory></itemproc_extension><presentation><flow><material><mattext texttype="text/html">&lt;p&gt;Which of these is an infinite loop&lt;/p&gt;</mattext></material><response_extension><d2l_2p0:display_style>2</d2l_2p0:display_style><d2l_2p0:enumeration>6</d2l_2p0:enumeration><d2l_2p0:grading_type>0</d2l_2p0:grading_type></response_extension><response_lid ident="QUES_111407_122109_LID" rcardinality="Single"><render_choice shuffle="yes"><flow_label class="Block"><response_label ident="QUES_111407_122109_A414726"><flow_mat><material><mattext texttype="text/html">&lt;p&gt;for(ii=0;ii&amp;lt;20;ii++){cout &amp;lt;&amp;lt;"non-deterministic count " &amp;lt;&amp;lt; ii &amp;lt;&amp;lt; endl; }&lt;/p&gt;</mattext></material></flow_mat></response_label></flow_label><flow_label class="Block"><response_label ident="QUES_111407_122109_A414727"><flow_mat><material><mattext texttype="text/html">&lt;p&gt;while(i&amp;lt;15){ cout &amp;lt;&amp;lt; "pre-deterministic count " &amp;lt;&amp;lt; i++ &amp;lt;&amp;lt; endl; }&lt;/p&gt;</mattext></material></flow_mat></response_label></flow_label><flow_label class="Block"><response_label ident="QUES_111407_122109_A414728"><flow_mat><material><mattext texttype="text/html">&lt;p&gt;for(jj=0;;jj++){ cout &amp;lt;&amp;lt; "post-deterministic count " &amp;lt;&amp;lt; jj &amp;lt;&amp;lt; endl; }&lt;/p&gt;</mattext></material></flow_mat></response_label></flow_label><flow_label class="Block"><response_label ident="QUES_111407_122109_A414729"><flow_mat><material><mattext texttype="text/html">&lt;p&gt;m=0; do{ cout &amp;lt;&amp;lt; " deterministic count " &amp;lt;&amp;lt; m++ &amp;lt;&amp;lt; endl;} while (m&amp;lt;5);&lt;/p&gt;</mattext></material></flow_mat></response_label></flow_label></render_choice></response_lid></flow></presentation><resprocessing><respcondition title="Response Condition 1"><conditionvar><varequal respident="QUES_111407_122109_LID">QUES_111407_122109_A414726</varequal></conditionvar><setvar action="Set">0.000000000</setvar><displayfeedback feedbacktype="Response" linkrefid="QUES_111407_122109_IF414726" /></respcondition><respcondition title="Response Condition 2"><conditionvar><varequal respident="QUES_111407_122109_LID">QUES_111407_122109_A414727</varequal></conditionvar><setvar action="Set">0.000000000</setvar><displayfeedback feedbacktype="Response" linkrefid="QUES_111407_122109_IF414727" /></respcondition><respcondition title="Response Condition 3"><conditionvar><varequal respident="QUES_111407_122109_LID">QUES_111407_122109_A414728</varequal></conditionvar><setvar action="Set">100.000000000</setvar><displayfeedback feedbacktype="Response" linkrefid="QUES_111407_122109_IF414728" /></respcondition><respcondition title="Response Condition 4"><conditionvar><varequal respident="QUES_111407_122109_LID">QUES_111407_122109_A414729</varequal></conditionvar><setvar action="Set">0.000000000</setvar><displayfeedback feedbacktype="Response" linkrefid="QUES_111407_122109_IF414729" /></respcondition></resprocessing><itemfeedback ident="QUES_111407_122109"><material><mattext texttype="text/html">&lt;p&gt;An infinite is made possible when there is no loop exit condition loop exiting command.&lt;/p&gt;</mattext></material></itemfeedback><itemfeedback ident="QUES_111407_122109_IF414726"><material><mattext texttype="text/plain" /></material></itemfeedback><itemfeedback ident="QUES_111407_122109_IF414727"><material><mattext texttype="text/plain" /></material></itemfeedback><itemfeedback ident="QUES_111407_122109_IF414728"><material><mattext texttype="text/plain" /></material></itemfeedback><itemfeedback ident="QUES_111407_122109_IF414729"><material><mattext texttype="text/plain" /></material></itemfeedback></item><item ident="OBJ_198936" label="QUES_111717_122101" d2l_2p0:page="1"><itemmetadata><qtimetadata><qti_metadatafield><fieldlabel>qmd_computerscored</fieldlabel><fieldentry>yes</fieldentry></qti_metadatafield><qti_metadatafield><fieldlabel>qmd_questiontype</fieldlabel><fieldentry>Multiple Choice</fieldentry></qti_metadatafield><qti_metadatafield><fieldlabel>qmd_weighting</fieldlabel><fieldentry>1.000000000</fieldentry></qti_metadatafield><qti_metadatafield><fieldlabel>qmd_globalid</fieldlabel><fieldentry>48971d17-e48f-43c6-8981-53df2ddc5f65</fieldentry></qti_metadatafield><qti_metadatafield><fieldlabel>qmd_displayid</fieldlabel><fieldentry>XPX1041-1920-97</fieldentry></qti_metadatafield></qtimetadata></itemmetadata><itemproc_extension><d2l_2p0:difficulty>1</d2l_2p0:difficulty><d2l_2p0:isbonus>no</d2l_2p0:isbonus><d2l_2p0:ismandatory>no</d2l_2p0:ismandatory></itemproc_extension><presentation><flow><material><mattext texttype="text/html">&lt;p&gt;When implementing the area function of the circle class.&amp;nbsp; Spot a potential problem with the class diagram&lt;/p&gt;
&lt;p&gt;&lt;img style="max-width: 100%;" title="" src="image/Point2d%20class.png" alt="" data-d2l-editor-default-img-style="true" /&gt;&lt;/p&gt;</mattext></material><response_extension><d2l_2p0:display_style>2</d2l_2p0:display_style><d2l_2p0:enumeration>6</d2l_2p0:enumeration><d2l_2p0:grading_type>0</d2l_2p0:grading_type></response_extension><response_lid ident="QUES_111717_122101_LID" rcardinality="Single"><render_choice shuffle="yes"><flow_label class="Block"><response_label ident="QUES_111717_122101_A414700"><flow_mat><material><mattext texttype="text/html">&lt;p&gt;The math class does not belong to circle&lt;/p&gt;</mattext></material></flow_mat></response_label></flow_label><flow_label class="Block"><response_label ident="QUES_111717_122101_A414701"><flow_mat><material><mattext texttype="text/html">&lt;p&gt;Circle class can't access some members of the Math class&lt;/p&gt;</mattext></material></flow_mat></response_label></flow_label><flow_label class="Block"><response_label ident="QUES_111717_122101_A414702"><flow_mat><material><mattext texttype="text/html">&lt;p&gt;Circle class does not inherit from the math class&lt;/p&gt;</mattext></material></flow_mat></response_label></flow_label><flow_label class="Block"><response_label ident="QUES_111717_122101_A414703"><flow_mat><material><mattext texttype="text/html">&lt;p&gt;The shape class inherits from the math class&lt;/p&gt;</mattext></material></flow_mat></response_label></flow_label></render_choice></response_lid></flow></presentation><resprocessing><respcondition title="Response Condition 1"><conditionvar><varequal respident="QUES_111717_122101_LID">QUES_111717_122101_A414700</varequal></conditionvar><setvar action="Set">0.000000000</setvar><displayfeedback feedbacktype="Response" linkrefid="QUES_111717_122101_IF414700" /></respcondition><respcondition title="Response Condition 2"><conditionvar><varequal respident="QUES_111717_122101_LID">QUES_111717_122101_A414701</varequal></conditionvar><setvar action="Set">100.000000000</setvar><displayfeedback feedbacktype="Response" linkrefid="QUES_111717_122101_IF414701" /></respcondition><respcondition title="Response Condition 3"><conditionvar><varequal respident="QUES_111717_122101_LID">QUES_111717_122101_A414702</varequal></conditionvar><setvar action="Set">0.000000000</setvar><displayfeedback feedbacktype="Response" linkrefid="QUES_111717_122101_IF414702" /></respcondition><respcondition title="Response Condition 4"><conditionvar><varequal respident="QUES_111717_122101_LID">QUES_111717_122101_A414703</varequal></conditionvar><setvar action="Set">0.000000000</setvar><displayfeedback feedbacktype="Response" linkrefid="QUES_111717_122101_IF414703" /></respcondition></resprocessing><itemfeedback ident="QUES_111717_122101_IF414700"><material><mattext texttype="text/plain" /></material></itemfeedback><itemfeedback ident="QUES_111717_122101_IF414701"><material><mattext texttype="text/plain" /></material></itemfeedback><itemfeedback ident="QUES_111717_122101_IF414702"><material><mattext texttype="text/plain" /></material></itemfeedback><itemfeedback ident="QUES_111717_122101_IF414703"><material><mattext texttype="text/plain" /></material></itemfeedback></item><item ident="OBJ_198937" label="QUES_111718_121329" d2l_2p0:page="1"><itemmetadata><qtimetadata><qti_metadatafield><fieldlabel>qmd_computerscored</fieldlabel><fieldentry>yes</fieldentry></qti_metadatafield><qti_metadatafield><fieldlabel>qmd_questiontype</fieldlabel><fieldentry>Multiple Choice</fieldentry></qti_metadatafield><qti_metadatafield><fieldlabel>qmd_weighting</fieldlabel><fieldentry>1.000000000</fieldentry></qti_metadatafield><qti_metadatafield><fieldlabel>qmd_globalid</fieldlabel><fieldentry>049977da-fee1-4077-a24f-7bba6c7e5016</fieldentry></qti_metadatafield><qti_metadatafield><fieldlabel>qmd_displayid</fieldlabel><fieldentry>XPX1041-1920-98</fieldentry></qti_metadatafield></qtimetadata></itemmetadata><itemproc_extension><d2l_2p0:difficulty>1</d2l_2p0:difficulty><d2l_2p0:isbonus>no</d2l_2p0:isbonus><d2l_2p0:ismandatory>no</d2l_2p0:ismandatory></itemproc_extension><presentation><flow><material><mattext texttype="text/html">&lt;p&gt;Which of the following symbols fixes the problem spotted in the previous question&lt;/p&gt;</mattext></material><response_extension><d2l_2p0:display_style>2</d2l_2p0:display_style><d2l_2p0:enumeration>6</d2l_2p0:enumeration><d2l_2p0:grading_type>0</d2l_2p0:grading_type></response_extension><response_lid ident="QUES_111718_121329_LID" rcardinality="Single"><render_choice shuffle="no"><flow_label class="Block"><response_label ident="QUES_111718_121329_A411982"><flow_mat><material><mattext texttype="text/html">&lt;p&gt;+&lt;/p&gt;</mattext></material></flow_mat></response_label></flow_label><flow_label class="Block"><response_label ident="QUES_111718_121329_A411983"><flow_mat><material><mattext texttype="text/html">&lt;p&gt;#&lt;/p&gt;</mattext></material></flow_mat></response_label></flow_label><flow_label class="Block"><response_label ident="QUES_111718_121329_A411984"><flow_mat><material><mattext texttype="text/html">&lt;p&gt;-&lt;/p&gt;</mattext></material></flow_mat></response_label></flow_label><flow_label class="Block"><response_label ident="QUES_111718_121329_A411985"><flow_mat><material><mattext texttype="text/html">&lt;p&gt;~&lt;/p&gt;</mattext></material></flow_mat></response_label></flow_label></render_choice></response_lid></flow></presentation><resprocessing><respcondition title="Response Condition 1"><conditionvar><varequal respident="QUES_111718_121329_LID">QUES_111718_121329_A411982</varequal></conditionvar><setvar action="Set">100.000000000</setvar><displayfeedback feedbacktype="Response" linkrefid="QUES_111718_121329_IF411982" /></respcondition><respcondition title="Response Condition 2"><conditionvar><varequal respident="QUES_111718_121329_LID">QUES_111718_121329_A411983</varequal></conditionvar><setvar action="Set">0.000000000</setvar><displayfeedback feedbacktype="Response" linkrefid="QUES_111718_121329_IF411983" /></respcondition><respcondition title="Response Condition 3"><conditionvar><varequal respident="QUES_111718_121329_LID">QUES_111718_121329_A411984</varequal></conditionvar><setvar action="Set">0.000000000</setvar><displayfeedback feedbacktype="Response" linkrefid="QUES_111718_121329_IF411984" /></respcondition><respcondition title="Response Condition 4"><conditionvar><varequal respident="QUES_111718_121329_LID">QUES_111718_121329_A411985</varequal></conditionvar><setvar action="Set">0.000000000</setvar><displayfeedback feedbacktype="Response" linkrefid="QUES_111718_121329_IF411985" /></respcondition></resprocessing><itemfeedback ident="QUES_111718_121329_IF411982"><material><mattext texttype="text/plain" /></material></itemfeedback><itemfeedback ident="QUES_111718_121329_IF411983"><material><mattext texttype="text/plain" /></material></itemfeedback><itemfeedback ident="QUES_111718_121329_IF411984"><material><mattext texttype="text/plain" /></material></itemfeedback><itemfeedback ident="QUES_111718_121329_IF411985"><material><mattext texttype="text/plain" /></material></itemfeedback></item><item ident="OBJ_198938" label="QUES_111719_121330" d2l_2p0:page="1"><itemmetadata><qtimetadata><qti_metadatafield><fieldlabel>qmd_computerscored</fieldlabel><fieldentry>yes</fieldentry></qti_metadatafield><qti_metadatafield><fieldlabel>qmd_questiontype</fieldlabel><fieldentry>True/False</fieldentry></qti_metadatafield><qti_metadatafield><fieldlabel>qmd_weighting</fieldlabel><fieldentry>1.000000000</fieldentry></qti_metadatafield><qti_metadatafield><fieldlabel>qmd_globalid</fieldlabel><fieldentry>72fa29d2-9fa7-4da4-8c3c-ed68c82f7dd9</fieldentry></qti_metadatafield><qti_metadatafield><fieldlabel>qmd_displayid</fieldlabel><fieldentry>XPX1041-1920-99</fieldentry></qti_metadatafield></qtimetadata></itemmetadata><itemproc_extension><d2l_2p0:difficulty>1</d2l_2p0:difficulty><d2l_2p0:isbonus>no</d2l_2p0:isbonus><d2l_2p0:ismandatory>no</d2l_2p0:ismandatory></itemproc_extension><presentation><flow><material><mattext texttype="text/html">&lt;p&gt;Activity diagrams can be used as flowcharts&lt;/p&gt;</mattext></material><response_extension><d2l_2p0:display_style>2</d2l_2p0:display_style><d2l_2p0:enumeration>6</d2l_2p0:enumeration><d2l_2p0:grading_type>0</d2l_2p0:grading_type></response_extension><response_lid ident="QUES_111719_121330_LID" rcardinality="Single"><render_choice shuffle="no"><flow_label class="Block"><response_label ident="QUES_111719_121330_A411986"><flow_mat><material><mattext texttype="text/plain">True</mattext></material></flow_mat></response_label></flow_label><flow_label class="Block"><response_label ident="QUES_111719_121330_A411987"><flow_mat><material><mattext texttype="text/plain">False</mattext></material></flow_mat></response_label></flow_label></render_choice></response_lid></flow></presentation><resprocessing><respcondition title="Response Condition 1"><conditionvar><varequal respident="QUES_111719_121330_LID">QUES_111719_121330_A411986</varequal></conditionvar><setvar action="Set">100.000000000</setvar><displayfeedback feedbacktype="Response" linkrefid="QUES_111719_121330_IF411986" /></respcondition><respcondition title="Response Condition 2"><conditionvar><varequal respident="QUES_111719_121330_LID">QUES_111719_121330_A411987</varequal></conditionvar><setvar action="Set">0.000000000</setvar><displayfeedback feedbacktype="Response" linkrefid="QUES_111719_121330_IF411987" /></respcondition></resprocessing><itemfeedback ident="QUES_111719_121330_IF411986"><material><mattext texttype="text/plain" /></material></itemfeedback><itemfeedback ident="QUES_111719_121330_IF411987"><material><mattext texttype="text/plain" /></material></itemfeedback></item><item ident="OBJ_198939" label="QUES_111720_121331" d2l_2p0:page="1"><itemmetadata><qtimetadata><qti_metadatafield><fieldlabel>qmd_computerscored</fieldlabel><fieldentry>yes</fieldentry></qti_metadatafield><qti_metadatafield><fieldlabel>qmd_questiontype</fieldlabel><fieldentry>Multiple Choice</fieldentry></qti_metadatafield><qti_metadatafield><fieldlabel>qmd_weighting</fieldlabel><fieldentry>1.000000000</fieldentry></qti_metadatafield><qti_metadatafield><fieldlabel>qmd_globalid</fieldlabel><fieldentry>1fb106fc-4c0c-4a9a-837d-a5587bc420a4</fieldentry></qti_metadatafield><qti_metadatafield><fieldlabel>qmd_displayid</fieldlabel><fieldentry>XPX1041-1920-100</fieldentry></qti_metadatafield></qtimetadata></itemmetadata><itemproc_extension><d2l_2p0:difficulty>1</d2l_2p0:difficulty><d2l_2p0:isbonus>no</d2l_2p0:isbonus><d2l_2p0:ismandatory>no</d2l_2p0:ismandatory></itemproc_extension><presentation><flow><material><mattext texttype="text/html">&lt;p&gt;In the diagram below the correct declaration of the Button class is&lt;/p&gt;
&lt;p&gt;&lt;img style="max-width: 100%;" title="panel class" src="image/panel.png" alt="panel class" data-d2l-editor-default-img-style="true" /&gt;&lt;/p&gt;</mattext></material><response_extension><d2l_2p0:display_style>2</d2l_2p0:display_style><d2l_2p0:enumeration>6</d2l_2p0:enumeration><d2l_2p0:grading_type>0</d2l_2p0:grading_type></response_extension><response_lid ident="QUES_111720_121331_LID" rcardinality="Single"><render_choice shuffle="yes"><flow_label class="Block"><response_label ident="QUES_111720_121331_A411988"><flow_mat><material><mattext texttype="text/html">&lt;p&gt;class Button {}&lt;/p&gt;</mattext></material></flow_mat></response_label></flow_label><flow_label class="Block"><response_label ident="QUES_111720_121331_A411989"><flow_mat><material><mattext texttype="text/html">&lt;p&gt;public class Button{}&lt;/p&gt;</mattext></material></flow_mat></response_label></flow_label><flow_label class="Block"><response_label ident="QUES_111720_121331_A411990"><flow_mat><material><mattext texttype="text/html">&lt;p&gt;public class Button: Panel{}&lt;/p&gt;</mattext></material></flow_mat></response_label></flow_label><flow_label class="Block"><response_label ident="QUES_111720_121331_A411991"><flow_mat><material><mattext texttype="text/html">&lt;p&gt;class Button: public Panel{}&lt;/p&gt;</mattext></material></flow_mat></response_label></flow_label></render_choice></response_lid></flow></presentation><resprocessing><respcondition title="Response Condition 1"><conditionvar><varequal respident="QUES_111720_121331_LID">QUES_111720_121331_A411988</varequal></conditionvar><setvar action="Set">0.000000000</setvar><displayfeedback feedbacktype="Response" linkrefid="QUES_111720_121331_IF411988" /></respcondition><respcondition title="Response Condition 2"><conditionvar><varequal respident="QUES_111720_121331_LID">QUES_111720_121331_A411989</varequal></conditionvar><setvar action="Set">0.000000000</setvar><displayfeedback feedbacktype="Response" linkrefid="QUES_111720_121331_IF411989" /></respcondition><respcondition title="Response Condition 3"><conditionvar><varequal respident="QUES_111720_121331_LID">QUES_111720_121331_A411990</varequal></conditionvar><setvar action="Set">0.000000000</setvar><displayfeedback feedbacktype="Response" linkrefid="QUES_111720_121331_IF411990" /></respcondition><respcondition title="Response Condition 4"><conditionvar><varequal respident="QUES_111720_121331_LID">QUES_111720_121331_A411991</varequal></conditionvar><setvar action="Set">100.000000000</setvar><displayfeedback feedbacktype="Response" linkrefid="QUES_111720_121331_IF411991" /></respcondition></resprocessing><itemfeedback ident="QUES_111720_121331_IF411988"><material><mattext texttype="text/plain" /></material></itemfeedback><itemfeedback ident="QUES_111720_121331_IF411989"><material><mattext texttype="text/plain" /></material></itemfeedback><itemfeedback ident="QUES_111720_121331_IF411990"><material><mattext texttype="text/plain" /></material></itemfeedback><itemfeedback ident="QUES_111720_121331_IF411991"><material><mattext texttype="text/plain" /></material></itemfeedback></item><item ident="OBJ_198940" label="QUES_111721_122102" d2l_2p0:page="1"><itemmetadata><qtimetadata><qti_metadatafield><fieldlabel>qmd_computerscored</fieldlabel><fieldentry>yes</fieldentry></qti_metadatafield><qti_metadatafield><fieldlabel>qmd_questiontype</fieldlabel><fieldentry>Multiple Choice</fieldentry></qti_metadatafield><qti_metadatafield><fieldlabel>qmd_weighting</fieldlabel><fieldentry>1.000000000</fieldentry></qti_metadatafield><qti_metadatafield><fieldlabel>qmd_globalid</fieldlabel><fieldentry>eb5ca363-be09-4552-bd78-b9df37cf9240</fieldentry></qti_metadatafield><qti_metadatafield><fieldlabel>qmd_displayid</fieldlabel><fieldentry>XPX1041-1920-101</fieldentry></qti_metadatafield></qtimetadata></itemmetadata><itemproc_extension><d2l_2p0:difficulty>1</d2l_2p0:difficulty><d2l_2p0:isbonus>no</d2l_2p0:isbonus><d2l_2p0:ismandatory>no</d2l_2p0:ismandatory></itemproc_extension><presentation><flow><material><mattext texttype="text/html">&lt;p&gt;The &amp;lt;&amp;lt;includes&amp;gt;&amp;gt; relationship shows&lt;/p&gt;</mattext></material><response_extension><d2l_2p0:display_style>2</d2l_2p0:display_style><d2l_2p0:enumeration>6</d2l_2p0:enumeration><d2l_2p0:grading_type>0</d2l_2p0:grading_type></response_extension><response_lid ident="QUES_111721_122102_LID" rcardinality="Single"><render_choice shuffle="yes"><flow_label class="Block"><response_label ident="QUES_111721_122102_A414704"><flow_mat><material><mattext texttype="text/html">&lt;p&gt;Activities that are independent of one another&lt;/p&gt;</mattext></material></flow_mat></response_label></flow_label><flow_label class="Block"><response_label ident="QUES_111721_122102_A414705"><flow_mat><material><mattext texttype="text/html">&lt;p&gt;An activity required for another to complete&lt;/p&gt;</mattext></material></flow_mat></response_label></flow_label><flow_label class="Block"><response_label ident="QUES_111721_122102_A414706"><flow_mat><material><mattext texttype="text/html">&lt;p&gt;An activity dependent on another activity&lt;/p&gt;</mattext></material></flow_mat></response_label></flow_label><flow_label class="Block"><response_label ident="QUES_111721_122102_A414707"><flow_mat><material><mattext texttype="text/html">&lt;p&gt;An activity that inherits from another activity&lt;/p&gt;</mattext></material></flow_mat></response_label></flow_label></render_choice></response_lid></flow></presentation><resprocessing><respcondition title="Response Condition 1"><conditionvar><varequal respident="QUES_111721_122102_LID">QUES_111721_122102_A414704</varequal></conditionvar><setvar action="Set">0.000000000</setvar><displayfeedback feedbacktype="Response" linkrefid="QUES_111721_122102_IF414704" /></respcondition><respcondition title="Response Condition 2"><conditionvar><varequal respident="QUES_111721_122102_LID">QUES_111721_122102_A414705</varequal></conditionvar><setvar action="Set">100.000000000</setvar><displayfeedback feedbacktype="Response" linkrefid="QUES_111721_122102_IF414705" /></respcondition><respcondition title="Response Condition 3"><conditionvar><varequal respident="QUES_111721_122102_LID">QUES_111721_122102_A414706</varequal></conditionvar><setvar action="Set">0.000000000</setvar><displayfeedback feedbacktype="Response" linkrefid="QUES_111721_122102_IF414706" /></respcondition><respcondition title="Response Condition 4"><conditionvar><varequal respident="QUES_111721_122102_LID">QUES_111721_122102_A414707</varequal></conditionvar><setvar action="Set">0.000000000</setvar><displayfeedback feedbacktype="Response" linkrefid="QUES_111721_122102_IF414707" /></respcondition></resprocessing><itemfeedback ident="QUES_111721_122102_IF414704"><material><mattext texttype="text/plain" /></material></itemfeedback><itemfeedback ident="QUES_111721_122102_IF414705"><material><mattext texttype="text/plain" /></material></itemfeedback><itemfeedback ident="QUES_111721_122102_IF414706"><material><mattext texttype="text/plain" /></material></itemfeedback><itemfeedback ident="QUES_111721_122102_IF414707"><material><mattext texttype="text/plain" /></material></itemfeedback></item><item ident="OBJ_198942" label="QUES_111722_121337" d2l_2p0:page="1"><itemmetadata><qtimetadata><qti_metadatafield><fieldlabel>qmd_computerscored</fieldlabel><fieldentry>yes</fieldentry></qti_metadatafield><qti_metadatafield><fieldlabel>qmd_questiontype</fieldlabel><fieldentry>Multiple Choice</fieldentry></qti_metadatafield><qti_metadatafield><fieldlabel>qmd_weighting</fieldlabel><fieldentry>1.000000000</fieldentry></qti_metadatafield><qti_metadatafield><fieldlabel>qmd_globalid</fieldlabel><fieldentry>da3cb892-135a-484b-820e-083283d37b7d</fieldentry></qti_metadatafield><qti_metadatafield><fieldlabel>qmd_displayid</fieldlabel><fieldentry>XPX1041-1920-106</fieldentry></qti_metadatafield></qtimetadata></itemmetadata><itemproc_extension><d2l_2p0:difficulty>1</d2l_2p0:difficulty><d2l_2p0:isbonus>no</d2l_2p0:isbonus><d2l_2p0:ismandatory>no</d2l_2p0:ismandatory></itemproc_extension><presentation><flow><material><mattext texttype="text/html">&lt;p&gt;In a sequence diagram the line trailing each object represents&lt;/p&gt;</mattext></material><response_extension><d2l_2p0:display_style>2</d2l_2p0:display_style><d2l_2p0:enumeration>6</d2l_2p0:enumeration><d2l_2p0:grading_type>0</d2l_2p0:grading_type></response_extension><response_lid ident="QUES_111722_121337_LID" rcardinality="Single"><render_choice shuffle="yes"><flow_label class="Block"><response_label ident="QUES_111722_121337_A412018"><flow_mat><material><mattext texttype="text/html">&lt;p&gt;timeline&lt;/p&gt;</mattext></material></flow_mat></response_label></flow_label><flow_label class="Block"><response_label ident="QUES_111722_121337_A412019"><flow_mat><material><mattext texttype="text/html">&lt;p&gt;lifeline&lt;/p&gt;</mattext></material></flow_mat></response_label></flow_label><flow_label class="Block"><response_label ident="QUES_111722_121337_A412020"><flow_mat><material><mattext texttype="text/html">&lt;p&gt;event&lt;/p&gt;</mattext></material></flow_mat></response_label></flow_label><flow_label class="Block"><response_label ident="QUES_111722_121337_A412021"><flow_mat><material><mattext texttype="text/html">&lt;p&gt;message&lt;/p&gt;</mattext></material></flow_mat></response_label></flow_label></render_choice></response_lid></flow></presentation><resprocessing><respcondition title="Response Condition 1"><conditionvar><varequal respident="QUES_111722_121337_LID">QUES_111722_121337_A412018</varequal></conditionvar><setvar action="Set">100.000000000</setvar><displayfeedback feedbacktype="Response" linkrefid="QUES_111722_121337_IF412018" /></respcondition><respcondition title="Response Condition 2"><conditionvar><varequal respident="QUES_111722_121337_LID">QUES_111722_121337_A412019</varequal></conditionvar><setvar action="Set">0.000000000</setvar><displayfeedback feedbacktype="Response" linkrefid="QUES_111722_121337_IF412019" /></respcondition><respcondition title="Response Condition 3"><conditionvar><varequal respident="QUES_111722_121337_LID">QUES_111722_121337_A412020</varequal></conditionvar><setvar action="Set">0.000000000</setvar><displayfeedback feedbacktype="Response" linkrefid="QUES_111722_121337_IF412020" /></respcondition><respcondition title="Response Condition 4"><conditionvar><varequal respident="QUES_111722_121337_LID">QUES_111722_121337_A412021</varequal></conditionvar><setvar action="Set">0.000000000</setvar><displayfeedback feedbacktype="Response" linkrefid="QUES_111722_121337_IF412021" /></respcondition></resprocessing><itemfeedback ident="QUES_111722_121337_IF412018"><material><mattext texttype="text/plain" /></material></itemfeedback><itemfeedback ident="QUES_111722_121337_IF412019"><material><mattext texttype="text/plain" /></material></itemfeedback><itemfeedback ident="QUES_111722_121337_IF412020"><material><mattext texttype="text/plain" /></material></itemfeedback><itemfeedback ident="QUES_111722_121337_IF412021"><material><mattext texttype="text/plain" /></material></itemfeedback></item><item ident="OBJ_198943" label="QUES_111723_121340" d2l_2p0:page="1" title="Layout manager"><itemmetadata><qtimetadata><qti_metadatafield><fieldlabel>qmd_computerscored</fieldlabel><fieldentry>yes</fieldentry></qti_metadatafield><qti_metadatafield><fieldlabel>qmd_questiontype</fieldlabel><fieldentry>Multi-Select</fieldentry></qti_metadatafield><qti_metadatafield><fieldlabel>qmd_weighting</fieldlabel><fieldentry>1.000000000</fieldentry></qti_metadatafield><qti_metadatafield><fieldlabel>qmd_globalid</fieldlabel><fieldentry>ebb833d6-fb19-4250-8988-72606e727928</fieldentry></qti_metadatafield><qti_metadatafield><fieldlabel>qmd_displayid</fieldlabel><fieldentry>XPX1041-1920-107</fieldentry></qti_metadatafield></qtimetadata></itemmetadata><itemproc_extension><d2l_2p0:difficulty>1</d2l_2p0:difficulty><d2l_2p0:isbonus>no</d2l_2p0:isbonus><d2l_2p0:ismandatory>no</d2l_2p0:ismandatory></itemproc_extension><presentation><flow><material><mattext texttype="text/html">&lt;p&gt;Consider a layout manager system where components such as TextBoxes, Buttons, Links and Labels can be placed within a container such as the form window.&amp;nbsp; If such a system were abstracted into classes.&amp;nbsp; What is the relationship between the text in each component and the Component class (select all that apply).&lt;/p&gt;</mattext></material><response_extension><d2l_2p0:display_style>2</d2l_2p0:display_style><d2l_2p0:enumeration>6</d2l_2p0:enumeration><d2l_2p0:grading_type>2</d2l_2p0:grading_type></response_extension><response_lid ident="QUES_111723_121340_LID" rcardinality="Multiple"><render_choice shuffle="no"><flow_label class="Block"><response_label ident="QUES_111723_121340_A412033"><flow_mat><material><mattext texttype="text/html">&lt;p&gt;Dependency&lt;/p&gt;</mattext></material></flow_mat></response_label></flow_label><flow_label class="Block"><response_label ident="QUES_111723_121340_A412034"><flow_mat><material><mattext texttype="text/html">&lt;p&gt;Abstraction&lt;/p&gt;</mattext></material></flow_mat></response_label></flow_label><flow_label class="Block"><response_label ident="QUES_111723_121340_A412035"><flow_mat><material><mattext texttype="text/html">&lt;p&gt;Generalisation&lt;/p&gt;</mattext></material></flow_mat></response_label></flow_label><flow_label class="Block"><response_label ident="QUES_111723_121340_A412036"><flow_mat><material><mattext texttype="text/html">&lt;p&gt;Inheritance&lt;/p&gt;</mattext></material></flow_mat></response_label></flow_label><flow_label class="Block"><response_label ident="QUES_111723_121340_A412037"><flow_mat><material><mattext texttype="text/html">&lt;p&gt;Weak association&lt;/p&gt;</mattext></material></flow_mat></response_label></flow_label><flow_label class="Block"><response_label ident="QUES_111723_121340_A412038"><flow_mat><material><mattext texttype="text/html">&lt;p&gt;Aggregation&lt;/p&gt;</mattext></material></flow_mat></response_label></flow_label><flow_label class="Block"><response_label ident="QUES_111723_121340_A412039"><flow_mat><material><mattext texttype="text/html">&lt;p&gt;Composition&lt;/p&gt;</mattext></material></flow_mat></response_label></flow_label></render_choice></response_lid></flow></presentation><resprocessing><outcomes><decvar vartype="Integer" defaultval="0" varname="que_score" minvalue="0" maxvalue="100" /><decvar vartype="Integer" defaultval="0" varname="D2L_Correct" minvalue="0" /><decvar vartype="Integer" defaultval="0" varname="D2L_Incorrect" minvalue="0" /></outcomes><respcondition title="Response Condition" continue="yes"><conditionvar><varequal respident="QUES_111723_121340_LID">QUES_111723_121340_A412033</varequal></conditionvar><setvar varname="D2L_Correct" action="Add">1</setvar></respcondition><respcondition title="Response Condition" continue="yes"><conditionvar><varequal respident="QUES_111723_121340_LID">QUES_111723_121340_A412034</varequal></conditionvar><setvar varname="D2L_Incorrect" action="Add">1</setvar></respcondition><respcondition title="Response Condition" continue="yes"><conditionvar><varequal respident="QUES_111723_121340_LID">QUES_111723_121340_A412035</varequal></conditionvar><setvar varname="D2L_Incorrect" action="Add">1</setvar></respcondition><respcondition title="Response Condition" continue="yes"><conditionvar><varequal respident="QUES_111723_121340_LID">QUES_111723_121340_A412036</varequal></conditionvar><setvar varname="D2L_Incorrect" action="Add">1</setvar></respcondition><respcondition title="Response Condition" continue="yes"><conditionvar><varequal respident="QUES_111723_121340_LID">QUES_111723_121340_A412037</varequal></conditionvar><setvar varname="D2L_Correct" action="Add">1</setvar></respcondition><respcondition title="Response Condition" continue="yes"><conditionvar><varequal respident="QUES_111723_121340_LID">QUES_111723_121340_A412038</varequal></conditionvar><setvar varname="D2L_Correct" action="Add">1</setvar></respcondition><respcondition title="Response Condition" continue="yes"><conditionvar><varequal respident="QUES_111723_121340_LID">QUES_111723_121340_A412039</varequal></conditionvar><setvar varname="D2L_Incorrect" action="Add">1</setvar></respcondition><respcondition><setvar varname="que_score" action="Set">D2L_Correct</setvar></respcondition></resprocessing><itemfeedback ident="QUES_111723_121340_IF412033"><material><mattext texttype="text/html" /></material></itemfeedback><itemfeedback ident="QUES_111723_121340_IF412034"><material><mattext texttype="text/html" /></material></itemfeedback><itemfeedback ident="QUES_111723_121340_IF412035"><material><mattext texttype="text/html" /></material></itemfeedback><itemfeedback ident="QUES_111723_121340_IF412036"><material><mattext texttype="text/html" /></material></itemfeedback><itemfeedback ident="QUES_111723_121340_IF412037"><material><mattext texttype="text/html" /></material></itemfeedback><itemfeedback ident="QUES_111723_121340_IF412038"><material><mattext texttype="text/html" /></material></itemfeedback><itemfeedback ident="QUES_111723_121340_IF412039"><material><mattext texttype="text/html" /></material></itemfeedback></item><item ident="OBJ_198944" label="QUES_111724_121339" d2l_2p0:page="1"><itemmetadata><qtimetadata><qti_metadatafield><fieldlabel>qmd_computerscored</fieldlabel><fieldentry>yes</fieldentry></qti_metadatafield><qti_metadatafield><fieldlabel>qmd_questiontype</fieldlabel><fieldentry>Multiple Choice</fieldentry></qti_metadatafield><qti_metadatafield><fieldlabel>qmd_weighting</fieldlabel><fieldentry>1.000000000</fieldentry></qti_metadatafield><qti_metadatafield><fieldlabel>qmd_globalid</fieldlabel><fieldentry>73fbbf96-8f34-493b-8e3a-692033351d6f</fieldentry></qti_metadatafield><qti_metadatafield><fieldlabel>qmd_displayid</fieldlabel><fieldentry>XPX1041-1920-108</fieldentry></qti_metadatafield></qtimetadata></itemmetadata><itemproc_extension><d2l_2p0:difficulty>1</d2l_2p0:difficulty><d2l_2p0:isbonus>no</d2l_2p0:isbonus><d2l_2p0:ismandatory>no</d2l_2p0:ismandatory></itemproc_extension><presentation><flow><material><mattext texttype="text/html">&lt;p&gt;A key aspect of encapsulation involves&lt;/p&gt;</mattext></material><response_extension><d2l_2p0:display_style>2</d2l_2p0:display_style><d2l_2p0:enumeration>6</d2l_2p0:enumeration><d2l_2p0:grading_type>0</d2l_2p0:grading_type></response_extension><response_lid ident="QUES_111724_121339_LID" rcardinality="Single"><render_choice shuffle="no"><flow_label class="Block"><response_label ident="QUES_111724_121339_A412029"><flow_mat><material><mattext texttype="text/html">&lt;p&gt;member visibility&lt;/p&gt;</mattext></material></flow_mat></response_label></flow_label><flow_label class="Block"><response_label ident="QUES_111724_121339_A412030"><flow_mat><material><mattext texttype="text/html">&lt;p&gt;member types&lt;/p&gt;</mattext></material></flow_mat></response_label></flow_label><flow_label class="Block"><response_label ident="QUES_111724_121339_A412031"><flow_mat><material><mattext texttype="text/html">&lt;p&gt;inheritance hierarchy&lt;/p&gt;</mattext></material></flow_mat></response_label></flow_label><flow_label class="Block"><response_label ident="QUES_111724_121339_A412032"><flow_mat><material><mattext texttype="text/html">&lt;p&gt;polymorphism&lt;/p&gt;</mattext></material></flow_mat></response_label></flow_label></render_choice></response_lid></flow></presentation><resprocessing><respcondition title="Response Condition 1"><conditionvar><varequal respident="QUES_111724_121339_LID">QUES_111724_121339_A412029</varequal></conditionvar><setvar action="Set">100.000000000</setvar><displayfeedback feedbacktype="Response" linkrefid="QUES_111724_121339_IF412029" /></respcondition><respcondition title="Response Condition 2"><conditionvar><varequal respident="QUES_111724_121339_LID">QUES_111724_121339_A412030</varequal></conditionvar><setvar action="Set">0.000000000</setvar><displayfeedback feedbacktype="Response" linkrefid="QUES_111724_121339_IF412030" /></respcondition><respcondition title="Response Condition 3"><conditionvar><varequal respident="QUES_111724_121339_LID">QUES_111724_121339_A412031</varequal></conditionvar><setvar action="Set">0.000000000</setvar><displayfeedback feedbacktype="Response" linkrefid="QUES_111724_121339_IF412031" /></respcondition><respcondition title="Response Condition 4"><conditionvar><varequal respident="QUES_111724_121339_LID">QUES_111724_121339_A412032</varequal></conditionvar><setvar action="Set">0.000000000</setvar><displayfeedback feedbacktype="Response" linkrefid="QUES_111724_121339_IF412032" /></respcondition></resprocessing><itemfeedback ident="QUES_111724_121339_IF412029"><material><mattext texttype="text/plain" /></material></itemfeedback><itemfeedback ident="QUES_111724_121339_IF412030"><material><mattext texttype="text/plain" /></material></itemfeedback><itemfeedback ident="QUES_111724_121339_IF412031"><material><mattext texttype="text/plain" /></material></itemfeedback><itemfeedback ident="QUES_111724_121339_IF412032"><material><mattext texttype="text/plain" /></material></itemfeedback></item><item ident="OBJ_198945" label="QUES_111725_121341" d2l_2p0:page="1"><itemmetadata><qtimetadata><qti_metadatafield><fieldlabel>qmd_computerscored</fieldlabel><fieldentry>yes</fieldentry></qti_metadatafield><qti_metadatafield><fieldlabel>qmd_questiontype</fieldlabel><fieldentry>True/False</fieldentry></qti_metadatafield><qti_metadatafield><fieldlabel>qmd_weighting</fieldlabel><fieldentry>1.000000000</fieldentry></qti_metadatafield><qti_metadatafield><fieldlabel>qmd_globalid</fieldlabel><fieldentry>9c77f38c-6433-4334-b7ee-6d6b414e1118</fieldentry></qti_metadatafield><qti_metadatafield><fieldlabel>qmd_displayid</fieldlabel><fieldentry>XPX1041-1920-110</fieldentry></qti_metadatafield></qtimetadata></itemmetadata><itemproc_extension><d2l_2p0:difficulty>1</d2l_2p0:difficulty><d2l_2p0:isbonus>no</d2l_2p0:isbonus><d2l_2p0:ismandatory>no</d2l_2p0:ismandatory></itemproc_extension><presentation><flow><material><mattext texttype="text/html">&lt;p&gt;An actor in a use case model represents the last person who interacted with the system&lt;/p&gt;</mattext></material><response_extension><d2l_2p0:display_style>2</d2l_2p0:display_style><d2l_2p0:enumeration>6</d2l_2p0:enumeration><d2l_2p0:grading_type>0</d2l_2p0:grading_type></response_extension><response_lid ident="QUES_111725_121341_LID" rcardinality="Single"><render_choice shuffle="no"><flow_label class="Block"><response_label ident="QUES_111725_121341_A412040"><flow_mat><material><mattext texttype="text/plain">True</mattext></material></flow_mat></response_label></flow_label><flow_label class="Block"><response_label ident="QUES_111725_121341_A412041"><flow_mat><material><mattext texttype="text/plain">False</mattext></material></flow_mat></response_label></flow_label></render_choice></response_lid></flow></presentation><resprocessing><respcondition title="Response Condition 1"><conditionvar><varequal respident="QUES_111725_121341_LID">QUES_111725_121341_A412040</varequal></conditionvar><setvar action="Set">0.000000000</setvar><displayfeedback feedbacktype="Response" linkrefid="QUES_111725_121341_IF412040" /></respcondition><respcondition title="Response Condition 2"><conditionvar><varequal respident="QUES_111725_121341_LID">QUES_111725_121341_A412041</varequal></conditionvar><setvar action="Set">100.000000000</setvar><displayfeedback feedbacktype="Response" linkrefid="QUES_111725_121341_IF412041" /></respcondition></resprocessing><itemfeedback ident="QUES_111725_121341_IF412040"><material><mattext texttype="text/plain" /></material></itemfeedback><itemfeedback ident="QUES_111725_121341_IF412041"><material><mattext texttype="text/plain" /></material></itemfeedback></item><item ident="OBJ_198946" label="QUES_111726_121342" d2l_2p0:page="1"><itemmetadata><qtimetadata><qti_metadatafield><fieldlabel>qmd_computerscored</fieldlabel><fieldentry>yes</fieldentry></qti_metadatafield><qti_metadatafield><fieldlabel>qmd_questiontype</fieldlabel><fieldentry>True/False</fieldentry></qti_metadatafield><qti_metadatafield><fieldlabel>qmd_weighting</fieldlabel><fieldentry>1.000000000</fieldentry></qti_metadatafield><qti_metadatafield><fieldlabel>qmd_globalid</fieldlabel><fieldentry>34199b60-b605-4799-b985-2eb9acc398e8</fieldentry></qti_metadatafield><qti_metadatafield><fieldlabel>qmd_displayid</fieldlabel><fieldentry>XPX1041-1920-111</fieldentry></qti_metadatafield></qtimetadata></itemmetadata><itemproc_extension><d2l_2p0:difficulty>1</d2l_2p0:difficulty><d2l_2p0:isbonus>no</d2l_2p0:isbonus><d2l_2p0:ismandatory>no</d2l_2p0:ismandatory></itemproc_extension><presentation><flow><material><mattext texttype="text/html">&lt;p&gt;In an activity diagram.&amp;nbsp; Asynchronous events can be represented using fork and join methods.&lt;/p&gt;</mattext></material><response_extension><d2l_2p0:display_style>2</d2l_2p0:display_style><d2l_2p0:enumeration>6</d2l_2p0:enumeration><d2l_2p0:grading_type>0</d2l_2p0:grading_type></response_extension><response_lid ident="QUES_111726_121342_LID" rcardinality="Single"><render_choice shuffle="no"><flow_label class="Block"><response_label ident="QUES_111726_121342_A412042"><flow_mat><material><mattext texttype="text/plain">True</mattext></material></flow_mat></response_label></flow_label><flow_label class="Block"><response_label ident="QUES_111726_121342_A412043"><flow_mat><material><mattext texttype="text/plain">False</mattext></material></flow_mat></response_label></flow_label></render_choice></response_lid></flow></presentation><resprocessing><respcondition title="Response Condition 1"><conditionvar><varequal respident="QUES_111726_121342_LID">QUES_111726_121342_A412042</varequal></conditionvar><setvar action="Set">100.000000000</setvar><displayfeedback feedbacktype="Response" linkrefid="QUES_111726_121342_IF412042" /></respcondition><respcondition title="Response Condition 2"><conditionvar><varequal respident="QUES_111726_121342_LID">QUES_111726_121342_A412043</varequal></conditionvar><setvar action="Set">0.000000000</setvar><displayfeedback feedbacktype="Response" linkrefid="QUES_111726_121342_IF412043" /></respcondition></resprocessing><itemfeedback ident="QUES_111726_121342_IF412042"><material><mattext texttype="text/plain" /></material></itemfeedback><itemfeedback ident="QUES_111726_121342_IF412043"><material><mattext texttype="text/plain" /></material></itemfeedback></item><item ident="OBJ_198947" label="QUES_111727_121343" d2l_2p0:page="1"><itemmetadata><qtimetadata><qti_metadatafield><fieldlabel>qmd_computerscored</fieldlabel><fieldentry>yes</fieldentry></qti_metadatafield><qti_metadatafield><fieldlabel>qmd_questiontype</fieldlabel><fieldentry>Short Answer</fieldentry></qti_metadatafield><qti_metadatafield><fieldlabel>qmd_weighting</fieldlabel><fieldentry>1.000000000</fieldentry></qti_metadatafield><qti_metadatafield><fieldlabel>qmd_globalid</fieldlabel><fieldentry>7b533ddd-6e45-4c1a-9425-c6eef780806a</fieldentry></qti_metadatafield><qti_metadatafield><fieldlabel>qmd_displayid</fieldlabel><fieldentry>XPX1041-1920-112</fieldentry></qti_metadatafield></qtimetadata></itemmetadata><itemproc_extension><d2l_2p0:difficulty>1</d2l_2p0:difficulty><d2l_2p0:isbonus>no</d2l_2p0:isbonus><d2l_2p0:ismandatory>no</d2l_2p0:ismandatory></itemproc_extension><presentation><flow><material><mattext texttype="text/html">&lt;p&gt;In a use-case model, the use case relationship that is optionally required for another use-case to complete is called&lt;/p&gt;</mattext></material><response_extension><d2l_2p0:grading_type>0</d2l_2p0:grading_type></response_extension><response_str ident="QUES_111727_121343_A412044_STR" rcardinality="Single"><render_fib rows="1" columns="60" prompt="Box" fibtype="String"><response_label ident="QUES_111727_121343_A412044_ANS" /></render_fib></response_str></flow></presentation><resprocessing><outcomes><decvar vartype="Integer" minvalue="0" maxvalue="100" varname="Blank_1" /></outcomes><respcondition><conditionvar><varequal respident="QUES_111727_121343_A412044_ANS" case="no">extends</varequal></conditionvar><setvar action="Set">100.000000000</setvar></respcondition><respcondition><conditionvar><other /></conditionvar><setvar varname="que_score" action="Set">D2L_Correct</setvar></respcondition></resprocessing></item><item ident="OBJ_198948" label="QUES_111728_121344" d2l_2p0:page="1" title="Swimlane"><itemmetadata><qtimetadata><qti_metadatafield><fieldlabel>qmd_computerscored</fieldlabel><fieldentry>yes</fieldentry></qti_metadatafield><qti_metadatafield><fieldlabel>qmd_questiontype</fieldlabel><fieldentry>Multi-Select</fieldentry></qti_metadatafield><qti_metadatafield><fieldlabel>qmd_weighting</fieldlabel><fieldentry>1.000000000</fieldentry></qti_metadatafield><qti_metadatafield><fieldlabel>qmd_globalid</fieldlabel><fieldentry>f09846db-fcb5-4843-85b6-47ea1c8dd6ee</fieldentry></qti_metadatafield><qti_metadatafield><fieldlabel>qmd_displayid</fieldlabel><fieldentry>XPX1041-1920-113</fieldentry></qti_metadatafield></qtimetadata></itemmetadata><itemproc_extension><d2l_2p0:difficulty>1</d2l_2p0:difficulty><d2l_2p0:isbonus>no</d2l_2p0:isbonus><d2l_2p0:ismandatory>no</d2l_2p0:ismandatory></itemproc_extension><presentation><flow><material><mattext texttype="text/html">&lt;p&gt;In an activity diagram, a swimlane can be used to represent (select two).&lt;/p&gt;</mattext></material><response_extension><d2l_2p0:display_style>2</d2l_2p0:display_style><d2l_2p0:enumeration>6</d2l_2p0:enumeration><d2l_2p0:grading_type>0</d2l_2p0:grading_type></response_extension><response_lid ident="QUES_111728_121344_LID" rcardinality="Multiple"><render_choice shuffle="no"><flow_label class="Block"><response_label ident="QUES_111728_121344_A412045"><flow_mat><material><mattext texttype="text/html">&lt;p&gt;Actor particpation&lt;/p&gt;</mattext></material></flow_mat></response_label></flow_label><flow_label class="Block"><response_label ident="QUES_111728_121344_A412046"><flow_mat><material><mattext texttype="text/html">&lt;p&gt;Object collaboration&lt;/p&gt;</mattext></material></flow_mat></response_label></flow_label><flow_label class="Block"><response_label ident="QUES_111728_121344_A412047"><flow_mat><material><mattext texttype="text/html">&lt;p&gt;Sub system interaction&lt;/p&gt;</mattext></material></flow_mat></response_label></flow_label><flow_label class="Block"><response_label ident="QUES_111728_121344_A412048"><flow_mat><material><mattext texttype="text/html">&lt;p&gt;Message Passing&lt;/p&gt;</mattext></material></flow_mat></response_label></flow_label></render_choice></response_lid></flow></presentation><resprocessing><outcomes><decvar vartype="Integer" defaultval="0" /></outcomes><respcondition title="Scoring for the correct answers" continue="yes"><conditionvar><varequal respident="QUES_111728_121344_LID">QUES_111728_121344_A412045</varequal><varequal respident="QUES_111728_121344_LID">QUES_111728_121344_A412047</varequal><not><varequal respident="QUES_111728_121344_LID">QUES_111728_121344_A412046</varequal><varequal respident="QUES_111728_121344_LID">QUES_111728_121344_A412048</varequal></not></conditionvar><setvar action="Add">1</setvar></respcondition><respcondition title="Scoring for the incorrect answers" continue="no"><conditionvar><and><not><varequal respident="QUES_111728_121344_LID">QUES_111728_121344_A412045</varequal><varequal respident="QUES_111728_121344_LID">QUES_111728_121344_A412047</varequal><not><varequal respident="QUES_111728_121344_LID">QUES_111728_121344_A412046</varequal><varequal respident="QUES_111728_121344_LID">QUES_111728_121344_A412048</varequal></not></not></and></conditionvar><setvar action="Add">0</setvar></respcondition></resprocessing><itemfeedback ident="QUES_111728_121344_IF412045"><material><mattext texttype="text/html" /></material></itemfeedback><itemfeedback ident="QUES_111728_121344_IF412046"><material><mattext texttype="text/html" /></material></itemfeedback><itemfeedback ident="QUES_111728_121344_IF412047"><material><mattext texttype="text/html" /></material></itemfeedback><itemfeedback ident="QUES_111728_121344_IF412048"><material><mattext texttype="text/html" /></material></itemfeedback></item><item ident="OBJ_198949" label="QUES_111729_121345" d2l_2p0:page="1"><itemmetadata><qtimetadata><qti_metadatafield><fieldlabel>qmd_computerscored</fieldlabel><fieldentry>yes</fieldentry></qti_metadatafield><qti_metadatafield><fieldlabel>qmd_questiontype</fieldlabel><fieldentry>True/False</fieldentry></qti_metadatafield><qti_metadatafield><fieldlabel>qmd_weighting</fieldlabel><fieldentry>1.000000000</fieldentry></qti_metadatafield><qti_metadatafield><fieldlabel>qmd_globalid</fieldlabel><fieldentry>d4c3e4c0-6297-4ec3-b817-68f8375dd21b</fieldentry></qti_metadatafield><qti_metadatafield><fieldlabel>qmd_displayid</fieldlabel><fieldentry>XPX1041-1920-114</fieldentry></qti_metadatafield></qtimetadata></itemmetadata><itemproc_extension><d2l_2p0:difficulty>1</d2l_2p0:difficulty><d2l_2p0:isbonus>no</d2l_2p0:isbonus><d2l_2p0:ismandatory>no</d2l_2p0:ismandatory></itemproc_extension><presentation><flow><material><mattext texttype="text/html">&lt;p&gt;Private messages can be overloaded&lt;/p&gt;</mattext></material><response_extension><d2l_2p0:display_style>2</d2l_2p0:display_style><d2l_2p0:enumeration>6</d2l_2p0:enumeration><d2l_2p0:grading_type>0</d2l_2p0:grading_type></response_extension><response_lid ident="QUES_111729_121345_LID" rcardinality="Single"><render_choice shuffle="no"><flow_label class="Block"><response_label ident="QUES_111729_121345_A412049"><flow_mat><material><mattext texttype="text/plain">True</mattext></material></flow_mat></response_label></flow_label><flow_label class="Block"><response_label ident="QUES_111729_121345_A412050"><flow_mat><material><mattext texttype="text/plain">False</mattext></material></flow_mat></response_label></flow_label></render_choice></response_lid></flow></presentation><resprocessing><respcondition title="Response Condition 1"><conditionvar><varequal respident="QUES_111729_121345_LID">QUES_111729_121345_A412049</varequal></conditionvar><setvar action="Set">100.000000000</setvar><displayfeedback feedbacktype="Response" linkrefid="QUES_111729_121345_IF412049" /></respcondition><respcondition title="Response Condition 2"><conditionvar><varequal respident="QUES_111729_121345_LID">QUES_111729_121345_A412050</varequal></conditionvar><setvar action="Set">0.000000000</setvar><displayfeedback feedbacktype="Response" linkrefid="QUES_111729_121345_IF412050" /></respcondition></resprocessing><itemfeedback ident="QUES_111729_121345_IF412049"><material><mattext texttype="text/plain" /></material></itemfeedback><itemfeedback ident="QUES_111729_121345_IF412050"><material><mattext texttype="text/plain" /></material></itemfeedback></item><item ident="OBJ_198950" label="QUES_111730_121347" d2l_2p0:page="1"><itemmetadata><qtimetadata><qti_metadatafield><fieldlabel>qmd_computerscored</fieldlabel><fieldentry>yes</fieldentry></qti_metadatafield><qti_metadatafield><fieldlabel>qmd_questiontype</fieldlabel><fieldentry>True/False</fieldentry></qti_metadatafield><qti_metadatafield><fieldlabel>qmd_weighting</fieldlabel><fieldentry>1.000000000</fieldentry></qti_metadatafield><qti_metadatafield><fieldlabel>qmd_globalid</fieldlabel><fieldentry>81459a2e-623c-4adf-8887-6aa20918c4ca</fieldentry></qti_metadatafield><qti_metadatafield><fieldlabel>qmd_displayid</fieldlabel><fieldentry>XPX1041-1920-115</fieldentry></qti_metadatafield></qtimetadata></itemmetadata><itemproc_extension><d2l_2p0:difficulty>1</d2l_2p0:difficulty><d2l_2p0:isbonus>no</d2l_2p0:isbonus><d2l_2p0:ismandatory>no</d2l_2p0:ismandatory></itemproc_extension><presentation><flow><material><mattext texttype="text/html">&lt;p&gt;Protected members can be seen outside a class hierarchy&lt;/p&gt;</mattext></material><response_extension><d2l_2p0:display_style>2</d2l_2p0:display_style><d2l_2p0:enumeration>6</d2l_2p0:enumeration><d2l_2p0:grading_type>0</d2l_2p0:grading_type></response_extension><response_lid ident="QUES_111730_121347_LID" rcardinality="Single"><render_choice shuffle="no"><flow_label class="Block"><response_label ident="QUES_111730_121347_A412053"><flow_mat><material><mattext texttype="text/plain">True</mattext></material></flow_mat></response_label></flow_label><flow_label class="Block"><response_label ident="QUES_111730_121347_A412054"><flow_mat><material><mattext texttype="text/plain">False</mattext></material></flow_mat></response_label></flow_label></render_choice></response_lid></flow></presentation><resprocessing><respcondition title="Response Condition 1"><conditionvar><varequal respident="QUES_111730_121347_LID">QUES_111730_121347_A412053</varequal></conditionvar><setvar action="Set">0.000000000</setvar><displayfeedback feedbacktype="Response" linkrefid="QUES_111730_121347_IF412053" /></respcondition><respcondition title="Response Condition 2"><conditionvar><varequal respident="QUES_111730_121347_LID">QUES_111730_121347_A412054</varequal></conditionvar><setvar action="Set">100.000000000</setvar><displayfeedback feedbacktype="Response" linkrefid="QUES_111730_121347_IF412054" /></respcondition></resprocessing><itemfeedback ident="QUES_111730_121347_IF412053"><material><mattext texttype="text/plain" /></material></itemfeedback><itemfeedback ident="QUES_111730_121347_IF412054"><material><mattext texttype="text/plain" /></material></itemfeedback></item><item ident="OBJ_198951" label="QUES_111731_121348" d2l_2p0:page="1"><itemmetadata><qtimetadata><qti_metadatafield><fieldlabel>qmd_computerscored</fieldlabel><fieldentry>yes</fieldentry></qti_metadatafield><qti_metadatafield><fieldlabel>qmd_questiontype</fieldlabel><fieldentry>Multiple Choice</fieldentry></qti_metadatafield><qti_metadatafield><fieldlabel>qmd_weighting</fieldlabel><fieldentry>1.000000000</fieldentry></qti_metadatafield><qti_metadatafield><fieldlabel>qmd_globalid</fieldlabel><fieldentry>b9c35f0a-db8f-4cb7-928f-08a81c51d919</fieldentry></qti_metadatafield><qti_metadatafield><fieldlabel>qmd_displayid</fieldlabel><fieldentry>XPX1041-1920-117</fieldentry></qti_metadatafield></qtimetadata></itemmetadata><itemproc_extension><d2l_2p0:difficulty>1</d2l_2p0:difficulty><d2l_2p0:isbonus>no</d2l_2p0:isbonus><d2l_2p0:ismandatory>no</d2l_2p0:ismandatory></itemproc_extension><presentation><flow><material><mattext texttype="text/html">&lt;p&gt;Which of this is NOT used in a sequence diagram&lt;/p&gt;</mattext></material><response_extension><d2l_2p0:display_style>2</d2l_2p0:display_style><d2l_2p0:enumeration>6</d2l_2p0:enumeration><d2l_2p0:grading_type>0</d2l_2p0:grading_type></response_extension><response_lid ident="QUES_111731_121348_LID" rcardinality="Single"><render_choice shuffle="no"><flow_label class="Block"><response_label ident="QUES_111731_121348_A412055"><flow_mat><material><mattext texttype="text/html">&lt;p&gt;Actor&lt;/p&gt;</mattext></material></flow_mat></response_label></flow_label><flow_label class="Block"><response_label ident="QUES_111731_121348_A412056"><flow_mat><material><mattext texttype="text/html">&lt;p&gt;Message&lt;/p&gt;</mattext></material></flow_mat></response_label></flow_label><flow_label class="Block"><response_label ident="QUES_111731_121348_A412057"><flow_mat><material><mattext texttype="text/html">&lt;p&gt;Join&lt;/p&gt;</mattext></material></flow_mat></response_label></flow_label><flow_label class="Block"><response_label ident="QUES_111731_121348_A412058"><flow_mat><material><mattext texttype="text/html">&lt;p&gt;Function&lt;/p&gt;</mattext></material></flow_mat></response_label></flow_label></render_choice></response_lid></flow></presentation><resprocessing><respcondition title="Response Condition 1"><conditionvar><varequal respident="QUES_111731_121348_LID">QUES_111731_121348_A412055</varequal></conditionvar><setvar action="Set">0.000000000</setvar><displayfeedback feedbacktype="Response" linkrefid="QUES_111731_121348_IF412055" /></respcondition><respcondition title="Response Condition 2"><conditionvar><varequal respident="QUES_111731_121348_LID">QUES_111731_121348_A412056</varequal></conditionvar><setvar action="Set">0.000000000</setvar><displayfeedback feedbacktype="Response" linkrefid="QUES_111731_121348_IF412056" /></respcondition><respcondition title="Response Condition 3"><conditionvar><varequal respident="QUES_111731_121348_LID">QUES_111731_121348_A412057</varequal></conditionvar><setvar action="Set">100.000000000</setvar><displayfeedback feedbacktype="Response" linkrefid="QUES_111731_121348_IF412057" /></respcondition><respcondition title="Response Condition 4"><conditionvar><varequal respident="QUES_111731_121348_LID">QUES_111731_121348_A412058</varequal></conditionvar><setvar action="Set">0.000000000</setvar><displayfeedback feedbacktype="Response" linkrefid="QUES_111731_121348_IF412058" /></respcondition></resprocessing><itemfeedback ident="QUES_111731_121348_IF412055"><material><mattext texttype="text/plain" /></material></itemfeedback><itemfeedback ident="QUES_111731_121348_IF412056"><material><mattext texttype="text/plain" /></material></itemfeedback><itemfeedback ident="QUES_111731_121348_IF412057"><material><mattext texttype="text/plain" /></material></itemfeedback><itemfeedback ident="QUES_111731_121348_IF412058"><material><mattext texttype="text/plain" /></material></itemfeedback></item><item ident="OBJ_198955" label="QUES_111732_121349" d2l_2p0:page="1"><itemmetadata><qtimetadata><qti_metadatafield><fieldlabel>qmd_computerscored</fieldlabel><fieldentry>yes</fieldentry></qti_metadatafield><qti_metadatafield><fieldlabel>qmd_questiontype</fieldlabel><fieldentry>Multiple Choice</fieldentry></qti_metadatafield><qti_metadatafield><fieldlabel>qmd_weighting</fieldlabel><fieldentry>1.000000000</fieldentry></qti_metadatafield><qti_metadatafield><fieldlabel>qmd_globalid</fieldlabel><fieldentry>cfacefdc-96f0-4b14-b4e7-fbe44a3d49f5</fieldentry></qti_metadatafield><qti_metadatafield><fieldlabel>qmd_displayid</fieldlabel><fieldentry>XPX1041-1920-118</fieldentry></qti_metadatafield></qtimetadata></itemmetadata><itemproc_extension><d2l_2p0:difficulty>1</d2l_2p0:difficulty><d2l_2p0:isbonus>no</d2l_2p0:isbonus><d2l_2p0:ismandatory>no</d2l_2p0:ismandatory></itemproc_extension><presentation><flow><material><mattext texttype="text/html">&lt;p&gt;which of the following is NOT an asynchronous message example&lt;/p&gt;</mattext></material><response_extension><d2l_2p0:display_style>2</d2l_2p0:display_style><d2l_2p0:enumeration>6</d2l_2p0:enumeration><d2l_2p0:grading_type>0</d2l_2p0:grading_type></response_extension><response_lid ident="QUES_111732_121349_LID" rcardinality="Single"><render_choice shuffle="yes"><flow_label class="Block"><response_label ident="QUES_111732_121349_A412059"><flow_mat><material><mattext texttype="text/html">&lt;p&gt;send email&lt;/p&gt;</mattext></material></flow_mat></response_label></flow_label><flow_label class="Block"><response_label ident="QUES_111732_121349_A412060"><flow_mat><material><mattext texttype="text/html">&lt;p&gt;send to printer&lt;/p&gt;</mattext></material></flow_mat></response_label></flow_label><flow_label class="Block"><response_label ident="QUES_111732_121349_A412061"><flow_mat><material><mattext texttype="text/html">&lt;p&gt;submit post&lt;/p&gt;</mattext></material></flow_mat></response_label></flow_label><flow_label class="Block"><response_label ident="QUES_111732_121349_A412062"><flow_mat><material><mattext texttype="text/html">&lt;p&gt;layout components&lt;/p&gt;</mattext></material></flow_mat></response_label></flow_label></render_choice></response_lid></flow></presentation><resprocessing><respcondition title="Response Condition 1"><conditionvar><varequal respident="QUES_111732_121349_LID">QUES_111732_121349_A412059</varequal></conditionvar><setvar action="Set">0.000000000</setvar><displayfeedback feedbacktype="Response" linkrefid="QUES_111732_121349_IF412059" /></respcondition><respcondition title="Response Condition 2"><conditionvar><varequal respident="QUES_111732_121349_LID">QUES_111732_121349_A412060</varequal></conditionvar><setvar action="Set">0.000000000</setvar><displayfeedback feedbacktype="Response" linkrefid="QUES_111732_121349_IF412060" /></respcondition><respcondition title="Response Condition 3"><conditionvar><varequal respident="QUES_111732_121349_LID">QUES_111732_121349_A412061</varequal></conditionvar><setvar action="Set">0.000000000</setvar><displayfeedback feedbacktype="Response" linkrefid="QUES_111732_121349_IF412061" /></respcondition><respcondition title="Response Condition 4"><conditionvar><varequal respident="QUES_111732_121349_LID">QUES_111732_121349_A412062</varequal></conditionvar><setvar action="Set">100.000000000</setvar><displayfeedback feedbacktype="Response" linkrefid="QUES_111732_121349_IF412062" /></respcondition></resprocessing><itemfeedback ident="QUES_111732_121349_IF412059"><material><mattext texttype="text/plain" /></material></itemfeedback><itemfeedback ident="QUES_111732_121349_IF412060"><material><mattext texttype="text/plain" /></material></itemfeedback><itemfeedback ident="QUES_111732_121349_IF412061"><material><mattext texttype="text/plain" /></material></itemfeedback><itemfeedback ident="QUES_111732_121349_IF412062"><material><mattext texttype="text/plain" /></material></itemfeedback></item><item ident="OBJ_198956" label="QUES_111733_121350" d2l_2p0:page="1"><itemmetadata><qtimetadata><qti_metadatafield><fieldlabel>qmd_computerscored</fieldlabel><fieldentry>yes</fieldentry></qti_metadatafield><qti_metadatafield><fieldlabel>qmd_questiontype</fieldlabel><fieldentry>True/False</fieldentry></qti_metadatafield><qti_metadatafield><fieldlabel>qmd_weighting</fieldlabel><fieldentry>1.000000000</fieldentry></qti_metadatafield><qti_metadatafield><fieldlabel>qmd_globalid</fieldlabel><fieldentry>b20efa69-9414-427b-972a-e1a33d5b6881</fieldentry></qti_metadatafield><qti_metadatafield><fieldlabel>qmd_displayid</fieldlabel><fieldentry>XPX1041-1920-119</fieldentry></qti_metadatafield></qtimetadata></itemmetadata><itemproc_extension><d2l_2p0:difficulty>1</d2l_2p0:difficulty><d2l_2p0:isbonus>no</d2l_2p0:isbonus><d2l_2p0:ismandatory>no</d2l_2p0:ismandatory></itemproc_extension><presentation><flow><material><mattext texttype="text/html">&lt;p&gt;In a sequence diagram an external message has a looping arrow&lt;/p&gt;</mattext></material><response_extension><d2l_2p0:display_style>2</d2l_2p0:display_style><d2l_2p0:enumeration>6</d2l_2p0:enumeration><d2l_2p0:grading_type>0</d2l_2p0:grading_type></response_extension><response_lid ident="QUES_111733_121350_LID" rcardinality="Single"><render_choice shuffle="no"><flow_label class="Block"><response_label ident="QUES_111733_121350_A412063"><flow_mat><material><mattext texttype="text/plain">True</mattext></material></flow_mat></response_label></flow_label><flow_label class="Block"><response_label ident="QUES_111733_121350_A412064"><flow_mat><material><mattext texttype="text/plain">False</mattext></material></flow_mat></response_label></flow_label></render_choice></response_lid></flow></presentation><resprocessing><respcondition title="Response Condition 1"><conditionvar><varequal respident="QUES_111733_121350_LID">QUES_111733_121350_A412063</varequal></conditionvar><setvar action="Set">0.000000000</setvar><displayfeedback feedbacktype="Response" linkrefid="QUES_111733_121350_IF412063" /></respcondition><respcondition title="Response Condition 2"><conditionvar><varequal respident="QUES_111733_121350_LID">QUES_111733_121350_A412064</varequal></conditionvar><setvar action="Set">100.000000000</setvar><displayfeedback feedbacktype="Response" linkrefid="QUES_111733_121350_IF412064" /></respcondition></resprocessing><itemfeedback ident="QUES_111733_121350_IF412063"><material><mattext texttype="text/plain" /></material></itemfeedback><itemfeedback ident="QUES_111733_121350_IF412064"><material><mattext texttype="text/plain" /></material></itemfeedback></item></section></assessment></questestinterop>