﻿<?xml version="1.0" encoding="UTF-8"?><questestinterop xmlns:d2l_2p0="http://desire2learn.com/xsd/d2lcp_v2p0"><assessment d2l_2p0:id="108" title="Week 1 - Datatypes - Pointers Quiz Question" ident="res_quiz_25427" d2l_2p0:resource_code="huddersfield-328053"><rubric><flow_mat><material><mattext d2l_2p0:isdisplayed="no" texttype="text/html" /></material></flow_mat></rubric><assessmentcontrol hintswitch="no" solutionswitch="no" feedbackswitch="no" /><presentation_material><flow_mat><material label="page header"><mattext d2l_2p0:isdisplayed="no" texttype="text/html" /></material><material label="page footer"><mattext d2l_2p0:isdisplayed="no" texttype="text/html" /></material></flow_mat></presentation_material><assess_procextension><d2l_2p0:intro_message d2l_2p0:isdisplayed="no" texttype="text/html" /><category ident="1366" d2l_2p0:sortorder="1">Single Quick Quiz</category><d2l_2p0:notification_email>john.alamina@hud.ac.uk</d2l_2p0:notification_email><d2l_2p0:disable_right_click>no</d2l_2p0:disable_right_click><d2l_2p0:disable_pager_access>no</d2l_2p0:disable_pager_access><is_active>yes</is_active><d2l_2p0:date_start /><d2l_2p0:date_end /><d2l_2p0:date_due /><d2l_2p0:has_schedule_event>no</d2l_2p0:has_schedule_event><d2l_2p0:is_attempt_Rldb>no</d2l_2p0:is_attempt_Rldb><d2l_2p0:is_subview_Rldb>no</d2l_2p0:is_subview_Rldb><d2l_2p0:time_limit>120</d2l_2p0:time_limit><d2l_2p0:show_clock>no</d2l_2p0:show_clock><d2l_2p0:enforce_time_limit>no</d2l_2p0:enforce_time_limit><d2l_2p0:grace_period>5</d2l_2p0:grace_period><d2l_2p0:late_limit>0</d2l_2p0:late_limit><d2l_2p0:attempts_allowed>5</d2l_2p0:attempts_allowed><d2l_2p0:attempt_restrictions /><d2l_2p0:mark_calculation_type>1</d2l_2p0:mark_calculation_type><d2l_2p0:is_forward_only>no</d2l_2p0:is_forward_only></assess_procextension><assessfeedback><rubric><flow_mat><material><mattext texttype="no">Your quiz has been submitted successfully.</mattext></material></flow_mat></rubric><d2l_2p0:duration>0</d2l_2p0:duration><d2l_2p0:response_display_type_id>1</d2l_2p0:response_display_type_id><d2l_2p0:show_correct_answers>no</d2l_2p0:show_correct_answers><d2l_2p0:submission_restrictip>no</d2l_2p0:submission_restrictip><d2l_2p0:show_class_average>no</d2l_2p0:show_class_average><d2l_2p0:show_score_distribution>no</d2l_2p0:show_score_distribution></assessfeedback><section ident="CONTAINER_SECTION"><item ident="OBJ_171815" label="QUES_106073_114247" d2l_2p0:page="1"><itemmetadata><qtimetadata><qti_metadatafield><fieldlabel>qmd_computerscored</fieldlabel><fieldentry>yes</fieldentry></qti_metadatafield><qti_metadatafield><fieldlabel>qmd_questiontype</fieldlabel><fieldentry>Long Answer</fieldentry></qti_metadatafield><qti_metadatafield><fieldlabel>qmd_weighting</fieldlabel><fieldentry>1.000000000</fieldentry></qti_metadatafield><qti_metadatafield><fieldlabel>qmd_globalid</fieldlabel><fieldentry>2da2cbc7-a2d6-4faa-94c0-3a777d6bfdb2</fieldentry></qti_metadatafield><qti_metadatafield><fieldlabel>qmd_displayid</fieldlabel><fieldentry>XPX1041-1920-10</fieldentry></qti_metadatafield></qtimetadata></itemmetadata><itemproc_extension><d2l_2p0:difficulty>1</d2l_2p0:difficulty><d2l_2p0:isbonus>no</d2l_2p0:isbonus><d2l_2p0:ismandatory>no</d2l_2p0:ismandatory></itemproc_extension><presentation><flow><material><mattext texttype="text/html">&lt;p&gt;Type the following code into your favourate C++ compiler and enter in the output from running the executable.&lt;/p&gt;
&lt;div style="background: #ffffff; overflow: auto; width: auto; border: solid gray; border-width: .1em .1em .1em .8em; padding: .2em .6em;"&gt;
&lt;table&gt;
&lt;tbody&gt;
&lt;tr&gt;
&lt;td&gt;
&lt;pre style="margin: 0; line-height: 125%;"&gt; 1
 2
 3
 4
 5
 6
 7
 8
 9
10
11
12
13
14
15
16
17
18
19
20
21
22
23
24
25
26
27
28
29
30&lt;/pre&gt;
&lt;/td&gt;
&lt;td&gt;
&lt;pre style="margin: 0; line-height: 125%;"&gt;&lt;span style="color: #557799;"&gt;#include &amp;lt;iostream&amp;gt;&lt;/span&gt;

&lt;span style="color: #008800; font-weight: bold;"&gt;using&lt;/span&gt; &lt;span style="color: #008800; font-weight: bold;"&gt;namespace&lt;/span&gt; std;
&lt;span style="color: #333399; font-weight: bold;"&gt;int&lt;/span&gt; &lt;span style="color: #0066bb; font-weight: bold;"&gt;main&lt;/span&gt;() {
    &lt;span style="color: #333399; font-weight: bold;"&gt;int&lt;/span&gt; var1;
    &lt;span style="color: #333399; font-weight: bold;"&gt;char&lt;/span&gt; var2[&lt;span style="color: #0000dd; font-weight: bold;"&gt;10&lt;/span&gt;];

    &lt;span style="color: #333399; font-weight: bold;"&gt;int&lt;/span&gt; &lt;span style="color: #333333;"&gt;*&lt;/span&gt;p1&lt;span style="color: #333333;"&gt;=&amp;amp;&lt;/span&gt;var1;
    &lt;span style="color: #333399; font-weight: bold;"&gt;char&lt;/span&gt; &lt;span style="color: #333333;"&gt;*&lt;/span&gt;p2&lt;span style="color: #333333;"&gt;=&lt;/span&gt;var2;

    cout &lt;span style="color: #333333;"&gt;&amp;lt;&amp;lt;&lt;/span&gt; &lt;span style="background-color: #fff0f0;"&gt;"Address of var1 variable: "&lt;/span&gt;;
    cout &lt;span style="color: #333333;"&gt;&amp;lt;&amp;lt;&lt;/span&gt; &lt;span style="color: #333333;"&gt;&amp;amp;&lt;/span&gt; var1 &lt;span style="color: #333333;"&gt;&amp;lt;&amp;lt;&lt;/span&gt; endl;

    cout &lt;span style="color: #333333;"&gt;&amp;lt;&amp;lt;&lt;/span&gt; &lt;span style="background-color: #fff0f0;"&gt;"Address of var2 variable: "&lt;/span&gt;;
    cout &lt;span style="color: #333333;"&gt;&amp;lt;&amp;lt;&lt;/span&gt; &lt;span style="color: #333333;"&gt;&amp;amp;&lt;/span&gt; var2 &lt;span style="color: #333333;"&gt;&amp;lt;&amp;lt;&lt;/span&gt; endl;

    cout &lt;span style="color: #333333;"&gt;&amp;lt;&amp;lt;&lt;/span&gt; &lt;span style="background-color: #fff0f0;"&gt;"Size of of var1 variable: "&lt;/span&gt;;
    cout &lt;span style="color: #333333;"&gt;&amp;lt;&amp;lt;&lt;/span&gt; &lt;span style="color: #008800; font-weight: bold;"&gt;sizeof&lt;/span&gt;(var1) &lt;span style="color: #333333;"&gt;&amp;lt;&amp;lt;&lt;/span&gt; &lt;span style="background-color: #fff0f0;"&gt;" bytes"&lt;/span&gt; &lt;span style="color: #333333;"&gt;&amp;lt;&amp;lt;&lt;/span&gt; endl;

    cout &lt;span style="color: #333333;"&gt;&amp;lt;&amp;lt;&lt;/span&gt; &lt;span style="background-color: #fff0f0;"&gt;"Size of of var2 variable: "&lt;/span&gt;;
    cout &lt;span style="color: #333333;"&gt;&amp;lt;&amp;lt;&lt;/span&gt; &lt;span style="color: #008800; font-weight: bold;"&gt;sizeof&lt;/span&gt;(var2) &lt;span style="color: #333333;"&gt;&amp;lt;&amp;lt;&lt;/span&gt; &lt;span style="background-color: #fff0f0;"&gt;" bytes"&lt;/span&gt; &lt;span style="color: #333333;"&gt;&amp;lt;&amp;lt;&lt;/span&gt; endl;

    cout &lt;span style="color: #333333;"&gt;&amp;lt;&amp;lt;&lt;/span&gt; &lt;span style="background-color: #fff0f0;"&gt;"Size of of pointer p1 variable: "&lt;/span&gt;;
    cout &lt;span style="color: #333333;"&gt;&amp;lt;&amp;lt;&lt;/span&gt; &lt;span style="color: #008800; font-weight: bold;"&gt;sizeof&lt;/span&gt;(p1) &lt;span style="color: #333333;"&gt;&amp;lt;&amp;lt;&lt;/span&gt; &lt;span style="background-color: #fff0f0;"&gt;" bytes"&lt;/span&gt; &lt;span style="color: #333333;"&gt;&amp;lt;&amp;lt;&lt;/span&gt; endl;

    cout &lt;span style="color: #333333;"&gt;&amp;lt;&amp;lt;&lt;/span&gt; &lt;span style="background-color: #fff0f0;"&gt;"Size of of pointer p2 variable: "&lt;/span&gt;;
    cout &lt;span style="color: #333333;"&gt;&amp;lt;&amp;lt;&lt;/span&gt; &lt;span style="color: #008800; font-weight: bold;"&gt;sizeof&lt;/span&gt;(p2) &lt;span style="color: #333333;"&gt;&amp;lt;&amp;lt;&lt;/span&gt; &lt;span style="background-color: #fff0f0;"&gt;" bytes"&lt;/span&gt; &lt;span style="color: #333333;"&gt;&amp;lt;&amp;lt;&lt;/span&gt; endl;

    &lt;span style="color: #008800; font-weight: bold;"&gt;return&lt;/span&gt; &lt;span style="color: #0000dd; font-weight: bold;"&gt;0&lt;/span&gt;;
}
&lt;/pre&gt;
&lt;/td&gt;
&lt;/tr&gt;
&lt;/tbody&gt;
&lt;/table&gt;
&lt;/div&gt;</mattext></material><response_extension><d2l_2p0:has_signed_comments>no</d2l_2p0:has_signed_comments><d2l_2p0:has_htmleditor>no</d2l_2p0:has_htmleditor></response_extension><response_str ident="QUES_106073_114247_STR" rcardinality="Multiple"><render_fib rows="15" columns="100" prompt="Box" fibtype="String"><response_label ident="QUES_106073_114247_LA"><material><mattext texttype="text/plain" /></material></response_label></render_fib></response_str></flow></presentation></item></section></assessment></questestinterop>