﻿<?xml version="1.0" encoding="UTF-8"?><questestinterop xmlns:d2l_2p0="http://desire2learn.com/xsd/d2lcp_v2p0"><assessment d2l_2p0:id="123" title="Online Week 4 Summative Quiz (JA)" ident="res_quiz_27271" d2l_2p0:resource_code="huddersfield-342393"><rubric><flow_mat><material><mattext d2l_2p0:isdisplayed="no" texttype="text/html" /></material></flow_mat></rubric><assessmentcontrol hintswitch="no" solutionswitch="no" feedbackswitch="no" /><presentation_material><flow_mat><material label="page header"><mattext d2l_2p0:isdisplayed="no" texttype="text/html" /></material><material label="page footer"><mattext d2l_2p0:isdisplayed="no" texttype="text/html" /></material></flow_mat></presentation_material><assess_procextension><d2l_2p0:intro_message d2l_2p0:isdisplayed="no" texttype="text/html" /><category ident="1379" d2l_2p0:sortorder="1">Software design summative</category><d2l_2p0:notification_email>john.alamina@hud.ac.uk</d2l_2p0:notification_email><d2l_2p0:disable_right_click>no</d2l_2p0:disable_right_click><d2l_2p0:disable_pager_access>no</d2l_2p0:disable_pager_access><is_active>yes</is_active><d2l_2p0:date_start /><d2l_2p0:date_end /><d2l_2p0:date_due /><d2l_2p0:has_schedule_event>no</d2l_2p0:has_schedule_event><d2l_2p0:is_attempt_Rldb>no</d2l_2p0:is_attempt_Rldb><d2l_2p0:is_subview_Rldb>no</d2l_2p0:is_subview_Rldb><d2l_2p0:time_limit>120</d2l_2p0:time_limit><d2l_2p0:show_clock>no</d2l_2p0:show_clock><d2l_2p0:enforce_time_limit>no</d2l_2p0:enforce_time_limit><d2l_2p0:grace_period>5</d2l_2p0:grace_period><d2l_2p0:late_limit>0</d2l_2p0:late_limit><d2l_2p0:attempts_allowed>2</d2l_2p0:attempts_allowed><d2l_2p0:attempt_restrictions /><d2l_2p0:mark_calculation_type>1</d2l_2p0:mark_calculation_type><d2l_2p0:is_forward_only>no</d2l_2p0:is_forward_only></assess_procextension><assessfeedback><rubric><flow_mat><material><mattext texttype="no">Your quiz has been submitted successfully.</mattext></material></flow_mat></rubric><d2l_2p0:duration>0</d2l_2p0:duration><d2l_2p0:response_display_type_id>1</d2l_2p0:response_display_type_id><d2l_2p0:show_correct_answers>no</d2l_2p0:show_correct_answers><d2l_2p0:submission_restrictip>no</d2l_2p0:submission_restrictip><d2l_2p0:show_class_average>no</d2l_2p0:show_class_average><d2l_2p0:show_score_distribution>no</d2l_2p0:show_score_distribution></assessfeedback><section ident="CONTAINER_SECTION"><item ident="OBJ_196883" label="QUES_110940_120299" d2l_2p0:page="1" title="access modifiers"><itemmetadata><qtimetadata><qti_metadatafield><fieldlabel>qmd_computerscored</fieldlabel><fieldentry>yes</fieldentry></qti_metadatafield><qti_metadatafield><fieldlabel>qmd_questiontype</fieldlabel><fieldentry>Multi-Select</fieldentry></qti_metadatafield><qti_metadatafield><fieldlabel>qmd_weighting</fieldlabel><fieldentry>14.000000000</fieldentry></qti_metadatafield><qti_metadatafield><fieldlabel>qmd_globalid</fieldlabel><fieldentry>02645242-54ed-46fe-a576-db9479b30d94</fieldentry></qti_metadatafield><qti_metadatafield><fieldlabel>qmd_displayid</fieldlabel><fieldentry>XPX1041-1920-84</fieldentry></qti_metadatafield></qtimetadata></itemmetadata><itemproc_extension><d2l_2p0:difficulty>1</d2l_2p0:difficulty><d2l_2p0:isbonus>no</d2l_2p0:isbonus><d2l_2p0:ismandatory>no</d2l_2p0:ismandatory></itemproc_extension><presentation><flow><material><mattext texttype="text/html">&lt;p&gt;The following are access modifiers&lt;/p&gt;</mattext></material><response_extension><d2l_2p0:display_style>2</d2l_2p0:display_style><d2l_2p0:enumeration>6</d2l_2p0:enumeration><d2l_2p0:grading_type>2</d2l_2p0:grading_type></response_extension><response_lid ident="QUES_110940_120299_LID" rcardinality="Multiple"><render_choice shuffle="yes"><flow_label class="Block"><response_label ident="QUES_110940_120299_A407580"><flow_mat><material><mattext texttype="text/html">&lt;p&gt;public&lt;/p&gt;</mattext></material></flow_mat></response_label></flow_label><flow_label class="Block"><response_label ident="QUES_110940_120299_A407581"><flow_mat><material><mattext texttype="text/html">&lt;p&gt;protected&lt;/p&gt;</mattext></material></flow_mat></response_label></flow_label><flow_label class="Block"><response_label ident="QUES_110940_120299_A407582"><flow_mat><material><mattext texttype="text/html">&lt;p&gt;private&lt;/p&gt;</mattext></material></flow_mat></response_label></flow_label><flow_label class="Block"><response_label ident="QUES_110940_120299_A407583"><flow_mat><material><mattext texttype="text/html">&lt;p&gt;signed&lt;/p&gt;</mattext></material></flow_mat></response_label></flow_label><flow_label class="Block"><response_label ident="QUES_110940_120299_A407584"><flow_mat><material><mattext texttype="text/html">&lt;p&gt;unsigned&lt;/p&gt;</mattext></material></flow_mat></response_label></flow_label><flow_label class="Block"><response_label ident="QUES_110940_120299_A407585"><flow_mat><material><mattext texttype="text/html">&lt;p&gt;long&lt;/p&gt;</mattext></material></flow_mat></response_label></flow_label><flow_label class="Block"><response_label ident="QUES_110940_120299_A407586"><flow_mat><material><mattext texttype="text/html">&lt;p&gt;short&lt;/p&gt;</mattext></material></flow_mat></response_label></flow_label><flow_label class="Block"><response_label ident="QUES_110940_120299_A407587"><flow_mat><material><mattext texttype="text/html">&lt;p&gt;const&lt;/p&gt;</mattext></material></flow_mat></response_label></flow_label><flow_label class="Block"><response_label ident="QUES_110940_120299_A407588"><flow_mat><material><mattext texttype="text/html">&lt;p&gt;volatile&lt;/p&gt;</mattext></material></flow_mat></response_label></flow_label><flow_label class="Block"><response_label ident="QUES_110940_120299_A407589"><flow_mat><material><mattext texttype="text/html">&lt;p&gt;restrict&lt;/p&gt;</mattext></material></flow_mat></response_label></flow_label><flow_label class="Block"><response_label ident="QUES_110940_120299_A407590"><flow_mat><material><mattext texttype="text/html">&lt;p&gt;static&lt;/p&gt;</mattext></material></flow_mat></response_label></flow_label><flow_label class="Block"><response_label ident="QUES_110940_120299_A407591"><flow_mat><material><mattext texttype="text/html">&lt;p&gt;auto&lt;/p&gt;</mattext></material></flow_mat></response_label></flow_label><flow_label class="Block"><response_label ident="QUES_110940_120299_A407592"><flow_mat><material><mattext texttype="text/html">&lt;p&gt;register&lt;/p&gt;</mattext></material></flow_mat></response_label></flow_label><flow_label class="Block"><response_label ident="QUES_110940_120299_A407593"><flow_mat><material><mattext texttype="text/html">&lt;p&gt;synchronised&lt;/p&gt;</mattext></material></flow_mat></response_label></flow_label></render_choice></response_lid></flow></presentation><resprocessing><outcomes><decvar vartype="Integer" defaultval="0" varname="que_score" minvalue="0" maxvalue="100" /><decvar vartype="Integer" defaultval="0" varname="D2L_Correct" minvalue="0" /><decvar vartype="Integer" defaultval="0" varname="D2L_Incorrect" minvalue="0" /></outcomes><respcondition title="Response Condition" continue="yes"><conditionvar><varequal respident="QUES_110940_120299_LID">QUES_110940_120299_A407580</varequal></conditionvar><setvar varname="D2L_Correct" action="Add">1</setvar></respcondition><respcondition title="Response Condition" continue="yes"><conditionvar><varequal respident="QUES_110940_120299_LID">QUES_110940_120299_A407581</varequal></conditionvar><setvar varname="D2L_Correct" action="Add">1</setvar></respcondition><respcondition title="Response Condition" continue="yes"><conditionvar><varequal respident="QUES_110940_120299_LID">QUES_110940_120299_A407582</varequal></conditionvar><setvar varname="D2L_Correct" action="Add">1</setvar></respcondition><respcondition title="Response Condition" continue="yes"><conditionvar><varequal respident="QUES_110940_120299_LID">QUES_110940_120299_A407583</varequal></conditionvar><setvar varname="D2L_Incorrect" action="Add">1</setvar></respcondition><respcondition title="Response Condition" continue="yes"><conditionvar><varequal respident="QUES_110940_120299_LID">QUES_110940_120299_A407584</varequal></conditionvar><setvar varname="D2L_Incorrect" action="Add">1</setvar></respcondition><respcondition title="Response Condition" continue="yes"><conditionvar><varequal respident="QUES_110940_120299_LID">QUES_110940_120299_A407585</varequal></conditionvar><setvar varname="D2L_Incorrect" action="Add">1</setvar></respcondition><respcondition title="Response Condition" continue="yes"><conditionvar><varequal respident="QUES_110940_120299_LID">QUES_110940_120299_A407586</varequal></conditionvar><setvar varname="D2L_Incorrect" action="Add">1</setvar></respcondition><respcondition title="Response Condition" continue="yes"><conditionvar><varequal respident="QUES_110940_120299_LID">QUES_110940_120299_A407587</varequal></conditionvar><setvar varname="D2L_Incorrect" action="Add">1</setvar></respcondition><respcondition title="Response Condition" continue="yes"><conditionvar><varequal respident="QUES_110940_120299_LID">QUES_110940_120299_A407588</varequal></conditionvar><setvar varname="D2L_Incorrect" action="Add">1</setvar></respcondition><respcondition title="Response Condition" continue="yes"><conditionvar><varequal respident="QUES_110940_120299_LID">QUES_110940_120299_A407589</varequal></conditionvar><setvar varname="D2L_Incorrect" action="Add">1</setvar></respcondition><respcondition title="Response Condition" continue="yes"><conditionvar><varequal respident="QUES_110940_120299_LID">QUES_110940_120299_A407590</varequal></conditionvar><setvar varname="D2L_Correct" action="Add">1</setvar></respcondition><respcondition title="Response Condition" continue="yes"><conditionvar><varequal respident="QUES_110940_120299_LID">QUES_110940_120299_A407591</varequal></conditionvar><setvar varname="D2L_Incorrect" action="Add">1</setvar></respcondition><respcondition title="Response Condition" continue="yes"><conditionvar><varequal respident="QUES_110940_120299_LID">QUES_110940_120299_A407592</varequal></conditionvar><setvar varname="D2L_Incorrect" action="Add">1</setvar></respcondition><respcondition title="Response Condition" continue="yes"><conditionvar><varequal respident="QUES_110940_120299_LID">QUES_110940_120299_A407593</varequal></conditionvar><setvar varname="D2L_Incorrect" action="Add">1</setvar></respcondition><respcondition><setvar varname="que_score" action="Set">D2L_Correct</setvar></respcondition></resprocessing><itemfeedback ident="QUES_110940_120299_IF407580"><material><mattext texttype="text/html" /></material></itemfeedback><itemfeedback ident="QUES_110940_120299_IF407581"><material><mattext texttype="text/html" /></material></itemfeedback><itemfeedback ident="QUES_110940_120299_IF407582"><material><mattext texttype="text/html" /></material></itemfeedback><itemfeedback ident="QUES_110940_120299_IF407583"><material><mattext texttype="text/html" /></material></itemfeedback><itemfeedback ident="QUES_110940_120299_IF407584"><material><mattext texttype="text/html" /></material></itemfeedback><itemfeedback ident="QUES_110940_120299_IF407585"><material><mattext texttype="text/html" /></material></itemfeedback><itemfeedback ident="QUES_110940_120299_IF407586"><material><mattext texttype="text/html" /></material></itemfeedback><itemfeedback ident="QUES_110940_120299_IF407587"><material><mattext texttype="text/html" /></material></itemfeedback><itemfeedback ident="QUES_110940_120299_IF407588"><material><mattext texttype="text/html" /></material></itemfeedback><itemfeedback ident="QUES_110940_120299_IF407589"><material><mattext texttype="text/html" /></material></itemfeedback><itemfeedback ident="QUES_110940_120299_IF407590"><material><mattext texttype="text/html" /></material></itemfeedback><itemfeedback ident="QUES_110940_120299_IF407591"><material><mattext texttype="text/html" /></material></itemfeedback><itemfeedback ident="QUES_110940_120299_IF407592"><material><mattext texttype="text/html" /></material></itemfeedback><itemfeedback ident="QUES_110940_120299_IF407593"><material><mattext texttype="text/html" /></material></itemfeedback></item><item ident="OBJ_196884" label="QUES_110941_120297" d2l_2p0:page="1"><itemmetadata><qtimetadata><qti_metadatafield><fieldlabel>qmd_computerscored</fieldlabel><fieldentry>yes</fieldentry></qti_metadatafield><qti_metadatafield><fieldlabel>qmd_questiontype</fieldlabel><fieldentry>Long Answer</fieldentry></qti_metadatafield><qti_metadatafield><fieldlabel>qmd_weighting</fieldlabel><fieldentry>12.000000000</fieldentry></qti_metadatafield><qti_metadatafield><fieldlabel>qmd_globalid</fieldlabel><fieldentry>a0282d70-4015-4c5b-98ec-a30ef08f228a</fieldentry></qti_metadatafield><qti_metadatafield><fieldlabel>qmd_displayid</fieldlabel><fieldentry>XPX1041-1920-85</fieldentry></qti_metadatafield></qtimetadata></itemmetadata><itemproc_extension><d2l_2p0:difficulty>1</d2l_2p0:difficulty><d2l_2p0:isbonus>no</d2l_2p0:isbonus><d2l_2p0:ismandatory>no</d2l_2p0:ismandatory></itemproc_extension><presentation><flow><material><mattext texttype="text/html">&lt;p&gt;Using the event-response sample program in the resources section of the &lt;a href="/d2l/common/dialogs/quickLink/quickLink.d2l?ou={orgUnitId}&amp;amp;type=content&amp;amp;rcode=huddersfield-336518" target="_self"&gt;event-response modelling section of week 4&lt;/a&gt;, write a similar program for the register user sub-system of the authentication manager system.&lt;/p&gt;</mattext></material><response_extension><d2l_2p0:has_signed_comments>no</d2l_2p0:has_signed_comments><d2l_2p0:has_htmleditor>yes</d2l_2p0:has_htmleditor></response_extension><response_str ident="QUES_110941_120297_STR" rcardinality="Multiple"><render_fib rows="15" columns="100" prompt="Box" fibtype="String"><response_label ident="QUES_110941_120297_LA"><material><mattext texttype="text/plain" /></material></response_label></render_fib></response_str></flow></presentation></item><itemref linkrefid="QUES_110943_120302" d2l_2p0:page="1"><d2l_2p0:file href="questiondb.xml" /><d2l_2p0:points>12.000000000</d2l_2p0:points><d2l_2p0:difficulty>1</d2l_2p0:difficulty><d2l_2p0:isbonus>no</d2l_2p0:isbonus><d2l_2p0:ismandatory>no</d2l_2p0:ismandatory></itemref><item ident="OBJ_198152" label="QUES_111410_120912" d2l_2p0:page="1"><itemmetadata><qtimetadata><qti_metadatafield><fieldlabel>qmd_computerscored</fieldlabel><fieldentry>yes</fieldentry></qti_metadatafield><qti_metadatafield><fieldlabel>qmd_questiontype</fieldlabel><fieldentry>Long Answer</fieldentry></qti_metadatafield><qti_metadatafield><fieldlabel>qmd_weighting</fieldlabel><fieldentry>12.000000000</fieldentry></qti_metadatafield><qti_metadatafield><fieldlabel>qmd_globalid</fieldlabel><fieldentry>53f0b83b-611a-48a9-8681-0584935da725</fieldentry></qti_metadatafield><qti_metadatafield><fieldlabel>qmd_displayid</fieldlabel><fieldentry>XPX1041-1920-93</fieldentry></qti_metadatafield></qtimetadata></itemmetadata><itemproc_extension><d2l_2p0:difficulty>1</d2l_2p0:difficulty><d2l_2p0:isbonus>no</d2l_2p0:isbonus><d2l_2p0:ismandatory>no</d2l_2p0:ismandatory></itemproc_extension><presentation><flow><material><mattext texttype="text/html">&lt;p dir="ltr"&gt;You are a school teacher and you have n students.&amp;nbsp; Write a program that reads n student first names from a file; and x and y from the console then creates x groups out of the n students y times, where each time(y&lt;sub&gt;k&lt;/sub&gt;) x groups has n/x randomised students.&lt;/p&gt;</mattext></material><response_extension><d2l_2p0:has_signed_comments>no</d2l_2p0:has_signed_comments><d2l_2p0:has_htmleditor>no</d2l_2p0:has_htmleditor></response_extension><response_str ident="QUES_111410_120912_STR" rcardinality="Multiple"><render_fib rows="15" columns="100" prompt="Box" fibtype="String"><response_label ident="QUES_111410_120912_LA"><material><mattext texttype="text/plain" /></material></response_label></render_fib></response_str></flow></presentation></item></section></assessment></questestinterop>