﻿<?xml version="1.0" encoding="UTF-8"?><questestinterop xmlns:d2l_2p0="http://desire2learn.com/xsd/d2lcp_v2p0"><assessment d2l_2p0:id="122" title="Online Week 3 Summative Quiz(JA)" ident="res_quiz_26818" d2l_2p0:resource_code="huddersfield-336112"><rubric><flow_mat><material><mattext d2l_2p0:isdisplayed="no" texttype="text/html" /></material></flow_mat></rubric><assessmentcontrol hintswitch="no" solutionswitch="no" feedbackswitch="no" /><presentation_material><flow_mat><material label="page header"><mattext d2l_2p0:isdisplayed="no" texttype="text/html" /></material><material label="page footer"><mattext d2l_2p0:isdisplayed="no" texttype="text/html" /></material></flow_mat></presentation_material><assess_procextension><d2l_2p0:intro_message d2l_2p0:isdisplayed="no" texttype="text/html" /><category ident="1379" d2l_2p0:sortorder="1">Software design summative</category><d2l_2p0:disable_right_click>no</d2l_2p0:disable_right_click><d2l_2p0:disable_pager_access>no</d2l_2p0:disable_pager_access><is_active>yes</is_active><d2l_2p0:date_start /><d2l_2p0:date_end /><d2l_2p0:date_due /><d2l_2p0:has_schedule_event>no</d2l_2p0:has_schedule_event><d2l_2p0:is_attempt_Rldb>no</d2l_2p0:is_attempt_Rldb><d2l_2p0:is_subview_Rldb>no</d2l_2p0:is_subview_Rldb><d2l_2p0:time_limit>120</d2l_2p0:time_limit><d2l_2p0:show_clock>no</d2l_2p0:show_clock><d2l_2p0:enforce_time_limit>no</d2l_2p0:enforce_time_limit><d2l_2p0:grace_period>5</d2l_2p0:grace_period><d2l_2p0:late_limit>0</d2l_2p0:late_limit><d2l_2p0:attempts_allowed>2</d2l_2p0:attempts_allowed><d2l_2p0:attempt_restrictions /><d2l_2p0:mark_calculation_type>1</d2l_2p0:mark_calculation_type><d2l_2p0:is_forward_only>no</d2l_2p0:is_forward_only></assess_procextension><assessfeedback><rubric><flow_mat><material><mattext texttype="no">Your quiz has been submitted successfully.</mattext></material></flow_mat></rubric><d2l_2p0:duration>0</d2l_2p0:duration><d2l_2p0:response_display_type_id>1</d2l_2p0:response_display_type_id><d2l_2p0:show_correct_answers>no</d2l_2p0:show_correct_answers><d2l_2p0:submission_restrictip>no</d2l_2p0:submission_restrictip><d2l_2p0:show_class_average>no</d2l_2p0:show_class_average><d2l_2p0:show_score_distribution>no</d2l_2p0:show_score_distribution></assessfeedback><section ident="CONTAINER_SECTION"><item ident="OBJ_189545" label="QUES_108273_116948" d2l_2p0:page="1"><itemmetadata><qtimetadata><qti_metadatafield><fieldlabel>qmd_computerscored</fieldlabel><fieldentry>yes</fieldentry></qti_metadatafield><qti_metadatafield><fieldlabel>qmd_questiontype</fieldlabel><fieldentry>Multiple Choice</fieldentry></qti_metadatafield><qti_metadatafield><fieldlabel>qmd_weighting</fieldlabel><fieldentry>1.000000000</fieldentry></qti_metadatafield><qti_metadatafield><fieldlabel>qmd_globalid</fieldlabel><fieldentry>7a88ee82-cf50-4a75-bab5-f9c4c71a7ee0</fieldentry></qti_metadatafield><qti_metadatafield><fieldlabel>qmd_displayid</fieldlabel><fieldentry>XPX1041-1920-66</fieldentry></qti_metadatafield></qtimetadata></itemmetadata><itemproc_extension><d2l_2p0:difficulty>1</d2l_2p0:difficulty><d2l_2p0:isbonus>no</d2l_2p0:isbonus><d2l_2p0:ismandatory>no</d2l_2p0:ismandatory></itemproc_extension><presentation><flow><material><mattext texttype="text/html">&lt;p&gt;the hash(#) symbol in a UML diagram represents which access modifier&lt;/p&gt;</mattext></material><response_extension><d2l_2p0:display_style>2</d2l_2p0:display_style><d2l_2p0:enumeration>6</d2l_2p0:enumeration><d2l_2p0:grading_type>0</d2l_2p0:grading_type></response_extension><response_lid ident="QUES_108273_116948_LID" rcardinality="Single"><render_choice shuffle="yes"><flow_label class="Block"><response_label ident="QUES_108273_116948_A395315"><flow_mat><material><mattext texttype="text/html">&lt;p&gt;public&lt;/p&gt;</mattext></material></flow_mat></response_label></flow_label><flow_label class="Block"><response_label ident="QUES_108273_116948_A395316"><flow_mat><material><mattext texttype="text/html">&lt;p&gt;private&lt;/p&gt;</mattext></material></flow_mat></response_label></flow_label><flow_label class="Block"><response_label ident="QUES_108273_116948_A395317"><flow_mat><material><mattext texttype="text/html">&lt;p&gt;protected&lt;/p&gt;</mattext></material></flow_mat></response_label></flow_label><flow_label class="Block"><response_label ident="QUES_108273_116948_A395318"><flow_mat><material><mattext texttype="text/html">&lt;p&gt;package&lt;/p&gt;</mattext></material></flow_mat></response_label></flow_label></render_choice></response_lid></flow></presentation><resprocessing><respcondition title="Response Condition 1"><conditionvar><varequal respident="QUES_108273_116948_LID">QUES_108273_116948_A395315</varequal></conditionvar><setvar action="Set">0.000000000</setvar><displayfeedback feedbacktype="Response" linkrefid="QUES_108273_116948_IF395315" /></respcondition><respcondition title="Response Condition 2"><conditionvar><varequal respident="QUES_108273_116948_LID">QUES_108273_116948_A395316</varequal></conditionvar><setvar action="Set">0.000000000</setvar><displayfeedback feedbacktype="Response" linkrefid="QUES_108273_116948_IF395316" /></respcondition><respcondition title="Response Condition 3"><conditionvar><varequal respident="QUES_108273_116948_LID">QUES_108273_116948_A395317</varequal></conditionvar><setvar action="Set">100.000000000</setvar><displayfeedback feedbacktype="Response" linkrefid="QUES_108273_116948_IF395317" /></respcondition><respcondition title="Response Condition 4"><conditionvar><varequal respident="QUES_108273_116948_LID">QUES_108273_116948_A395318</varequal></conditionvar><setvar action="Set">0.000000000</setvar><displayfeedback feedbacktype="Response" linkrefid="QUES_108273_116948_IF395318" /></respcondition></resprocessing><itemfeedback ident="QUES_108273_116948_IF395315"><material><mattext texttype="text/plain" /></material></itemfeedback><itemfeedback ident="QUES_108273_116948_IF395316"><material><mattext texttype="text/plain" /></material></itemfeedback><itemfeedback ident="QUES_108273_116948_IF395317"><material><mattext texttype="text/plain" /></material></itemfeedback><itemfeedback ident="QUES_108273_116948_IF395318"><material><mattext texttype="text/plain" /></material></itemfeedback></item><item ident="OBJ_190740" label="QUES_109005_117836" d2l_2p0:page="1"><itemmetadata><qtimetadata><qti_metadatafield><fieldlabel>qmd_computerscored</fieldlabel><fieldentry>yes</fieldentry></qti_metadatafield><qti_metadatafield><fieldlabel>qmd_questiontype</fieldlabel><fieldentry>Long Answer</fieldentry></qti_metadatafield><qti_metadatafield><fieldlabel>qmd_weighting</fieldlabel><fieldentry>8.000000000</fieldentry></qti_metadatafield><qti_metadatafield><fieldlabel>qmd_globalid</fieldlabel><fieldentry>866b8c8b-4046-4861-ba51-3f192aee9a03</fieldentry></qti_metadatafield><qti_metadatafield><fieldlabel>qmd_displayid</fieldlabel><fieldentry>XPX1041-1920-73</fieldentry></qti_metadatafield></qtimetadata></itemmetadata><itemproc_extension><d2l_2p0:difficulty>1</d2l_2p0:difficulty><d2l_2p0:isbonus>no</d2l_2p0:isbonus><d2l_2p0:ismandatory>no</d2l_2p0:ismandatory></itemproc_extension><presentation><flow><material><mattext texttype="text/html">&lt;p&gt;Reproduce the sequence diagram for the authentication manager system.&amp;nbsp; This time indicate the life-span of each of the objects in the preliminary design as you deem plausible for each of the objects.&lt;/p&gt;</mattext></material><response_extension><d2l_2p0:has_signed_comments>no</d2l_2p0:has_signed_comments><d2l_2p0:has_htmleditor>yes</d2l_2p0:has_htmleditor></response_extension><response_str ident="QUES_109005_117836_STR" rcardinality="Multiple"><render_fib rows="15" columns="100" prompt="Box" fibtype="String"><response_label ident="QUES_109005_117836_LA"><material><mattext texttype="text/plain" /></material></response_label></render_fib></response_str></flow></presentation></item><item ident="OBJ_190165" label="QUES_108590_117336" d2l_2p0:page="1"><itemmetadata><qtimetadata><qti_metadatafield><fieldlabel>qmd_computerscored</fieldlabel><fieldentry>yes</fieldentry></qti_metadatafield><qti_metadatafield><fieldlabel>qmd_questiontype</fieldlabel><fieldentry>Long Answer</fieldentry></qti_metadatafield><qti_metadatafield><fieldlabel>qmd_weighting</fieldlabel><fieldentry>8.000000000</fieldentry></qti_metadatafield><qti_metadatafield><fieldlabel>qmd_globalid</fieldlabel><fieldentry>7288ce78-9559-4344-982e-60e22bb421c9</fieldentry></qti_metadatafield><qti_metadatafield><fieldlabel>qmd_displayid</fieldlabel><fieldentry>XPX1041-1920-70</fieldentry></qti_metadatafield></qtimetadata></itemmetadata><itemproc_extension><d2l_2p0:difficulty>1</d2l_2p0:difficulty><d2l_2p0:isbonus>no</d2l_2p0:isbonus><d2l_2p0:ismandatory>no</d2l_2p0:ismandatory></itemproc_extension><presentation><flow><material><mattext texttype="text/html">&lt;p&gt;Write a functionally decomposed program using the ncurses library to implement a user interface for the forgot password sub-system of the authentication manager system.&lt;/p&gt;</mattext></material><response_extension><d2l_2p0:has_signed_comments>no</d2l_2p0:has_signed_comments><d2l_2p0:has_htmleditor>yes</d2l_2p0:has_htmleditor></response_extension><response_str ident="QUES_108590_117336_STR" rcardinality="Multiple"><render_fib rows="15" columns="100" prompt="Box" fibtype="String"><response_label ident="QUES_108590_117336_LA"><material><mattext texttype="text/plain" /></material></response_label></render_fib></response_str></flow></presentation></item><item ident="OBJ_191454" label="QUES_109312_118266" d2l_2p0:page="1"><itemmetadata><qtimetadata><qti_metadatafield><fieldlabel>qmd_computerscored</fieldlabel><fieldentry>yes</fieldentry></qti_metadatafield><qti_metadatafield><fieldlabel>qmd_questiontype</fieldlabel><fieldentry>Long Answer</fieldentry></qti_metadatafield><qti_metadatafield><fieldlabel>qmd_weighting</fieldlabel><fieldentry>12.000000000</fieldentry></qti_metadatafield><qti_metadatafield><fieldlabel>qmd_globalid</fieldlabel><fieldentry>160a09f4-c422-4a1e-a360-43296c634c8b</fieldentry></qti_metadatafield><qti_metadatafield><fieldlabel>qmd_displayid</fieldlabel><fieldentry>XPX1041-1920-74</fieldentry></qti_metadatafield></qtimetadata></itemmetadata><itemproc_extension><d2l_2p0:difficulty>1</d2l_2p0:difficulty><d2l_2p0:isbonus>no</d2l_2p0:isbonus><d2l_2p0:ismandatory>no</d2l_2p0:ismandatory></itemproc_extension><presentation><flow><material><mattext texttype="text/html">&lt;p&gt;Develop a pseudo code algorithm, flowchart and C++ program for the described as follows:&lt;/p&gt;
&lt;ol&gt;
&lt;li&gt;The user will enter the number of times to play the game and&lt;/li&gt;
&lt;li&gt;The game will generate a number between 0 and 100 for the user to guess&lt;/li&gt;
&lt;li&gt;For each guess the game will determine if the guess is higher or less than the generated number and tell the user it is higher or lower.&lt;/li&gt;
&lt;li&gt;This way the user keeps guessing until he gets the right answer&lt;/li&gt;
&lt;li&gt;The game will now congratulate the user and let him know how many times guessed before he arrived at the right guess&lt;/li&gt;
&lt;li&gt;The game will show a summary of all the number of guesses for all the rounds played the game also calculates average number of guesses.&lt;/li&gt;
&lt;li&gt;The game can exit at anytime during the guessing phase by guessing -1.&lt;/li&gt;
&lt;/ol&gt;
&lt;p&gt;&amp;nbsp;A sample output&lt;/p&gt;
&lt;p&gt;Guessing game&lt;br /&gt;Enter number of rounds to play: 2&lt;/p&gt;
&lt;p&gt;Round 1 of 2&lt;br /&gt;Enter guess 1 (between 0 and 100, enter -1 to quit): 55&lt;/p&gt;
&lt;p&gt;It's actually more&lt;br /&gt;Round 1 of 2&lt;br /&gt;Enter guess 2 (between 0 and 100, enter -1 to quit): 85&lt;/p&gt;
&lt;p&gt;It's actually less&lt;br /&gt;Round 1 of 2&lt;br /&gt;Enter guess 3 (between 0 and 100, enter -1 to quit): 75&lt;/p&gt;
&lt;p&gt;You guessed it Right! after 3 attempts.&lt;br /&gt;Round 2 of 2&lt;br /&gt;Enter guess 1 (between 0 and 100, enter -1 to quit): 21&lt;/p&gt;
&lt;p&gt;You guessed it Right! after 1 attempts.&lt;br /&gt;Game summary&lt;br /&gt;In round 1 you guessed it right afer 3 guesses&lt;br /&gt;In round 2 you guessed it right afer 1 guesses&lt;br /&gt;average guess count=2&lt;/p&gt;</mattext></material><response_extension><d2l_2p0:has_signed_comments>no</d2l_2p0:has_signed_comments><d2l_2p0:has_htmleditor>yes</d2l_2p0:has_htmleditor></response_extension><response_str ident="QUES_109312_118266_STR" rcardinality="Multiple"><render_fib rows="15" columns="100" prompt="Box" fibtype="String"><response_label ident="QUES_109312_118266_LA"><material><mattext texttype="text/plain" /></material></response_label></render_fib></response_str></flow></presentation></item><item ident="OBJ_191460" label="QUES_109318_118267" d2l_2p0:page="1"><itemmetadata><qtimetadata><qti_metadatafield><fieldlabel>qmd_computerscored</fieldlabel><fieldentry>yes</fieldentry></qti_metadatafield><qti_metadatafield><fieldlabel>qmd_questiontype</fieldlabel><fieldentry>Long Answer</fieldentry></qti_metadatafield><qti_metadatafield><fieldlabel>qmd_weighting</fieldlabel><fieldentry>11.000000000</fieldentry></qti_metadatafield><qti_metadatafield><fieldlabel>qmd_globalid</fieldlabel><fieldentry>170fc8fa-3aff-4c5b-bf80-f4726d367b16</fieldentry></qti_metadatafield><qti_metadatafield><fieldlabel>qmd_displayid</fieldlabel><fieldentry>XPX1041-1920-75</fieldentry></qti_metadatafield></qtimetadata></itemmetadata><itemproc_extension><d2l_2p0:difficulty>1</d2l_2p0:difficulty><d2l_2p0:isbonus>no</d2l_2p0:isbonus><d2l_2p0:ismandatory>no</d2l_2p0:ismandatory></itemproc_extension><presentation><flow><material><mattext texttype="text/html">&lt;p&gt;There is a formula for finding the distance between two points in the Cartesian plane. It also logical to conclude that the distance from a point A to B is equal to the distance from B to A. Using your Point2D class, write an object oriented program to prove this assumption.&lt;/p&gt;</mattext></material><response_extension><d2l_2p0:has_signed_comments>no</d2l_2p0:has_signed_comments><d2l_2p0:has_htmleditor>yes</d2l_2p0:has_htmleditor></response_extension><response_str ident="QUES_109318_118267_STR" rcardinality="Multiple"><render_fib rows="15" columns="100" prompt="Box" fibtype="String"><response_label ident="QUES_109318_118267_LA"><material><mattext texttype="text/plain" /></material></response_label></render_fib></response_str></flow></presentation></item><item ident="OBJ_191795" label="QUES_109463_118457" d2l_2p0:page="1" title="Sequential match"><itemmetadata><qtimetadata><qti_metadatafield><fieldlabel>qmd_computerscored</fieldlabel><fieldentry>yes</fieldentry></qti_metadatafield><qti_metadatafield><fieldlabel>qmd_questiontype</fieldlabel><fieldentry>Matching</fieldentry></qti_metadatafield><qti_metadatafield><fieldlabel>qmd_weighting</fieldlabel><fieldentry>10.000000000</fieldentry></qti_metadatafield><qti_metadatafield><fieldlabel>qmd_globalid</fieldlabel><fieldentry>74b31dad-2835-4e22-89df-b6aeed0e2b31</fieldentry></qti_metadatafield><qti_metadatafield><fieldlabel>qmd_displayid</fieldlabel><fieldentry>XPX1041-1920-78</fieldentry></qti_metadatafield></qtimetadata></itemmetadata><itemproc_extension><d2l_2p0:difficulty>1</d2l_2p0:difficulty><d2l_2p0:isbonus>no</d2l_2p0:isbonus><d2l_2p0:ismandatory>no</d2l_2p0:ismandatory></itemproc_extension><presentation><flow><material><mattext texttype="text/html">&lt;p&gt;Match the correct label with the corresponding sequence diagram object.&lt;/p&gt;</mattext></material><response_extension><d2l_2p0:grading_type>0</d2l_2p0:grading_type></response_extension><response_grp respident="QUES_109463_118457_C400044" rcardinality="Single"><material><mattext texttype="text/html">&lt;p&gt;&lt;img src="image/s01.PNG" alt="" title="" style="max-width: 100%;" /&gt;&lt;/p&gt;</mattext></material><render_choice shuffle="yes"><flow_label class="Block"><response_label ident="QUES_109463_118457_M400034"><flow_mat><material><mattext texttype="text/html">&lt;p&gt;Boundary&lt;/p&gt;</mattext></material></flow_mat></response_label><response_label ident="QUES_109463_118457_M400035"><flow_mat><material><mattext texttype="text/html">&lt;p&gt;Actor&lt;/p&gt;</mattext></material></flow_mat></response_label><response_label ident="QUES_109463_118457_M400036"><flow_mat><material><mattext texttype="text/html">&lt;p&gt;Control&lt;/p&gt;</mattext></material></flow_mat></response_label><response_label ident="QUES_109463_118457_M400037"><flow_mat><material><mattext texttype="text/html">&lt;p&gt;Object&lt;/p&gt;</mattext></material></flow_mat></response_label><response_label ident="QUES_109463_118457_M400038"><flow_mat><material><mattext texttype="text/html">&lt;p&gt;Entity&lt;/p&gt;</mattext></material></flow_mat></response_label><response_label ident="QUES_109463_118457_M400039"><flow_mat><material><mattext texttype="text/html">&lt;p&gt;Activation bar&lt;/p&gt;</mattext></material></flow_mat></response_label><response_label ident="QUES_109463_118457_M400040"><flow_mat><material><mattext texttype="text/html">&lt;p&gt;Synchronous message&lt;/p&gt;</mattext></material></flow_mat></response_label><response_label ident="QUES_109463_118457_M400041"><flow_mat><material><mattext texttype="text/html">&lt;p&gt;Asynchronous message&lt;/p&gt;</mattext></material></flow_mat></response_label><response_label ident="QUES_109463_118457_M400042"><flow_mat><material><mattext texttype="text/html">&lt;p&gt;Return message&lt;/p&gt;</mattext></material></flow_mat></response_label><response_label ident="QUES_109463_118457_M400043"><flow_mat><material><mattext texttype="text/html">&lt;p&gt;Destruction occurrence&amp;nbsp;&lt;/p&gt;</mattext></material></flow_mat></response_label></flow_label></render_choice></response_grp><response_grp respident="QUES_109463_118457_C400045" rcardinality="Single"><material><mattext texttype="text/html">&lt;p&gt;&lt;img src="image/s00.PNG" alt="" title="" style="max-width: 100%;" /&gt;&lt;/p&gt;</mattext></material><render_choice shuffle="yes"><flow_label class="Block"><response_label ident="QUES_109463_118457_M400034"><flow_mat><material><mattext texttype="text/html">&lt;p&gt;Boundary&lt;/p&gt;</mattext></material></flow_mat></response_label><response_label ident="QUES_109463_118457_M400035"><flow_mat><material><mattext texttype="text/html">&lt;p&gt;Actor&lt;/p&gt;</mattext></material></flow_mat></response_label><response_label ident="QUES_109463_118457_M400036"><flow_mat><material><mattext texttype="text/html">&lt;p&gt;Control&lt;/p&gt;</mattext></material></flow_mat></response_label><response_label ident="QUES_109463_118457_M400037"><flow_mat><material><mattext texttype="text/html">&lt;p&gt;Object&lt;/p&gt;</mattext></material></flow_mat></response_label><response_label ident="QUES_109463_118457_M400038"><flow_mat><material><mattext texttype="text/html">&lt;p&gt;Entity&lt;/p&gt;</mattext></material></flow_mat></response_label><response_label ident="QUES_109463_118457_M400039"><flow_mat><material><mattext texttype="text/html">&lt;p&gt;Activation bar&lt;/p&gt;</mattext></material></flow_mat></response_label><response_label ident="QUES_109463_118457_M400040"><flow_mat><material><mattext texttype="text/html">&lt;p&gt;Synchronous message&lt;/p&gt;</mattext></material></flow_mat></response_label><response_label ident="QUES_109463_118457_M400041"><flow_mat><material><mattext texttype="text/html">&lt;p&gt;Asynchronous message&lt;/p&gt;</mattext></material></flow_mat></response_label><response_label ident="QUES_109463_118457_M400042"><flow_mat><material><mattext texttype="text/html">&lt;p&gt;Return message&lt;/p&gt;</mattext></material></flow_mat></response_label><response_label ident="QUES_109463_118457_M400043"><flow_mat><material><mattext texttype="text/html">&lt;p&gt;Destruction occurrence&amp;nbsp;&lt;/p&gt;</mattext></material></flow_mat></response_label></flow_label></render_choice></response_grp><response_grp respident="QUES_109463_118457_C400046" rcardinality="Single"><material><mattext texttype="text/html">&lt;p&gt;&lt;img src="image/s03.PNG" alt="" title="" style="max-width: 100%;" /&gt;&lt;/p&gt;</mattext></material><render_choice shuffle="yes"><flow_label class="Block"><response_label ident="QUES_109463_118457_M400034"><flow_mat><material><mattext texttype="text/html">&lt;p&gt;Boundary&lt;/p&gt;</mattext></material></flow_mat></response_label><response_label ident="QUES_109463_118457_M400035"><flow_mat><material><mattext texttype="text/html">&lt;p&gt;Actor&lt;/p&gt;</mattext></material></flow_mat></response_label><response_label ident="QUES_109463_118457_M400036"><flow_mat><material><mattext texttype="text/html">&lt;p&gt;Control&lt;/p&gt;</mattext></material></flow_mat></response_label><response_label ident="QUES_109463_118457_M400037"><flow_mat><material><mattext texttype="text/html">&lt;p&gt;Object&lt;/p&gt;</mattext></material></flow_mat></response_label><response_label ident="QUES_109463_118457_M400038"><flow_mat><material><mattext texttype="text/html">&lt;p&gt;Entity&lt;/p&gt;</mattext></material></flow_mat></response_label><response_label ident="QUES_109463_118457_M400039"><flow_mat><material><mattext texttype="text/html">&lt;p&gt;Activation bar&lt;/p&gt;</mattext></material></flow_mat></response_label><response_label ident="QUES_109463_118457_M400040"><flow_mat><material><mattext texttype="text/html">&lt;p&gt;Synchronous message&lt;/p&gt;</mattext></material></flow_mat></response_label><response_label ident="QUES_109463_118457_M400041"><flow_mat><material><mattext texttype="text/html">&lt;p&gt;Asynchronous message&lt;/p&gt;</mattext></material></flow_mat></response_label><response_label ident="QUES_109463_118457_M400042"><flow_mat><material><mattext texttype="text/html">&lt;p&gt;Return message&lt;/p&gt;</mattext></material></flow_mat></response_label><response_label ident="QUES_109463_118457_M400043"><flow_mat><material><mattext texttype="text/html">&lt;p&gt;Destruction occurrence&amp;nbsp;&lt;/p&gt;</mattext></material></flow_mat></response_label></flow_label></render_choice></response_grp><response_grp respident="QUES_109463_118457_C400047" rcardinality="Single"><material><mattext texttype="text/html">&lt;p&gt;&lt;img src="https://brightspace.hud.ac.uk/d2l/common/viewFile.d2lfile/Content/L2NvbnRlbnQvZW5mb3JjZWQvODMyMzQtWFBYMTA0MS0xOTIwL2ltYWdlL3MwMi5QTkc/s02.PNG?ou=83234" alt="" title="" style="max-width: 100%;" /&gt;&lt;/p&gt;</mattext></material><render_choice shuffle="yes"><flow_label class="Block"><response_label ident="QUES_109463_118457_M400034"><flow_mat><material><mattext texttype="text/html">&lt;p&gt;Boundary&lt;/p&gt;</mattext></material></flow_mat></response_label><response_label ident="QUES_109463_118457_M400035"><flow_mat><material><mattext texttype="text/html">&lt;p&gt;Actor&lt;/p&gt;</mattext></material></flow_mat></response_label><response_label ident="QUES_109463_118457_M400036"><flow_mat><material><mattext texttype="text/html">&lt;p&gt;Control&lt;/p&gt;</mattext></material></flow_mat></response_label><response_label ident="QUES_109463_118457_M400037"><flow_mat><material><mattext texttype="text/html">&lt;p&gt;Object&lt;/p&gt;</mattext></material></flow_mat></response_label><response_label ident="QUES_109463_118457_M400038"><flow_mat><material><mattext texttype="text/html">&lt;p&gt;Entity&lt;/p&gt;</mattext></material></flow_mat></response_label><response_label ident="QUES_109463_118457_M400039"><flow_mat><material><mattext texttype="text/html">&lt;p&gt;Activation bar&lt;/p&gt;</mattext></material></flow_mat></response_label><response_label ident="QUES_109463_118457_M400040"><flow_mat><material><mattext texttype="text/html">&lt;p&gt;Synchronous message&lt;/p&gt;</mattext></material></flow_mat></response_label><response_label ident="QUES_109463_118457_M400041"><flow_mat><material><mattext texttype="text/html">&lt;p&gt;Asynchronous message&lt;/p&gt;</mattext></material></flow_mat></response_label><response_label ident="QUES_109463_118457_M400042"><flow_mat><material><mattext texttype="text/html">&lt;p&gt;Return message&lt;/p&gt;</mattext></material></flow_mat></response_label><response_label ident="QUES_109463_118457_M400043"><flow_mat><material><mattext texttype="text/html">&lt;p&gt;Destruction occurrence&amp;nbsp;&lt;/p&gt;</mattext></material></flow_mat></response_label></flow_label></render_choice></response_grp><response_grp respident="QUES_109463_118457_C400048" rcardinality="Single"><material><mattext texttype="text/html">&lt;p&gt;&lt;img src="https://brightspace.hud.ac.uk/d2l/common/viewFile.d2lfile/Content/L2NvbnRlbnQvZW5mb3JjZWQvODMyMzQtWFBYMTA0MS0xOTIwL2ltYWdlL3MwNC5QTkc/s04.PNG?ou=83234" alt="" title="" style="max-width: 100%;" /&gt;&lt;/p&gt;</mattext></material><render_choice shuffle="yes"><flow_label class="Block"><response_label ident="QUES_109463_118457_M400034"><flow_mat><material><mattext texttype="text/html">&lt;p&gt;Boundary&lt;/p&gt;</mattext></material></flow_mat></response_label><response_label ident="QUES_109463_118457_M400035"><flow_mat><material><mattext texttype="text/html">&lt;p&gt;Actor&lt;/p&gt;</mattext></material></flow_mat></response_label><response_label ident="QUES_109463_118457_M400036"><flow_mat><material><mattext texttype="text/html">&lt;p&gt;Control&lt;/p&gt;</mattext></material></flow_mat></response_label><response_label ident="QUES_109463_118457_M400037"><flow_mat><material><mattext texttype="text/html">&lt;p&gt;Object&lt;/p&gt;</mattext></material></flow_mat></response_label><response_label ident="QUES_109463_118457_M400038"><flow_mat><material><mattext texttype="text/html">&lt;p&gt;Entity&lt;/p&gt;</mattext></material></flow_mat></response_label><response_label ident="QUES_109463_118457_M400039"><flow_mat><material><mattext texttype="text/html">&lt;p&gt;Activation bar&lt;/p&gt;</mattext></material></flow_mat></response_label><response_label ident="QUES_109463_118457_M400040"><flow_mat><material><mattext texttype="text/html">&lt;p&gt;Synchronous message&lt;/p&gt;</mattext></material></flow_mat></response_label><response_label ident="QUES_109463_118457_M400041"><flow_mat><material><mattext texttype="text/html">&lt;p&gt;Asynchronous message&lt;/p&gt;</mattext></material></flow_mat></response_label><response_label ident="QUES_109463_118457_M400042"><flow_mat><material><mattext texttype="text/html">&lt;p&gt;Return message&lt;/p&gt;</mattext></material></flow_mat></response_label><response_label ident="QUES_109463_118457_M400043"><flow_mat><material><mattext texttype="text/html">&lt;p&gt;Destruction occurrence&amp;nbsp;&lt;/p&gt;</mattext></material></flow_mat></response_label></flow_label></render_choice></response_grp><response_grp respident="QUES_109463_118457_C400049" rcardinality="Single"><material><mattext texttype="text/html">&lt;p&gt;&lt;img src="https://brightspace.hud.ac.uk/d2l/common/viewFile.d2lfile/Content/L2NvbnRlbnQvZW5mb3JjZWQvODMyMzQtWFBYMTA0MS0xOTIwL2ltYWdlL3MwNS5QTkc/s05.PNG?ou=83234" alt="" title="" style="max-width: 100%;" /&gt;&lt;/p&gt;</mattext></material><render_choice shuffle="yes"><flow_label class="Block"><response_label ident="QUES_109463_118457_M400034"><flow_mat><material><mattext texttype="text/html">&lt;p&gt;Boundary&lt;/p&gt;</mattext></material></flow_mat></response_label><response_label ident="QUES_109463_118457_M400035"><flow_mat><material><mattext texttype="text/html">&lt;p&gt;Actor&lt;/p&gt;</mattext></material></flow_mat></response_label><response_label ident="QUES_109463_118457_M400036"><flow_mat><material><mattext texttype="text/html">&lt;p&gt;Control&lt;/p&gt;</mattext></material></flow_mat></response_label><response_label ident="QUES_109463_118457_M400037"><flow_mat><material><mattext texttype="text/html">&lt;p&gt;Object&lt;/p&gt;</mattext></material></flow_mat></response_label><response_label ident="QUES_109463_118457_M400038"><flow_mat><material><mattext texttype="text/html">&lt;p&gt;Entity&lt;/p&gt;</mattext></material></flow_mat></response_label><response_label ident="QUES_109463_118457_M400039"><flow_mat><material><mattext texttype="text/html">&lt;p&gt;Activation bar&lt;/p&gt;</mattext></material></flow_mat></response_label><response_label ident="QUES_109463_118457_M400040"><flow_mat><material><mattext texttype="text/html">&lt;p&gt;Synchronous message&lt;/p&gt;</mattext></material></flow_mat></response_label><response_label ident="QUES_109463_118457_M400041"><flow_mat><material><mattext texttype="text/html">&lt;p&gt;Asynchronous message&lt;/p&gt;</mattext></material></flow_mat></response_label><response_label ident="QUES_109463_118457_M400042"><flow_mat><material><mattext texttype="text/html">&lt;p&gt;Return message&lt;/p&gt;</mattext></material></flow_mat></response_label><response_label ident="QUES_109463_118457_M400043"><flow_mat><material><mattext texttype="text/html">&lt;p&gt;Destruction occurrence&amp;nbsp;&lt;/p&gt;</mattext></material></flow_mat></response_label></flow_label></render_choice></response_grp><response_grp respident="QUES_109463_118457_C400050" rcardinality="Single"><material><mattext texttype="text/html">&lt;p&gt;&lt;img src="https://brightspace.hud.ac.uk/d2l/common/viewFile.d2lfile/Content/L2NvbnRlbnQvZW5mb3JjZWQvODMyMzQtWFBYMTA0MS0xOTIwL2ltYWdlL3MwNi5QTkc/s06.PNG?ou=83234" alt="" title="" style="max-width: 100%;" /&gt;&lt;/p&gt;</mattext></material><render_choice shuffle="yes"><flow_label class="Block"><response_label ident="QUES_109463_118457_M400034"><flow_mat><material><mattext texttype="text/html">&lt;p&gt;Boundary&lt;/p&gt;</mattext></material></flow_mat></response_label><response_label ident="QUES_109463_118457_M400035"><flow_mat><material><mattext texttype="text/html">&lt;p&gt;Actor&lt;/p&gt;</mattext></material></flow_mat></response_label><response_label ident="QUES_109463_118457_M400036"><flow_mat><material><mattext texttype="text/html">&lt;p&gt;Control&lt;/p&gt;</mattext></material></flow_mat></response_label><response_label ident="QUES_109463_118457_M400037"><flow_mat><material><mattext texttype="text/html">&lt;p&gt;Object&lt;/p&gt;</mattext></material></flow_mat></response_label><response_label ident="QUES_109463_118457_M400038"><flow_mat><material><mattext texttype="text/html">&lt;p&gt;Entity&lt;/p&gt;</mattext></material></flow_mat></response_label><response_label ident="QUES_109463_118457_M400039"><flow_mat><material><mattext texttype="text/html">&lt;p&gt;Activation bar&lt;/p&gt;</mattext></material></flow_mat></response_label><response_label ident="QUES_109463_118457_M400040"><flow_mat><material><mattext texttype="text/html">&lt;p&gt;Synchronous message&lt;/p&gt;</mattext></material></flow_mat></response_label><response_label ident="QUES_109463_118457_M400041"><flow_mat><material><mattext texttype="text/html">&lt;p&gt;Asynchronous message&lt;/p&gt;</mattext></material></flow_mat></response_label><response_label ident="QUES_109463_118457_M400042"><flow_mat><material><mattext texttype="text/html">&lt;p&gt;Return message&lt;/p&gt;</mattext></material></flow_mat></response_label><response_label ident="QUES_109463_118457_M400043"><flow_mat><material><mattext texttype="text/html">&lt;p&gt;Destruction occurrence&amp;nbsp;&lt;/p&gt;</mattext></material></flow_mat></response_label></flow_label></render_choice></response_grp><response_grp respident="QUES_109463_118457_C400051" rcardinality="Single"><material><mattext texttype="text/html">&lt;p&gt;&lt;img src="https://brightspace.hud.ac.uk/d2l/common/viewFile.d2lfile/Content/L2NvbnRlbnQvZW5mb3JjZWQvODMyMzQtWFBYMTA0MS0xOTIwL2ltYWdlL3MwNy5QTkc/s07.PNG?ou=83234" alt="" title="" style="max-width: 100%;" /&gt;&lt;/p&gt;</mattext></material><render_choice shuffle="yes"><flow_label class="Block"><response_label ident="QUES_109463_118457_M400034"><flow_mat><material><mattext texttype="text/html">&lt;p&gt;Boundary&lt;/p&gt;</mattext></material></flow_mat></response_label><response_label ident="QUES_109463_118457_M400035"><flow_mat><material><mattext texttype="text/html">&lt;p&gt;Actor&lt;/p&gt;</mattext></material></flow_mat></response_label><response_label ident="QUES_109463_118457_M400036"><flow_mat><material><mattext texttype="text/html">&lt;p&gt;Control&lt;/p&gt;</mattext></material></flow_mat></response_label><response_label ident="QUES_109463_118457_M400037"><flow_mat><material><mattext texttype="text/html">&lt;p&gt;Object&lt;/p&gt;</mattext></material></flow_mat></response_label><response_label ident="QUES_109463_118457_M400038"><flow_mat><material><mattext texttype="text/html">&lt;p&gt;Entity&lt;/p&gt;</mattext></material></flow_mat></response_label><response_label ident="QUES_109463_118457_M400039"><flow_mat><material><mattext texttype="text/html">&lt;p&gt;Activation bar&lt;/p&gt;</mattext></material></flow_mat></response_label><response_label ident="QUES_109463_118457_M400040"><flow_mat><material><mattext texttype="text/html">&lt;p&gt;Synchronous message&lt;/p&gt;</mattext></material></flow_mat></response_label><response_label ident="QUES_109463_118457_M400041"><flow_mat><material><mattext texttype="text/html">&lt;p&gt;Asynchronous message&lt;/p&gt;</mattext></material></flow_mat></response_label><response_label ident="QUES_109463_118457_M400042"><flow_mat><material><mattext texttype="text/html">&lt;p&gt;Return message&lt;/p&gt;</mattext></material></flow_mat></response_label><response_label ident="QUES_109463_118457_M400043"><flow_mat><material><mattext texttype="text/html">&lt;p&gt;Destruction occurrence&amp;nbsp;&lt;/p&gt;</mattext></material></flow_mat></response_label></flow_label></render_choice></response_grp><response_grp respident="QUES_109463_118457_C400052" rcardinality="Single"><material><mattext texttype="text/html">&lt;p&gt;&lt;img src="https://brightspace.hud.ac.uk/d2l/common/viewFile.d2lfile/Content/L2NvbnRlbnQvZW5mb3JjZWQvODMyMzQtWFBYMTA0MS0xOTIwL2ltYWdlL3MwOC5QTkc/s08.PNG?ou=83234" alt="" title="" style="max-width: 100%;" /&gt;&lt;/p&gt;</mattext></material><render_choice shuffle="yes"><flow_label class="Block"><response_label ident="QUES_109463_118457_M400034"><flow_mat><material><mattext texttype="text/html">&lt;p&gt;Boundary&lt;/p&gt;</mattext></material></flow_mat></response_label><response_label ident="QUES_109463_118457_M400035"><flow_mat><material><mattext texttype="text/html">&lt;p&gt;Actor&lt;/p&gt;</mattext></material></flow_mat></response_label><response_label ident="QUES_109463_118457_M400036"><flow_mat><material><mattext texttype="text/html">&lt;p&gt;Control&lt;/p&gt;</mattext></material></flow_mat></response_label><response_label ident="QUES_109463_118457_M400037"><flow_mat><material><mattext texttype="text/html">&lt;p&gt;Object&lt;/p&gt;</mattext></material></flow_mat></response_label><response_label ident="QUES_109463_118457_M400038"><flow_mat><material><mattext texttype="text/html">&lt;p&gt;Entity&lt;/p&gt;</mattext></material></flow_mat></response_label><response_label ident="QUES_109463_118457_M400039"><flow_mat><material><mattext texttype="text/html">&lt;p&gt;Activation bar&lt;/p&gt;</mattext></material></flow_mat></response_label><response_label ident="QUES_109463_118457_M400040"><flow_mat><material><mattext texttype="text/html">&lt;p&gt;Synchronous message&lt;/p&gt;</mattext></material></flow_mat></response_label><response_label ident="QUES_109463_118457_M400041"><flow_mat><material><mattext texttype="text/html">&lt;p&gt;Asynchronous message&lt;/p&gt;</mattext></material></flow_mat></response_label><response_label ident="QUES_109463_118457_M400042"><flow_mat><material><mattext texttype="text/html">&lt;p&gt;Return message&lt;/p&gt;</mattext></material></flow_mat></response_label><response_label ident="QUES_109463_118457_M400043"><flow_mat><material><mattext texttype="text/html">&lt;p&gt;Destruction occurrence&amp;nbsp;&lt;/p&gt;</mattext></material></flow_mat></response_label></flow_label></render_choice></response_grp><response_grp respident="QUES_109463_118457_C400053" rcardinality="Single"><material><mattext texttype="text/html">&lt;p&gt;&lt;img src="https://brightspace.hud.ac.uk/d2l/common/viewFile.d2lfile/Content/L2NvbnRlbnQvZW5mb3JjZWQvODMyMzQtWFBYMTA0MS0xOTIwL2ltYWdlL3MxMC5QTkc/s10.PNG?ou=83234" alt="" title="" style="max-width: 100%;" /&gt;&lt;/p&gt;</mattext></material><render_choice shuffle="yes"><flow_label class="Block"><response_label ident="QUES_109463_118457_M400034"><flow_mat><material><mattext texttype="text/html">&lt;p&gt;Boundary&lt;/p&gt;</mattext></material></flow_mat></response_label><response_label ident="QUES_109463_118457_M400035"><flow_mat><material><mattext texttype="text/html">&lt;p&gt;Actor&lt;/p&gt;</mattext></material></flow_mat></response_label><response_label ident="QUES_109463_118457_M400036"><flow_mat><material><mattext texttype="text/html">&lt;p&gt;Control&lt;/p&gt;</mattext></material></flow_mat></response_label><response_label ident="QUES_109463_118457_M400037"><flow_mat><material><mattext texttype="text/html">&lt;p&gt;Object&lt;/p&gt;</mattext></material></flow_mat></response_label><response_label ident="QUES_109463_118457_M400038"><flow_mat><material><mattext texttype="text/html">&lt;p&gt;Entity&lt;/p&gt;</mattext></material></flow_mat></response_label><response_label ident="QUES_109463_118457_M400039"><flow_mat><material><mattext texttype="text/html">&lt;p&gt;Activation bar&lt;/p&gt;</mattext></material></flow_mat></response_label><response_label ident="QUES_109463_118457_M400040"><flow_mat><material><mattext texttype="text/html">&lt;p&gt;Synchronous message&lt;/p&gt;</mattext></material></flow_mat></response_label><response_label ident="QUES_109463_118457_M400041"><flow_mat><material><mattext texttype="text/html">&lt;p&gt;Asynchronous message&lt;/p&gt;</mattext></material></flow_mat></response_label><response_label ident="QUES_109463_118457_M400042"><flow_mat><material><mattext texttype="text/html">&lt;p&gt;Return message&lt;/p&gt;</mattext></material></flow_mat></response_label><response_label ident="QUES_109463_118457_M400043"><flow_mat><material><mattext texttype="text/html">&lt;p&gt;Destruction occurrence&amp;nbsp;&lt;/p&gt;</mattext></material></flow_mat></response_label></flow_label></render_choice></response_grp></flow></presentation><resprocessing><outcomes><decvar vartype="Integer" defaultval="0" varname="D2L_Correct" minvalue="0" maxvalue="100" /><decvar vartype="Integer" defaultval="0" varname="D2L_Incorrect" minvalue="0" maxvalue="100" /><decvar vartype="Decimal" defaultval="0" varname="que_score" minvalue="0" maxvalue="100" /></outcomes><respcondition><conditionvar><varequal respident="QUES_109463_118457_C400044">QUES_109463_118457_M400034</varequal></conditionvar><setvar varname="D2L_Correct" action="Add">1</setvar></respcondition><respcondition><conditionvar><varequal respident="QUES_109463_118457_C400044">QUES_109463_118457_M400035</varequal></conditionvar><setvar varname="D2L_Incorrect" action="Add">1</setvar></respcondition><respcondition><conditionvar><varequal respident="QUES_109463_118457_C400044">QUES_109463_118457_M400036</varequal></conditionvar><setvar varname="D2L_Incorrect" action="Add">1</setvar></respcondition><respcondition><conditionvar><varequal respident="QUES_109463_118457_C400044">QUES_109463_118457_M400037</varequal></conditionvar><setvar varname="D2L_Incorrect" action="Add">1</setvar></respcondition><respcondition><conditionvar><varequal respident="QUES_109463_118457_C400044">QUES_109463_118457_M400038</varequal></conditionvar><setvar varname="D2L_Incorrect" action="Add">1</setvar></respcondition><respcondition><conditionvar><varequal respident="QUES_109463_118457_C400044">QUES_109463_118457_M400039</varequal></conditionvar><setvar varname="D2L_Incorrect" action="Add">1</setvar></respcondition><respcondition><conditionvar><varequal respident="QUES_109463_118457_C400044">QUES_109463_118457_M400040</varequal></conditionvar><setvar varname="D2L_Incorrect" action="Add">1</setvar></respcondition><respcondition><conditionvar><varequal respident="QUES_109463_118457_C400044">QUES_109463_118457_M400041</varequal></conditionvar><setvar varname="D2L_Incorrect" action="Add">1</setvar></respcondition><respcondition><conditionvar><varequal respident="QUES_109463_118457_C400044">QUES_109463_118457_M400042</varequal></conditionvar><setvar varname="D2L_Incorrect" action="Add">1</setvar></respcondition><respcondition><conditionvar><varequal respident="QUES_109463_118457_C400044">QUES_109463_118457_M400043</varequal></conditionvar><setvar varname="D2L_Incorrect" action="Add">1</setvar></respcondition><respcondition><conditionvar><varequal respident="QUES_109463_118457_C400045">QUES_109463_118457_M400034</varequal></conditionvar><setvar varname="D2L_Incorrect" action="Add">1</setvar></respcondition><respcondition><conditionvar><varequal respident="QUES_109463_118457_C400045">QUES_109463_118457_M400035</varequal></conditionvar><setvar varname="D2L_Correct" action="Add">1</setvar></respcondition><respcondition><conditionvar><varequal respident="QUES_109463_118457_C400045">QUES_109463_118457_M400036</varequal></conditionvar><setvar varname="D2L_Incorrect" action="Add">1</setvar></respcondition><respcondition><conditionvar><varequal respident="QUES_109463_118457_C400045">QUES_109463_118457_M400037</varequal></conditionvar><setvar varname="D2L_Incorrect" action="Add">1</setvar></respcondition><respcondition><conditionvar><varequal respident="QUES_109463_118457_C400045">QUES_109463_118457_M400038</varequal></conditionvar><setvar varname="D2L_Incorrect" action="Add">1</setvar></respcondition><respcondition><conditionvar><varequal respident="QUES_109463_118457_C400045">QUES_109463_118457_M400039</varequal></conditionvar><setvar varname="D2L_Incorrect" action="Add">1</setvar></respcondition><respcondition><conditionvar><varequal respident="QUES_109463_118457_C400045">QUES_109463_118457_M400040</varequal></conditionvar><setvar varname="D2L_Incorrect" action="Add">1</setvar></respcondition><respcondition><conditionvar><varequal respident="QUES_109463_118457_C400045">QUES_109463_118457_M400041</varequal></conditionvar><setvar varname="D2L_Incorrect" action="Add">1</setvar></respcondition><respcondition><conditionvar><varequal respident="QUES_109463_118457_C400045">QUES_109463_118457_M400042</varequal></conditionvar><setvar varname="D2L_Incorrect" action="Add">1</setvar></respcondition><respcondition><conditionvar><varequal respident="QUES_109463_118457_C400045">QUES_109463_118457_M400043</varequal></conditionvar><setvar varname="D2L_Incorrect" action="Add">1</setvar></respcondition><respcondition><conditionvar><varequal respident="QUES_109463_118457_C400046">QUES_109463_118457_M400034</varequal></conditionvar><setvar varname="D2L_Incorrect" action="Add">1</setvar></respcondition><respcondition><conditionvar><varequal respident="QUES_109463_118457_C400046">QUES_109463_118457_M400035</varequal></conditionvar><setvar varname="D2L_Incorrect" action="Add">1</setvar></respcondition><respcondition><conditionvar><varequal respident="QUES_109463_118457_C400046">QUES_109463_118457_M400036</varequal></conditionvar><setvar varname="D2L_Correct" action="Add">1</setvar></respcondition><respcondition><conditionvar><varequal respident="QUES_109463_118457_C400046">QUES_109463_118457_M400037</varequal></conditionvar><setvar varname="D2L_Incorrect" action="Add">1</setvar></respcondition><respcondition><conditionvar><varequal respident="QUES_109463_118457_C400046">QUES_109463_118457_M400038</varequal></conditionvar><setvar varname="D2L_Incorrect" action="Add">1</setvar></respcondition><respcondition><conditionvar><varequal respident="QUES_109463_118457_C400046">QUES_109463_118457_M400039</varequal></conditionvar><setvar varname="D2L_Incorrect" action="Add">1</setvar></respcondition><respcondition><conditionvar><varequal respident="QUES_109463_118457_C400046">QUES_109463_118457_M400040</varequal></conditionvar><setvar varname="D2L_Incorrect" action="Add">1</setvar></respcondition><respcondition><conditionvar><varequal respident="QUES_109463_118457_C400046">QUES_109463_118457_M400041</varequal></conditionvar><setvar varname="D2L_Incorrect" action="Add">1</setvar></respcondition><respcondition><conditionvar><varequal respident="QUES_109463_118457_C400046">QUES_109463_118457_M400042</varequal></conditionvar><setvar varname="D2L_Incorrect" action="Add">1</setvar></respcondition><respcondition><conditionvar><varequal respident="QUES_109463_118457_C400046">QUES_109463_118457_M400043</varequal></conditionvar><setvar varname="D2L_Incorrect" action="Add">1</setvar></respcondition><respcondition><conditionvar><varequal respident="QUES_109463_118457_C400047">QUES_109463_118457_M400034</varequal></conditionvar><setvar varname="D2L_Incorrect" action="Add">1</setvar></respcondition><respcondition><conditionvar><varequal respident="QUES_109463_118457_C400047">QUES_109463_118457_M400035</varequal></conditionvar><setvar varname="D2L_Incorrect" action="Add">1</setvar></respcondition><respcondition><conditionvar><varequal respident="QUES_109463_118457_C400047">QUES_109463_118457_M400036</varequal></conditionvar><setvar varname="D2L_Incorrect" action="Add">1</setvar></respcondition><respcondition><conditionvar><varequal respident="QUES_109463_118457_C400047">QUES_109463_118457_M400037</varequal></conditionvar><setvar varname="D2L_Correct" action="Add">1</setvar></respcondition><respcondition><conditionvar><varequal respident="QUES_109463_118457_C400047">QUES_109463_118457_M400038</varequal></conditionvar><setvar varname="D2L_Incorrect" action="Add">1</setvar></respcondition><respcondition><conditionvar><varequal respident="QUES_109463_118457_C400047">QUES_109463_118457_M400039</varequal></conditionvar><setvar varname="D2L_Incorrect" action="Add">1</setvar></respcondition><respcondition><conditionvar><varequal respident="QUES_109463_118457_C400047">QUES_109463_118457_M400040</varequal></conditionvar><setvar varname="D2L_Incorrect" action="Add">1</setvar></respcondition><respcondition><conditionvar><varequal respident="QUES_109463_118457_C400047">QUES_109463_118457_M400041</varequal></conditionvar><setvar varname="D2L_Incorrect" action="Add">1</setvar></respcondition><respcondition><conditionvar><varequal respident="QUES_109463_118457_C400047">QUES_109463_118457_M400042</varequal></conditionvar><setvar varname="D2L_Incorrect" action="Add">1</setvar></respcondition><respcondition><conditionvar><varequal respident="QUES_109463_118457_C400047">QUES_109463_118457_M400043</varequal></conditionvar><setvar varname="D2L_Incorrect" action="Add">1</setvar></respcondition><respcondition><conditionvar><varequal respident="QUES_109463_118457_C400048">QUES_109463_118457_M400034</varequal></conditionvar><setvar varname="D2L_Incorrect" action="Add">1</setvar></respcondition><respcondition><conditionvar><varequal respident="QUES_109463_118457_C400048">QUES_109463_118457_M400035</varequal></conditionvar><setvar varname="D2L_Incorrect" action="Add">1</setvar></respcondition><respcondition><conditionvar><varequal respident="QUES_109463_118457_C400048">QUES_109463_118457_M400036</varequal></conditionvar><setvar varname="D2L_Incorrect" action="Add">1</setvar></respcondition><respcondition><conditionvar><varequal respident="QUES_109463_118457_C400048">QUES_109463_118457_M400037</varequal></conditionvar><setvar varname="D2L_Incorrect" action="Add">1</setvar></respcondition><respcondition><conditionvar><varequal respident="QUES_109463_118457_C400048">QUES_109463_118457_M400038</varequal></conditionvar><setvar varname="D2L_Correct" action="Add">1</setvar></respcondition><respcondition><conditionvar><varequal respident="QUES_109463_118457_C400048">QUES_109463_118457_M400039</varequal></conditionvar><setvar varname="D2L_Incorrect" action="Add">1</setvar></respcondition><respcondition><conditionvar><varequal respident="QUES_109463_118457_C400048">QUES_109463_118457_M400040</varequal></conditionvar><setvar varname="D2L_Incorrect" action="Add">1</setvar></respcondition><respcondition><conditionvar><varequal respident="QUES_109463_118457_C400048">QUES_109463_118457_M400041</varequal></conditionvar><setvar varname="D2L_Incorrect" action="Add">1</setvar></respcondition><respcondition><conditionvar><varequal respident="QUES_109463_118457_C400048">QUES_109463_118457_M400042</varequal></conditionvar><setvar varname="D2L_Incorrect" action="Add">1</setvar></respcondition><respcondition><conditionvar><varequal respident="QUES_109463_118457_C400048">QUES_109463_118457_M400043</varequal></conditionvar><setvar varname="D2L_Incorrect" action="Add">1</setvar></respcondition><respcondition><conditionvar><varequal respident="QUES_109463_118457_C400049">QUES_109463_118457_M400034</varequal></conditionvar><setvar varname="D2L_Incorrect" action="Add">1</setvar></respcondition><respcondition><conditionvar><varequal respident="QUES_109463_118457_C400049">QUES_109463_118457_M400035</varequal></conditionvar><setvar varname="D2L_Incorrect" action="Add">1</setvar></respcondition><respcondition><conditionvar><varequal respident="QUES_109463_118457_C400049">QUES_109463_118457_M400036</varequal></conditionvar><setvar varname="D2L_Incorrect" action="Add">1</setvar></respcondition><respcondition><conditionvar><varequal respident="QUES_109463_118457_C400049">QUES_109463_118457_M400037</varequal></conditionvar><setvar varname="D2L_Incorrect" action="Add">1</setvar></respcondition><respcondition><conditionvar><varequal respident="QUES_109463_118457_C400049">QUES_109463_118457_M400038</varequal></conditionvar><setvar varname="D2L_Incorrect" action="Add">1</setvar></respcondition><respcondition><conditionvar><varequal respident="QUES_109463_118457_C400049">QUES_109463_118457_M400039</varequal></conditionvar><setvar varname="D2L_Correct" action="Add">1</setvar></respcondition><respcondition><conditionvar><varequal respident="QUES_109463_118457_C400049">QUES_109463_118457_M400040</varequal></conditionvar><setvar varname="D2L_Incorrect" action="Add">1</setvar></respcondition><respcondition><conditionvar><varequal respident="QUES_109463_118457_C400049">QUES_109463_118457_M400041</varequal></conditionvar><setvar varname="D2L_Incorrect" action="Add">1</setvar></respcondition><respcondition><conditionvar><varequal respident="QUES_109463_118457_C400049">QUES_109463_118457_M400042</varequal></conditionvar><setvar varname="D2L_Incorrect" action="Add">1</setvar></respcondition><respcondition><conditionvar><varequal respident="QUES_109463_118457_C400049">QUES_109463_118457_M400043</varequal></conditionvar><setvar varname="D2L_Incorrect" action="Add">1</setvar></respcondition><respcondition><conditionvar><varequal respident="QUES_109463_118457_C400050">QUES_109463_118457_M400034</varequal></conditionvar><setvar varname="D2L_Incorrect" action="Add">1</setvar></respcondition><respcondition><conditionvar><varequal respident="QUES_109463_118457_C400050">QUES_109463_118457_M400035</varequal></conditionvar><setvar varname="D2L_Incorrect" action="Add">1</setvar></respcondition><respcondition><conditionvar><varequal respident="QUES_109463_118457_C400050">QUES_109463_118457_M400036</varequal></conditionvar><setvar varname="D2L_Incorrect" action="Add">1</setvar></respcondition><respcondition><conditionvar><varequal respident="QUES_109463_118457_C400050">QUES_109463_118457_M400037</varequal></conditionvar><setvar varname="D2L_Incorrect" action="Add">1</setvar></respcondition><respcondition><conditionvar><varequal respident="QUES_109463_118457_C400050">QUES_109463_118457_M400038</varequal></conditionvar><setvar varname="D2L_Incorrect" action="Add">1</setvar></respcondition><respcondition><conditionvar><varequal respident="QUES_109463_118457_C400050">QUES_109463_118457_M400039</varequal></conditionvar><setvar varname="D2L_Incorrect" action="Add">1</setvar></respcondition><respcondition><conditionvar><varequal respident="QUES_109463_118457_C400050">QUES_109463_118457_M400040</varequal></conditionvar><setvar varname="D2L_Correct" action="Add">1</setvar></respcondition><respcondition><conditionvar><varequal respident="QUES_109463_118457_C400050">QUES_109463_118457_M400041</varequal></conditionvar><setvar varname="D2L_Incorrect" action="Add">1</setvar></respcondition><respcondition><conditionvar><varequal respident="QUES_109463_118457_C400050">QUES_109463_118457_M400042</varequal></conditionvar><setvar varname="D2L_Incorrect" action="Add">1</setvar></respcondition><respcondition><conditionvar><varequal respident="QUES_109463_118457_C400050">QUES_109463_118457_M400043</varequal></conditionvar><setvar varname="D2L_Incorrect" action="Add">1</setvar></respcondition><respcondition><conditionvar><varequal respident="QUES_109463_118457_C400051">QUES_109463_118457_M400034</varequal></conditionvar><setvar varname="D2L_Incorrect" action="Add">1</setvar></respcondition><respcondition><conditionvar><varequal respident="QUES_109463_118457_C400051">QUES_109463_118457_M400035</varequal></conditionvar><setvar varname="D2L_Incorrect" action="Add">1</setvar></respcondition><respcondition><conditionvar><varequal respident="QUES_109463_118457_C400051">QUES_109463_118457_M400036</varequal></conditionvar><setvar varname="D2L_Incorrect" action="Add">1</setvar></respcondition><respcondition><conditionvar><varequal respident="QUES_109463_118457_C400051">QUES_109463_118457_M400037</varequal></conditionvar><setvar varname="D2L_Incorrect" action="Add">1</setvar></respcondition><respcondition><conditionvar><varequal respident="QUES_109463_118457_C400051">QUES_109463_118457_M400038</varequal></conditionvar><setvar varname="D2L_Incorrect" action="Add">1</setvar></respcondition><respcondition><conditionvar><varequal respident="QUES_109463_118457_C400051">QUES_109463_118457_M400039</varequal></conditionvar><setvar varname="D2L_Incorrect" action="Add">1</setvar></respcondition><respcondition><conditionvar><varequal respident="QUES_109463_118457_C400051">QUES_109463_118457_M400040</varequal></conditionvar><setvar varname="D2L_Incorrect" action="Add">1</setvar></respcondition><respcondition><conditionvar><varequal respident="QUES_109463_118457_C400051">QUES_109463_118457_M400041</varequal></conditionvar><setvar varname="D2L_Correct" action="Add">1</setvar></respcondition><respcondition><conditionvar><varequal respident="QUES_109463_118457_C400051">QUES_109463_118457_M400042</varequal></conditionvar><setvar varname="D2L_Incorrect" action="Add">1</setvar></respcondition><respcondition><conditionvar><varequal respident="QUES_109463_118457_C400051">QUES_109463_118457_M400043</varequal></conditionvar><setvar varname="D2L_Incorrect" action="Add">1</setvar></respcondition><respcondition><conditionvar><varequal respident="QUES_109463_118457_C400052">QUES_109463_118457_M400034</varequal></conditionvar><setvar varname="D2L_Incorrect" action="Add">1</setvar></respcondition><respcondition><conditionvar><varequal respident="QUES_109463_118457_C400052">QUES_109463_118457_M400035</varequal></conditionvar><setvar varname="D2L_Incorrect" action="Add">1</setvar></respcondition><respcondition><conditionvar><varequal respident="QUES_109463_118457_C400052">QUES_109463_118457_M400036</varequal></conditionvar><setvar varname="D2L_Incorrect" action="Add">1</setvar></respcondition><respcondition><conditionvar><varequal respident="QUES_109463_118457_C400052">QUES_109463_118457_M400037</varequal></conditionvar><setvar varname="D2L_Incorrect" action="Add">1</setvar></respcondition><respcondition><conditionvar><varequal respident="QUES_109463_118457_C400052">QUES_109463_118457_M400038</varequal></conditionvar><setvar varname="D2L_Incorrect" action="Add">1</setvar></respcondition><respcondition><conditionvar><varequal respident="QUES_109463_118457_C400052">QUES_109463_118457_M400039</varequal></conditionvar><setvar varname="D2L_Incorrect" action="Add">1</setvar></respcondition><respcondition><conditionvar><varequal respident="QUES_109463_118457_C400052">QUES_109463_118457_M400040</varequal></conditionvar><setvar varname="D2L_Incorrect" action="Add">1</setvar></respcondition><respcondition><conditionvar><varequal respident="QUES_109463_118457_C400052">QUES_109463_118457_M400041</varequal></conditionvar><setvar varname="D2L_Incorrect" action="Add">1</setvar></respcondition><respcondition><conditionvar><varequal respident="QUES_109463_118457_C400052">QUES_109463_118457_M400042</varequal></conditionvar><setvar varname="D2L_Correct" action="Add">1</setvar></respcondition><respcondition><conditionvar><varequal respident="QUES_109463_118457_C400052">QUES_109463_118457_M400043</varequal></conditionvar><setvar varname="D2L_Incorrect" action="Add">1</setvar></respcondition><respcondition><conditionvar><varequal respident="QUES_109463_118457_C400053">QUES_109463_118457_M400034</varequal></conditionvar><setvar varname="D2L_Incorrect" action="Add">1</setvar></respcondition><respcondition><conditionvar><varequal respident="QUES_109463_118457_C400053">QUES_109463_118457_M400035</varequal></conditionvar><setvar varname="D2L_Incorrect" action="Add">1</setvar></respcondition><respcondition><conditionvar><varequal respident="QUES_109463_118457_C400053">QUES_109463_118457_M400036</varequal></conditionvar><setvar varname="D2L_Incorrect" action="Add">1</setvar></respcondition><respcondition><conditionvar><varequal respident="QUES_109463_118457_C400053">QUES_109463_118457_M400037</varequal></conditionvar><setvar varname="D2L_Incorrect" action="Add">1</setvar></respcondition><respcondition><conditionvar><varequal respident="QUES_109463_118457_C400053">QUES_109463_118457_M400038</varequal></conditionvar><setvar varname="D2L_Incorrect" action="Add">1</setvar></respcondition><respcondition><conditionvar><varequal respident="QUES_109463_118457_C400053">QUES_109463_118457_M400039</varequal></conditionvar><setvar varname="D2L_Incorrect" action="Add">1</setvar></respcondition><respcondition><conditionvar><varequal respident="QUES_109463_118457_C400053">QUES_109463_118457_M400040</varequal></conditionvar><setvar varname="D2L_Incorrect" action="Add">1</setvar></respcondition><respcondition><conditionvar><varequal respident="QUES_109463_118457_C400053">QUES_109463_118457_M400041</varequal></conditionvar><setvar varname="D2L_Incorrect" action="Add">1</setvar></respcondition><respcondition><conditionvar><varequal respident="QUES_109463_118457_C400053">QUES_109463_118457_M400042</varequal></conditionvar><setvar varname="D2L_Incorrect" action="Add">1</setvar></respcondition><respcondition><conditionvar><varequal respident="QUES_109463_118457_C400053">QUES_109463_118457_M400043</varequal></conditionvar><setvar varname="D2L_Correct" action="Add">1</setvar></respcondition><respcondition><conditionvar><other /></conditionvar><setvar varname="que_score" action="Set">D2L_Correct</setvar></respcondition></resprocessing></item></section></assessment></questestinterop>