﻿<?xml version="1.0" encoding="UTF-8"?><questestinterop xmlns:d2l_2p0="http://desire2learn.com/xsd/d2lcp_v2p0"><assessment d2l_2p0:id="106" title="Week 1 - Datatypes Quiz Question" ident="res_quiz_25420" d2l_2p0:resource_code="huddersfield-327897"><rubric><flow_mat><material><mattext d2l_2p0:isdisplayed="no" texttype="text/html" /></material></flow_mat></rubric><assessmentcontrol hintswitch="no" solutionswitch="yes" feedbackswitch="no" /><presentation_material><flow_mat><material label="page header"><mattext d2l_2p0:isdisplayed="no" texttype="text/html" /></material><material label="page footer"><mattext d2l_2p0:isdisplayed="no" texttype="text/html" /></material></flow_mat></presentation_material><assess_procextension><d2l_2p0:intro_message d2l_2p0:isdisplayed="no" texttype="text/html" /><category ident="1366" d2l_2p0:sortorder="1">Single Quick Quiz</category><d2l_2p0:notification_email>john.alamina@hud.ac.uk</d2l_2p0:notification_email><d2l_2p0:disable_right_click>no</d2l_2p0:disable_right_click><d2l_2p0:disable_pager_access>no</d2l_2p0:disable_pager_access><is_active>yes</is_active><d2l_2p0:date_start /><d2l_2p0:date_end /><d2l_2p0:date_due /><d2l_2p0:has_schedule_event>no</d2l_2p0:has_schedule_event><d2l_2p0:is_attempt_Rldb>no</d2l_2p0:is_attempt_Rldb><d2l_2p0:is_subview_Rldb>no</d2l_2p0:is_subview_Rldb><d2l_2p0:time_limit>120</d2l_2p0:time_limit><d2l_2p0:show_clock>no</d2l_2p0:show_clock><d2l_2p0:enforce_time_limit>no</d2l_2p0:enforce_time_limit><d2l_2p0:grace_period>5</d2l_2p0:grace_period><d2l_2p0:late_limit>0</d2l_2p0:late_limit><d2l_2p0:attempts_allowed>5</d2l_2p0:attempts_allowed><d2l_2p0:attempt_restrictions /><d2l_2p0:mark_calculation_type>1</d2l_2p0:mark_calculation_type><d2l_2p0:is_forward_only>no</d2l_2p0:is_forward_only></assess_procextension><assessfeedback><rubric><flow_mat><material><mattext texttype="no">Your quiz has been submitted successfully.</mattext></material></flow_mat></rubric><d2l_2p0:duration>0</d2l_2p0:duration><d2l_2p0:response_display_type_id>1</d2l_2p0:response_display_type_id><d2l_2p0:show_correct_answers>no</d2l_2p0:show_correct_answers><d2l_2p0:submission_restrictip>no</d2l_2p0:submission_restrictip><d2l_2p0:show_class_average>no</d2l_2p0:show_class_average><d2l_2p0:show_score_distribution>no</d2l_2p0:show_score_distribution></assessfeedback><section ident="CONTAINER_SECTION"><item ident="OBJ_171612" label="QUES_105485_115873" d2l_2p0:page="1" title="What Datatypes can you identify for the program below:"><itemmetadata><qtimetadata><qti_metadatafield><fieldlabel>qmd_computerscored</fieldlabel><fieldentry>yes</fieldentry></qti_metadatafield><qti_metadatafield><fieldlabel>qmd_questiontype</fieldlabel><fieldentry>Multi-Select</fieldentry></qti_metadatafield><qti_metadatafield><fieldlabel>qmd_weighting</fieldlabel><fieldentry>1.000000000</fieldentry></qti_metadatafield><qti_metadatafield><fieldlabel>qmd_globalid</fieldlabel><fieldentry>bd5b8d6d-65b3-4d61-b2d2-b7d3a66c84ae</fieldentry></qti_metadatafield><qti_metadatafield><fieldlabel>qmd_displayid</fieldlabel><fieldentry>XPX1041-1920-1</fieldentry></qti_metadatafield></qtimetadata></itemmetadata><itemproc_extension><d2l_2p0:difficulty>1</d2l_2p0:difficulty><d2l_2p0:isbonus>no</d2l_2p0:isbonus><d2l_2p0:ismandatory>no</d2l_2p0:ismandatory></itemproc_extension><presentation><flow><material><mattext texttype="text/html">&lt;p&gt;What Datatypes can you identify for the program below:&lt;/p&gt;
&lt;pre&gt;&lt;code&gt;
// Example program
#include &lt;iostream&gt;

#include &lt;string&gt;

using std::string;
using std::cout;
using std::endl;
using std::cin;

void binary(int num) {
    int rem;
    if (num &amp;lt;= 1) {
        cout &amp;lt;&amp;lt; num;
        return;
    }
    rem = num % 2;
    cout &amp;lt;&amp;lt; '-';
    //cout &amp;lt;&amp;lt; rem;
    binary(num / 2);
    cout &amp;lt;&amp;lt; rem;
}
int main() {
    int dec;
    cout &amp;lt;&amp;lt; " Enter the number :";
    // std::string name;
    cin &amp;gt;&amp;gt; dec;
    if (dec &amp;lt; 0)
        std::cout &amp;lt;&amp;lt; dec &amp;lt;&amp;lt; " is not a positive integer ";
    else {
        cout &amp;lt;&amp;lt; " The binary form of " &amp;lt;&amp;lt; dec &amp;lt;&amp;lt; " is ";
        binary(dec);
        std::cout &amp;lt;&amp;lt; endl;
    }
}
&lt;/string&gt;&lt;/iostream&gt;&lt;/code&gt;&lt;/pre&gt;</mattext></material><response_extension><d2l_2p0:display_style>2</d2l_2p0:display_style><d2l_2p0:enumeration>6</d2l_2p0:enumeration><d2l_2p0:grading_type>2</d2l_2p0:grading_type></response_extension><response_lid ident="QUES_105485_115873_LID" rcardinality="Multiple"><render_choice shuffle="no"><flow_label class="Block"><response_label ident="QUES_105485_115873_A391727"><flow_mat><material><mattext texttype="text/html">&lt;p&gt;Integer&lt;/p&gt;</mattext></material></flow_mat></response_label></flow_label><flow_label class="Block"><response_label ident="QUES_105485_115873_A391728"><flow_mat><material><mattext texttype="text/html">&lt;p&gt;Character&lt;/p&gt;</mattext></material></flow_mat></response_label></flow_label><flow_label class="Block"><response_label ident="QUES_105485_115873_A391729"><flow_mat><material><mattext texttype="text/html">&lt;p&gt;Boolean&lt;/p&gt;</mattext></material></flow_mat></response_label></flow_label><flow_label class="Block"><response_label ident="QUES_105485_115873_A391730"><flow_mat><material><mattext texttype="text/html">&lt;p&gt;Floating point&lt;/p&gt;</mattext></material></flow_mat></response_label></flow_label><flow_label class="Block"><response_label ident="QUES_105485_115873_A391731"><flow_mat><material><mattext texttype="text/html">&lt;p&gt;Double floating point&lt;/p&gt;</mattext></material></flow_mat></response_label></flow_label><flow_label class="Block"><response_label ident="QUES_105485_115873_A391732"><flow_mat><material><mattext texttype="text/html">&lt;p&gt;Void&lt;/p&gt;</mattext></material></flow_mat></response_label></flow_label><flow_label class="Block"><response_label ident="QUES_105485_115873_A391733"><flow_mat><material><mattext texttype="text/html">&lt;p&gt;Pointer&lt;/p&gt;</mattext></material></flow_mat></response_label></flow_label><flow_label class="Block"><response_label ident="QUES_105485_115873_A391734"><flow_mat><material><mattext texttype="text/html">&lt;p&gt;Reference&lt;/p&gt;</mattext></material></flow_mat></response_label></flow_label><flow_label class="Block"><response_label ident="QUES_105485_115873_A391735"><flow_mat><material><mattext texttype="text/html">&lt;p&gt;Class&lt;/p&gt;</mattext></material></flow_mat></response_label></flow_label><flow_label class="Block"><response_label ident="QUES_105485_115873_A391736"><flow_mat><material><mattext texttype="text/html">&lt;p&gt;Object&lt;/p&gt;</mattext></material></flow_mat></response_label></flow_label><flow_label class="Block"><response_label ident="QUES_105485_115873_A391737"><flow_mat><material><mattext texttype="text/html">&lt;p&gt;Structure&lt;/p&gt;</mattext></material></flow_mat></response_label></flow_label><flow_label class="Block"><response_label ident="QUES_105485_115873_A391738"><flow_mat><material><mattext texttype="text/html">&lt;p&gt;Union&lt;/p&gt;</mattext></material></flow_mat></response_label></flow_label><flow_label class="Block"><response_label ident="QUES_105485_115873_A391739"><flow_mat><material><mattext texttype="text/html">&lt;p&gt;Enum&lt;/p&gt;</mattext></material></flow_mat></response_label></flow_label><flow_label class="Block"><response_label ident="QUES_105485_115873_A391740"><flow_mat><material><mattext texttype="text/html">&lt;p&gt;Typedef&lt;/p&gt;</mattext></material></flow_mat></response_label></flow_label><flow_label class="Block"><response_label ident="QUES_105485_115873_A391741"><flow_mat><material><mattext texttype="text/html">&lt;p&gt;wchar_t&lt;/p&gt;</mattext></material></flow_mat></response_label></flow_label><flow_label class="Block"><response_label ident="QUES_105485_115873_A391742"><flow_mat><material><mattext texttype="text/html">&lt;p&gt;Array&lt;/p&gt;</mattext></material></flow_mat></response_label></flow_label><flow_label class="Block"><response_label ident="QUES_105485_115873_A391743"><flow_mat><material><mattext texttype="text/html">&lt;p&gt;Function&lt;/p&gt;</mattext></material></flow_mat></response_label></flow_label></render_choice></response_lid></flow></presentation><resprocessing><outcomes><decvar vartype="Integer" defaultval="0" varname="que_score" minvalue="0" maxvalue="100" /><decvar vartype="Integer" defaultval="0" varname="D2L_Correct" minvalue="0" /><decvar vartype="Integer" defaultval="0" varname="D2L_Incorrect" minvalue="0" /></outcomes><respcondition title="Response Condition" continue="yes"><conditionvar><varequal respident="QUES_105485_115873_LID">QUES_105485_115873_A391727</varequal></conditionvar><setvar varname="D2L_Correct" action="Add">1</setvar></respcondition><respcondition title="Response Condition" continue="yes"><conditionvar><varequal respident="QUES_105485_115873_LID">QUES_105485_115873_A391728</varequal></conditionvar><setvar varname="D2L_Correct" action="Add">1</setvar></respcondition><respcondition title="Response Condition" continue="yes"><conditionvar><varequal respident="QUES_105485_115873_LID">QUES_105485_115873_A391729</varequal></conditionvar><setvar varname="D2L_Correct" action="Add">1</setvar></respcondition><respcondition title="Response Condition" continue="yes"><conditionvar><varequal respident="QUES_105485_115873_LID">QUES_105485_115873_A391730</varequal></conditionvar><setvar varname="D2L_Incorrect" action="Add">1</setvar></respcondition><respcondition title="Response Condition" continue="yes"><conditionvar><varequal respident="QUES_105485_115873_LID">QUES_105485_115873_A391731</varequal></conditionvar><setvar varname="D2L_Incorrect" action="Add">1</setvar></respcondition><respcondition title="Response Condition" continue="yes"><conditionvar><varequal respident="QUES_105485_115873_LID">QUES_105485_115873_A391732</varequal></conditionvar><setvar varname="D2L_Correct" action="Add">1</setvar></respcondition><respcondition title="Response Condition" continue="yes"><conditionvar><varequal respident="QUES_105485_115873_LID">QUES_105485_115873_A391733</varequal></conditionvar><setvar varname="D2L_Incorrect" action="Add">1</setvar></respcondition><respcondition title="Response Condition" continue="yes"><conditionvar><varequal respident="QUES_105485_115873_LID">QUES_105485_115873_A391734</varequal></conditionvar><setvar varname="D2L_Incorrect" action="Add">1</setvar></respcondition><respcondition title="Response Condition" continue="yes"><conditionvar><varequal respident="QUES_105485_115873_LID">QUES_105485_115873_A391735</varequal></conditionvar><setvar varname="D2L_Incorrect" action="Add">1</setvar></respcondition><respcondition title="Response Condition" continue="yes"><conditionvar><varequal respident="QUES_105485_115873_LID">QUES_105485_115873_A391736</varequal></conditionvar><setvar varname="D2L_Incorrect" action="Add">1</setvar></respcondition><respcondition title="Response Condition" continue="yes"><conditionvar><varequal respident="QUES_105485_115873_LID">QUES_105485_115873_A391737</varequal></conditionvar><setvar varname="D2L_Incorrect" action="Add">1</setvar></respcondition><respcondition title="Response Condition" continue="yes"><conditionvar><varequal respident="QUES_105485_115873_LID">QUES_105485_115873_A391738</varequal></conditionvar><setvar varname="D2L_Incorrect" action="Add">1</setvar></respcondition><respcondition title="Response Condition" continue="yes"><conditionvar><varequal respident="QUES_105485_115873_LID">QUES_105485_115873_A391739</varequal></conditionvar><setvar varname="D2L_Incorrect" action="Add">1</setvar></respcondition><respcondition title="Response Condition" continue="yes"><conditionvar><varequal respident="QUES_105485_115873_LID">QUES_105485_115873_A391740</varequal></conditionvar><setvar varname="D2L_Incorrect" action="Add">1</setvar></respcondition><respcondition title="Response Condition" continue="yes"><conditionvar><varequal respident="QUES_105485_115873_LID">QUES_105485_115873_A391741</varequal></conditionvar><setvar varname="D2L_Incorrect" action="Add">1</setvar></respcondition><respcondition title="Response Condition" continue="yes"><conditionvar><varequal respident="QUES_105485_115873_LID">QUES_105485_115873_A391742</varequal></conditionvar><setvar varname="D2L_Incorrect" action="Add">1</setvar></respcondition><respcondition title="Response Condition" continue="yes"><conditionvar><varequal respident="QUES_105485_115873_LID">QUES_105485_115873_A391743</varequal></conditionvar><setvar varname="D2L_Correct" action="Add">1</setvar></respcondition><respcondition><setvar varname="que_score" action="Set">D2L_Correct</setvar></respcondition></resprocessing><itemfeedback ident="QUES_105485_115873_IF391727"><material><mattext texttype="text/html" /></material></itemfeedback><itemfeedback ident="QUES_105485_115873_IF391728"><material><mattext texttype="text/html" /></material></itemfeedback><itemfeedback ident="QUES_105485_115873_IF391729"><material><mattext texttype="text/html" /></material></itemfeedback><itemfeedback ident="QUES_105485_115873_IF391730"><material><mattext texttype="text/html" /></material></itemfeedback><itemfeedback ident="QUES_105485_115873_IF391731"><material><mattext texttype="text/html" /></material></itemfeedback><itemfeedback ident="QUES_105485_115873_IF391732"><material><mattext texttype="text/html" /></material></itemfeedback><itemfeedback ident="QUES_105485_115873_IF391733"><material><mattext texttype="text/html" /></material></itemfeedback><itemfeedback ident="QUES_105485_115873_IF391734"><material><mattext texttype="text/html" /></material></itemfeedback><itemfeedback ident="QUES_105485_115873_IF391735"><material><mattext texttype="text/html" /></material></itemfeedback><itemfeedback ident="QUES_105485_115873_IF391736"><material><mattext texttype="text/html" /></material></itemfeedback><itemfeedback ident="QUES_105485_115873_IF391737"><material><mattext texttype="text/html" /></material></itemfeedback><itemfeedback ident="QUES_105485_115873_IF391738"><material><mattext texttype="text/html" /></material></itemfeedback><itemfeedback ident="QUES_105485_115873_IF391739"><material><mattext texttype="text/html" /></material></itemfeedback><itemfeedback ident="QUES_105485_115873_IF391740"><material><mattext texttype="text/html" /></material></itemfeedback><itemfeedback ident="QUES_105485_115873_IF391741"><material><mattext texttype="text/html" /></material></itemfeedback><itemfeedback ident="QUES_105485_115873_IF391742"><material><mattext texttype="text/html" /></material></itemfeedback><itemfeedback ident="QUES_105485_115873_IF391743"><material><mattext texttype="text/html" /></material></itemfeedback></item></section></assessment></questestinterop>