﻿<?xml version="1.0" encoding="UTF-8"?><questestinterop xmlns:d2l_2p0="http://desire2learn.com/xsd/d2lcp_v2p0"><assessment d2l_2p0:id="109" title="Week 1 - Summative Quiz" ident="res_quiz_25428" d2l_2p0:resource_code="huddersfield-328067"><rubric><flow_mat><material><mattext d2l_2p0:isdisplayed="no" texttype="text/html" /></material></flow_mat></rubric><assessmentcontrol hintswitch="no" solutionswitch="no" feedbackswitch="no" /><presentation_material><flow_mat><material label="page header"><mattext d2l_2p0:isdisplayed="no" texttype="text/html" /></material><material label="page footer"><mattext d2l_2p0:isdisplayed="no" texttype="text/html" /></material></flow_mat></presentation_material><assess_procextension><d2l_2p0:intro_message d2l_2p0:isdisplayed="no" texttype="text/html" /><category ident="1366" d2l_2p0:sortorder="1">Single Quick Quiz</category><d2l_2p0:notification_email>john.alamina@hud.ac.uk</d2l_2p0:notification_email><d2l_2p0:disable_right_click>no</d2l_2p0:disable_right_click><d2l_2p0:disable_pager_access>no</d2l_2p0:disable_pager_access><is_active>yes</is_active><d2l_2p0:date_start /><d2l_2p0:date_end /><d2l_2p0:date_due /><d2l_2p0:has_schedule_event>no</d2l_2p0:has_schedule_event><d2l_2p0:is_attempt_Rldb>no</d2l_2p0:is_attempt_Rldb><d2l_2p0:is_subview_Rldb>no</d2l_2p0:is_subview_Rldb><d2l_2p0:time_limit>120</d2l_2p0:time_limit><d2l_2p0:show_clock>no</d2l_2p0:show_clock><d2l_2p0:enforce_time_limit>no</d2l_2p0:enforce_time_limit><d2l_2p0:grace_period>5</d2l_2p0:grace_period><d2l_2p0:late_limit>0</d2l_2p0:late_limit><d2l_2p0:attempts_allowed>2</d2l_2p0:attempts_allowed><d2l_2p0:attempt_restrictions /><d2l_2p0:mark_calculation_type>1</d2l_2p0:mark_calculation_type><d2l_2p0:is_forward_only>no</d2l_2p0:is_forward_only></assess_procextension><assessfeedback><rubric><flow_mat><material><mattext texttype="no">Your quiz has been submitted successfully.</mattext></material></flow_mat></rubric><d2l_2p0:duration>0</d2l_2p0:duration><d2l_2p0:response_display_type_id>1</d2l_2p0:response_display_type_id><d2l_2p0:show_correct_answers>no</d2l_2p0:show_correct_answers><d2l_2p0:submission_restrictip>no</d2l_2p0:submission_restrictip><d2l_2p0:show_class_average>no</d2l_2p0:show_class_average><d2l_2p0:show_score_distribution>no</d2l_2p0:show_score_distribution></assessfeedback><section ident="CONTAINER_SECTION"><itemref linkrefid="QUES_106077_114251" d2l_2p0:page="1"><d2l_2p0:file href="questiondb.xml" /><d2l_2p0:points>2.000000000</d2l_2p0:points><d2l_2p0:difficulty>1</d2l_2p0:difficulty><d2l_2p0:isbonus>no</d2l_2p0:isbonus><d2l_2p0:ismandatory>no</d2l_2p0:ismandatory></itemref><itemref linkrefid="QUES_106079_114253" d2l_2p0:page="1"><d2l_2p0:file href="questiondb.xml" /><d2l_2p0:points>6.000000000</d2l_2p0:points><d2l_2p0:difficulty>1</d2l_2p0:difficulty><d2l_2p0:isbonus>no</d2l_2p0:isbonus><d2l_2p0:ismandatory>no</d2l_2p0:ismandatory></itemref><itemref linkrefid="QUES_106073_114597" d2l_2p0:page="1"><d2l_2p0:file href="questiondb.xml" /><d2l_2p0:points>8.000000000</d2l_2p0:points><d2l_2p0:difficulty>1</d2l_2p0:difficulty><d2l_2p0:isbonus>no</d2l_2p0:isbonus><d2l_2p0:ismandatory>no</d2l_2p0:ismandatory></itemref><itemref linkrefid="QUES_106090_114692" d2l_2p0:page="1"><d2l_2p0:file href="questiondb.xml" /><d2l_2p0:points>8.000000000</d2l_2p0:points><d2l_2p0:difficulty>1</d2l_2p0:difficulty><d2l_2p0:isbonus>no</d2l_2p0:isbonus><d2l_2p0:ismandatory>no</d2l_2p0:ismandatory></itemref><item ident="OBJ_187739" label="QUES_107328_116170" d2l_2p0:page="1" title="Match the following symbols with their definitions"><itemmetadata><qtimetadata><qti_metadatafield><fieldlabel>qmd_computerscored</fieldlabel><fieldentry>yes</fieldentry></qti_metadatafield><qti_metadatafield><fieldlabel>qmd_questiontype</fieldlabel><fieldentry>Matching</fieldentry></qti_metadatafield><qti_metadatafield><fieldlabel>qmd_weighting</fieldlabel><fieldentry>6.000000000</fieldentry></qti_metadatafield><qti_metadatafield><fieldlabel>qmd_globalid</fieldlabel><fieldentry>ce30be75-581d-4a8e-bdd1-da5b82963a32</fieldentry></qti_metadatafield><qti_metadatafield><fieldlabel>qmd_displayid</fieldlabel><fieldentry>XPX1041-1920-25</fieldentry></qti_metadatafield></qtimetadata></itemmetadata><itemproc_extension><d2l_2p0:difficulty>1</d2l_2p0:difficulty><d2l_2p0:isbonus>no</d2l_2p0:isbonus><d2l_2p0:ismandatory>no</d2l_2p0:ismandatory></itemproc_extension><presentation><flow><material><mattext texttype="text/html">&lt;p&gt;Match the following symbols with their names&lt;/p&gt;</mattext></material><response_extension><d2l_2p0:grading_type>0</d2l_2p0:grading_type></response_extension><response_grp respident="QUES_107328_116170_C392468" rcardinality="Single"><material><mattext texttype="text/html">&lt;p&gt;&lt;img src="image/imag05.png" alt="" title="" style="max-width: 100%;" /&gt;&lt;/p&gt;</mattext></material><render_choice shuffle="yes"><flow_label class="Block"><response_label ident="QUES_107328_116170_M392462"><flow_mat><material><mattext texttype="text/html">&lt;p&gt;Aggregation&lt;/p&gt;</mattext></material></flow_mat></response_label><response_label ident="QUES_107328_116170_M392463"><flow_mat><material><mattext texttype="text/html">&lt;p&gt;Association&lt;/p&gt;</mattext></material></flow_mat></response_label><response_label ident="QUES_107328_116170_M392464"><flow_mat><material><mattext texttype="text/html">&lt;p&gt;Composition&amp;nbsp;&lt;/p&gt;</mattext></material></flow_mat></response_label><response_label ident="QUES_107328_116170_M392465"><flow_mat><material><mattext texttype="text/html">&lt;p&gt;Dependency&lt;/p&gt;</mattext></material></flow_mat></response_label><response_label ident="QUES_107328_116170_M392466"><flow_mat><material><mattext texttype="text/html">&lt;p&gt;Inheritance&lt;/p&gt;</mattext></material></flow_mat></response_label><response_label ident="QUES_107328_116170_M392467"><flow_mat><material><mattext texttype="text/html">&lt;p&gt;Realisation&lt;/p&gt;</mattext></material></flow_mat></response_label></flow_label></render_choice></response_grp><response_grp respident="QUES_107328_116170_C392469" rcardinality="Single"><material><mattext texttype="text/html">&lt;p&gt;&lt;img src="image/img03.png" alt="" title="" style="max-width: 100%;" /&gt;&lt;/p&gt;</mattext></material><render_choice shuffle="yes"><flow_label class="Block"><response_label ident="QUES_107328_116170_M392462"><flow_mat><material><mattext texttype="text/html">&lt;p&gt;Aggregation&lt;/p&gt;</mattext></material></flow_mat></response_label><response_label ident="QUES_107328_116170_M392463"><flow_mat><material><mattext texttype="text/html">&lt;p&gt;Association&lt;/p&gt;</mattext></material></flow_mat></response_label><response_label ident="QUES_107328_116170_M392464"><flow_mat><material><mattext texttype="text/html">&lt;p&gt;Composition&amp;nbsp;&lt;/p&gt;</mattext></material></flow_mat></response_label><response_label ident="QUES_107328_116170_M392465"><flow_mat><material><mattext texttype="text/html">&lt;p&gt;Dependency&lt;/p&gt;</mattext></material></flow_mat></response_label><response_label ident="QUES_107328_116170_M392466"><flow_mat><material><mattext texttype="text/html">&lt;p&gt;Inheritance&lt;/p&gt;</mattext></material></flow_mat></response_label><response_label ident="QUES_107328_116170_M392467"><flow_mat><material><mattext texttype="text/html">&lt;p&gt;Realisation&lt;/p&gt;</mattext></material></flow_mat></response_label></flow_label></render_choice></response_grp><response_grp respident="QUES_107328_116170_C392470" rcardinality="Single"><material><mattext texttype="text/html">&lt;p&gt;&lt;img src="image/img02.PNG" alt="" title="" style="max-width: 100%;" /&gt;&lt;/p&gt;</mattext></material><render_choice shuffle="yes"><flow_label class="Block"><response_label ident="QUES_107328_116170_M392462"><flow_mat><material><mattext texttype="text/html">&lt;p&gt;Aggregation&lt;/p&gt;</mattext></material></flow_mat></response_label><response_label ident="QUES_107328_116170_M392463"><flow_mat><material><mattext texttype="text/html">&lt;p&gt;Association&lt;/p&gt;</mattext></material></flow_mat></response_label><response_label ident="QUES_107328_116170_M392464"><flow_mat><material><mattext texttype="text/html">&lt;p&gt;Composition&amp;nbsp;&lt;/p&gt;</mattext></material></flow_mat></response_label><response_label ident="QUES_107328_116170_M392465"><flow_mat><material><mattext texttype="text/html">&lt;p&gt;Dependency&lt;/p&gt;</mattext></material></flow_mat></response_label><response_label ident="QUES_107328_116170_M392466"><flow_mat><material><mattext texttype="text/html">&lt;p&gt;Inheritance&lt;/p&gt;</mattext></material></flow_mat></response_label><response_label ident="QUES_107328_116170_M392467"><flow_mat><material><mattext texttype="text/html">&lt;p&gt;Realisation&lt;/p&gt;</mattext></material></flow_mat></response_label></flow_label></render_choice></response_grp><response_grp respident="QUES_107328_116170_C392471" rcardinality="Single"><material><mattext texttype="text/html">&lt;p&gt;&lt;img src="image/img01.png" alt="" title="" style="max-width: 100%;" /&gt;&lt;/p&gt;</mattext></material><render_choice shuffle="yes"><flow_label class="Block"><response_label ident="QUES_107328_116170_M392462"><flow_mat><material><mattext texttype="text/html">&lt;p&gt;Aggregation&lt;/p&gt;</mattext></material></flow_mat></response_label><response_label ident="QUES_107328_116170_M392463"><flow_mat><material><mattext texttype="text/html">&lt;p&gt;Association&lt;/p&gt;</mattext></material></flow_mat></response_label><response_label ident="QUES_107328_116170_M392464"><flow_mat><material><mattext texttype="text/html">&lt;p&gt;Composition&amp;nbsp;&lt;/p&gt;</mattext></material></flow_mat></response_label><response_label ident="QUES_107328_116170_M392465"><flow_mat><material><mattext texttype="text/html">&lt;p&gt;Dependency&lt;/p&gt;</mattext></material></flow_mat></response_label><response_label ident="QUES_107328_116170_M392466"><flow_mat><material><mattext texttype="text/html">&lt;p&gt;Inheritance&lt;/p&gt;</mattext></material></flow_mat></response_label><response_label ident="QUES_107328_116170_M392467"><flow_mat><material><mattext texttype="text/html">&lt;p&gt;Realisation&lt;/p&gt;</mattext></material></flow_mat></response_label></flow_label></render_choice></response_grp><response_grp respident="QUES_107328_116170_C392472" rcardinality="Single"><material><mattext texttype="text/html">&lt;p&gt;&lt;img src="image/img06.png" alt="" title="" style="max-width: 100%;" /&gt;&lt;/p&gt;</mattext></material><render_choice shuffle="yes"><flow_label class="Block"><response_label ident="QUES_107328_116170_M392462"><flow_mat><material><mattext texttype="text/html">&lt;p&gt;Aggregation&lt;/p&gt;</mattext></material></flow_mat></response_label><response_label ident="QUES_107328_116170_M392463"><flow_mat><material><mattext texttype="text/html">&lt;p&gt;Association&lt;/p&gt;</mattext></material></flow_mat></response_label><response_label ident="QUES_107328_116170_M392464"><flow_mat><material><mattext texttype="text/html">&lt;p&gt;Composition&amp;nbsp;&lt;/p&gt;</mattext></material></flow_mat></response_label><response_label ident="QUES_107328_116170_M392465"><flow_mat><material><mattext texttype="text/html">&lt;p&gt;Dependency&lt;/p&gt;</mattext></material></flow_mat></response_label><response_label ident="QUES_107328_116170_M392466"><flow_mat><material><mattext texttype="text/html">&lt;p&gt;Inheritance&lt;/p&gt;</mattext></material></flow_mat></response_label><response_label ident="QUES_107328_116170_M392467"><flow_mat><material><mattext texttype="text/html">&lt;p&gt;Realisation&lt;/p&gt;</mattext></material></flow_mat></response_label></flow_label></render_choice></response_grp><response_grp respident="QUES_107328_116170_C392473" rcardinality="Single"><material><mattext texttype="text/html">&lt;p&gt;&lt;img src="image/img04.png" alt="" title="" style="max-width: 100%;" /&gt;&lt;/p&gt;</mattext></material><render_choice shuffle="yes"><flow_label class="Block"><response_label ident="QUES_107328_116170_M392462"><flow_mat><material><mattext texttype="text/html">&lt;p&gt;Aggregation&lt;/p&gt;</mattext></material></flow_mat></response_label><response_label ident="QUES_107328_116170_M392463"><flow_mat><material><mattext texttype="text/html">&lt;p&gt;Association&lt;/p&gt;</mattext></material></flow_mat></response_label><response_label ident="QUES_107328_116170_M392464"><flow_mat><material><mattext texttype="text/html">&lt;p&gt;Composition&amp;nbsp;&lt;/p&gt;</mattext></material></flow_mat></response_label><response_label ident="QUES_107328_116170_M392465"><flow_mat><material><mattext texttype="text/html">&lt;p&gt;Dependency&lt;/p&gt;</mattext></material></flow_mat></response_label><response_label ident="QUES_107328_116170_M392466"><flow_mat><material><mattext texttype="text/html">&lt;p&gt;Inheritance&lt;/p&gt;</mattext></material></flow_mat></response_label><response_label ident="QUES_107328_116170_M392467"><flow_mat><material><mattext texttype="text/html">&lt;p&gt;Realisation&lt;/p&gt;</mattext></material></flow_mat></response_label></flow_label></render_choice></response_grp></flow></presentation><resprocessing><outcomes><decvar vartype="Integer" defaultval="0" varname="D2L_Correct" minvalue="0" maxvalue="100" /><decvar vartype="Integer" defaultval="0" varname="D2L_Incorrect" minvalue="0" maxvalue="100" /><decvar vartype="Decimal" defaultval="0" varname="que_score" minvalue="0" maxvalue="100" /></outcomes><respcondition><conditionvar><varequal respident="QUES_107328_116170_C392468">QUES_107328_116170_M392462</varequal></conditionvar><setvar varname="D2L_Correct" action="Add">1</setvar></respcondition><respcondition><conditionvar><varequal respident="QUES_107328_116170_C392468">QUES_107328_116170_M392463</varequal></conditionvar><setvar varname="D2L_Incorrect" action="Add">1</setvar></respcondition><respcondition><conditionvar><varequal respident="QUES_107328_116170_C392468">QUES_107328_116170_M392464</varequal></conditionvar><setvar varname="D2L_Incorrect" action="Add">1</setvar></respcondition><respcondition><conditionvar><varequal respident="QUES_107328_116170_C392468">QUES_107328_116170_M392465</varequal></conditionvar><setvar varname="D2L_Incorrect" action="Add">1</setvar></respcondition><respcondition><conditionvar><varequal respident="QUES_107328_116170_C392468">QUES_107328_116170_M392466</varequal></conditionvar><setvar varname="D2L_Incorrect" action="Add">1</setvar></respcondition><respcondition><conditionvar><varequal respident="QUES_107328_116170_C392468">QUES_107328_116170_M392467</varequal></conditionvar><setvar varname="D2L_Incorrect" action="Add">1</setvar></respcondition><respcondition><conditionvar><varequal respident="QUES_107328_116170_C392469">QUES_107328_116170_M392462</varequal></conditionvar><setvar varname="D2L_Incorrect" action="Add">1</setvar></respcondition><respcondition><conditionvar><varequal respident="QUES_107328_116170_C392469">QUES_107328_116170_M392463</varequal></conditionvar><setvar varname="D2L_Correct" action="Add">1</setvar></respcondition><respcondition><conditionvar><varequal respident="QUES_107328_116170_C392469">QUES_107328_116170_M392464</varequal></conditionvar><setvar varname="D2L_Incorrect" action="Add">1</setvar></respcondition><respcondition><conditionvar><varequal respident="QUES_107328_116170_C392469">QUES_107328_116170_M392465</varequal></conditionvar><setvar varname="D2L_Incorrect" action="Add">1</setvar></respcondition><respcondition><conditionvar><varequal respident="QUES_107328_116170_C392469">QUES_107328_116170_M392466</varequal></conditionvar><setvar varname="D2L_Incorrect" action="Add">1</setvar></respcondition><respcondition><conditionvar><varequal respident="QUES_107328_116170_C392469">QUES_107328_116170_M392467</varequal></conditionvar><setvar varname="D2L_Incorrect" action="Add">1</setvar></respcondition><respcondition><conditionvar><varequal respident="QUES_107328_116170_C392470">QUES_107328_116170_M392462</varequal></conditionvar><setvar varname="D2L_Incorrect" action="Add">1</setvar></respcondition><respcondition><conditionvar><varequal respident="QUES_107328_116170_C392470">QUES_107328_116170_M392463</varequal></conditionvar><setvar varname="D2L_Incorrect" action="Add">1</setvar></respcondition><respcondition><conditionvar><varequal respident="QUES_107328_116170_C392470">QUES_107328_116170_M392464</varequal></conditionvar><setvar varname="D2L_Correct" action="Add">1</setvar></respcondition><respcondition><conditionvar><varequal respident="QUES_107328_116170_C392470">QUES_107328_116170_M392465</varequal></conditionvar><setvar varname="D2L_Incorrect" action="Add">1</setvar></respcondition><respcondition><conditionvar><varequal respident="QUES_107328_116170_C392470">QUES_107328_116170_M392466</varequal></conditionvar><setvar varname="D2L_Incorrect" action="Add">1</setvar></respcondition><respcondition><conditionvar><varequal respident="QUES_107328_116170_C392470">QUES_107328_116170_M392467</varequal></conditionvar><setvar varname="D2L_Incorrect" action="Add">1</setvar></respcondition><respcondition><conditionvar><varequal respident="QUES_107328_116170_C392471">QUES_107328_116170_M392462</varequal></conditionvar><setvar varname="D2L_Incorrect" action="Add">1</setvar></respcondition><respcondition><conditionvar><varequal respident="QUES_107328_116170_C392471">QUES_107328_116170_M392463</varequal></conditionvar><setvar varname="D2L_Incorrect" action="Add">1</setvar></respcondition><respcondition><conditionvar><varequal respident="QUES_107328_116170_C392471">QUES_107328_116170_M392464</varequal></conditionvar><setvar varname="D2L_Incorrect" action="Add">1</setvar></respcondition><respcondition><conditionvar><varequal respident="QUES_107328_116170_C392471">QUES_107328_116170_M392465</varequal></conditionvar><setvar varname="D2L_Correct" action="Add">1</setvar></respcondition><respcondition><conditionvar><varequal respident="QUES_107328_116170_C392471">QUES_107328_116170_M392466</varequal></conditionvar><setvar varname="D2L_Incorrect" action="Add">1</setvar></respcondition><respcondition><conditionvar><varequal respident="QUES_107328_116170_C392471">QUES_107328_116170_M392467</varequal></conditionvar><setvar varname="D2L_Incorrect" action="Add">1</setvar></respcondition><respcondition><conditionvar><varequal respident="QUES_107328_116170_C392472">QUES_107328_116170_M392462</varequal></conditionvar><setvar varname="D2L_Incorrect" action="Add">1</setvar></respcondition><respcondition><conditionvar><varequal respident="QUES_107328_116170_C392472">QUES_107328_116170_M392463</varequal></conditionvar><setvar varname="D2L_Incorrect" action="Add">1</setvar></respcondition><respcondition><conditionvar><varequal respident="QUES_107328_116170_C392472">QUES_107328_116170_M392464</varequal></conditionvar><setvar varname="D2L_Incorrect" action="Add">1</setvar></respcondition><respcondition><conditionvar><varequal respident="QUES_107328_116170_C392472">QUES_107328_116170_M392465</varequal></conditionvar><setvar varname="D2L_Incorrect" action="Add">1</setvar></respcondition><respcondition><conditionvar><varequal respident="QUES_107328_116170_C392472">QUES_107328_116170_M392466</varequal></conditionvar><setvar varname="D2L_Correct" action="Add">1</setvar></respcondition><respcondition><conditionvar><varequal respident="QUES_107328_116170_C392472">QUES_107328_116170_M392467</varequal></conditionvar><setvar varname="D2L_Incorrect" action="Add">1</setvar></respcondition><respcondition><conditionvar><varequal respident="QUES_107328_116170_C392473">QUES_107328_116170_M392462</varequal></conditionvar><setvar varname="D2L_Incorrect" action="Add">1</setvar></respcondition><respcondition><conditionvar><varequal respident="QUES_107328_116170_C392473">QUES_107328_116170_M392463</varequal></conditionvar><setvar varname="D2L_Incorrect" action="Add">1</setvar></respcondition><respcondition><conditionvar><varequal respident="QUES_107328_116170_C392473">QUES_107328_116170_M392464</varequal></conditionvar><setvar varname="D2L_Incorrect" action="Add">1</setvar></respcondition><respcondition><conditionvar><varequal respident="QUES_107328_116170_C392473">QUES_107328_116170_M392465</varequal></conditionvar><setvar varname="D2L_Incorrect" action="Add">1</setvar></respcondition><respcondition><conditionvar><varequal respident="QUES_107328_116170_C392473">QUES_107328_116170_M392466</varequal></conditionvar><setvar varname="D2L_Incorrect" action="Add">1</setvar></respcondition><respcondition><conditionvar><varequal respident="QUES_107328_116170_C392473">QUES_107328_116170_M392467</varequal></conditionvar><setvar varname="D2L_Correct" action="Add">1</setvar></respcondition><respcondition><conditionvar><other /></conditionvar><setvar varname="que_score" action="Set">D2L_Correct</setvar></respcondition></resprocessing></item><itemref linkrefid="QUES_107329_115871" d2l_2p0:page="1"><d2l_2p0:file href="questiondb.xml" /><d2l_2p0:points>2.000000000</d2l_2p0:points><d2l_2p0:difficulty>1</d2l_2p0:difficulty><d2l_2p0:isbonus>no</d2l_2p0:isbonus><d2l_2p0:ismandatory>no</d2l_2p0:ismandatory></itemref></section></assessment></questestinterop>