﻿<?xml version="1.0" encoding="UTF-8"?><questestinterop xmlns:d2l_2p0="http://desire2learn.com/xsd/d2lcp_v2p0"><assessment d2l_2p0:id="121" title="Week 2 - Summative Quiz" ident="res_quiz_26748" d2l_2p0:resource_code="huddersfield-334775"><rubric><flow_mat><material><mattext d2l_2p0:isdisplayed="no" texttype="text/html" /></material></flow_mat></rubric><assessmentcontrol hintswitch="no" solutionswitch="no" feedbackswitch="no" /><presentation_material><flow_mat><material label="page header"><mattext d2l_2p0:isdisplayed="no" texttype="text/html" /></material><material label="page footer"><mattext d2l_2p0:isdisplayed="no" texttype="text/html" /></material></flow_mat></presentation_material><assess_procextension><d2l_2p0:intro_message d2l_2p0:isdisplayed="no" texttype="text/html" /><category ident="1379" d2l_2p0:sortorder="1">Software design summative</category><d2l_2p0:notification_email>john.alamina@hud.ac.uk</d2l_2p0:notification_email><d2l_2p0:disable_right_click>no</d2l_2p0:disable_right_click><d2l_2p0:disable_pager_access>no</d2l_2p0:disable_pager_access><is_active>yes</is_active><d2l_2p0:date_start /><d2l_2p0:date_end /><d2l_2p0:date_due /><d2l_2p0:has_schedule_event>no</d2l_2p0:has_schedule_event><d2l_2p0:is_attempt_Rldb>no</d2l_2p0:is_attempt_Rldb><d2l_2p0:is_subview_Rldb>no</d2l_2p0:is_subview_Rldb><d2l_2p0:time_limit>120</d2l_2p0:time_limit><d2l_2p0:show_clock>no</d2l_2p0:show_clock><d2l_2p0:enforce_time_limit>no</d2l_2p0:enforce_time_limit><d2l_2p0:grace_period>5</d2l_2p0:grace_period><d2l_2p0:late_limit>0</d2l_2p0:late_limit><d2l_2p0:attempts_allowed>2</d2l_2p0:attempts_allowed><d2l_2p0:attempt_restrictions /><d2l_2p0:mark_calculation_type>1</d2l_2p0:mark_calculation_type><d2l_2p0:is_forward_only>no</d2l_2p0:is_forward_only></assess_procextension><assessfeedback><rubric><flow_mat><material><mattext texttype="no">Your quiz has been submitted successfully.</mattext></material></flow_mat></rubric><d2l_2p0:duration>0</d2l_2p0:duration><d2l_2p0:response_display_type_id>1</d2l_2p0:response_display_type_id><d2l_2p0:show_correct_answers>no</d2l_2p0:show_correct_answers><d2l_2p0:submission_restrictip>no</d2l_2p0:submission_restrictip><d2l_2p0:show_class_average>no</d2l_2p0:show_class_average><d2l_2p0:show_score_distribution>no</d2l_2p0:show_score_distribution></assessfeedback><section ident="CONTAINER_SECTION"><item ident="OBJ_188337" label="QUES_107606_116186" d2l_2p0:page="1"><itemmetadata><qtimetadata><qti_metadatafield><fieldlabel>qmd_computerscored</fieldlabel><fieldentry>yes</fieldentry></qti_metadatafield><qti_metadatafield><fieldlabel>qmd_questiontype</fieldlabel><fieldentry>Multiple Choice</fieldentry></qti_metadatafield><qti_metadatafield><fieldlabel>qmd_weighting</fieldlabel><fieldentry>1.000000000</fieldentry></qti_metadatafield><qti_metadatafield><fieldlabel>qmd_globalid</fieldlabel><fieldentry>9053ce26-0050-4b06-99a7-84d04cee5de6</fieldentry></qti_metadatafield><qti_metadatafield><fieldlabel>qmd_displayid</fieldlabel><fieldentry>XPX1041-1920-56</fieldentry></qti_metadatafield></qtimetadata></itemmetadata><itemproc_extension><d2l_2p0:difficulty>1</d2l_2p0:difficulty><d2l_2p0:isbonus>no</d2l_2p0:isbonus><d2l_2p0:ismandatory>no</d2l_2p0:ismandatory></itemproc_extension><presentation><flow><material><mattext texttype="text/html">&lt;p&gt;The process of deriving classes from requirements analysis is called&lt;/p&gt;</mattext></material><response_extension><d2l_2p0:display_style>2</d2l_2p0:display_style><d2l_2p0:enumeration>6</d2l_2p0:enumeration><d2l_2p0:grading_type>0</d2l_2p0:grading_type></response_extension><response_lid ident="QUES_107606_116186_LID" rcardinality="Single"><render_choice shuffle="no"><flow_label class="Block"><response_label ident="QUES_107606_116186_A392495"><flow_mat><material><mattext texttype="text/html">&lt;p&gt;Class diagram&lt;/p&gt;</mattext></material></flow_mat></response_label></flow_label><flow_label class="Block"><response_label ident="QUES_107606_116186_A392496"><flow_mat><material><mattext texttype="text/html">&lt;p&gt;UML diagram&lt;/p&gt;</mattext></material></flow_mat></response_label></flow_label><flow_label class="Block"><response_label ident="QUES_107606_116186_A392497"><flow_mat><material><mattext texttype="text/html">&lt;p&gt;Abstraction&lt;/p&gt;</mattext></material></flow_mat></response_label></flow_label><flow_label class="Block"><response_label ident="QUES_107606_116186_A392498"><flow_mat><material><mattext texttype="text/html">&lt;p&gt;Encapsulation&lt;/p&gt;</mattext></material></flow_mat></response_label></flow_label></render_choice></response_lid></flow></presentation><resprocessing><respcondition title="Response Condition 1"><conditionvar><varequal respident="QUES_107606_116186_LID">QUES_107606_116186_A392495</varequal></conditionvar><setvar action="Set">0.000000000</setvar><displayfeedback feedbacktype="Response" linkrefid="QUES_107606_116186_IF392495" /></respcondition><respcondition title="Response Condition 2"><conditionvar><varequal respident="QUES_107606_116186_LID">QUES_107606_116186_A392496</varequal></conditionvar><setvar action="Set">0.000000000</setvar><displayfeedback feedbacktype="Response" linkrefid="QUES_107606_116186_IF392496" /></respcondition><respcondition title="Response Condition 3"><conditionvar><varequal respident="QUES_107606_116186_LID">QUES_107606_116186_A392497</varequal></conditionvar><setvar action="Set">100.000000000</setvar><displayfeedback feedbacktype="Response" linkrefid="QUES_107606_116186_IF392497" /></respcondition><respcondition title="Response Condition 4"><conditionvar><varequal respident="QUES_107606_116186_LID">QUES_107606_116186_A392498</varequal></conditionvar><setvar action="Set">0.000000000</setvar><displayfeedback feedbacktype="Response" linkrefid="QUES_107606_116186_IF392498" /></respcondition></resprocessing><itemfeedback ident="QUES_107606_116186_IF392495"><material><mattext texttype="text/plain" /></material></itemfeedback><itemfeedback ident="QUES_107606_116186_IF392496"><material><mattext texttype="text/plain" /></material></itemfeedback><itemfeedback ident="QUES_107606_116186_IF392497"><material><mattext texttype="text/plain" /></material></itemfeedback><itemfeedback ident="QUES_107606_116186_IF392498"><material><mattext texttype="text/plain" /></material></itemfeedback></item><item ident="OBJ_188344" label="QUES_107613_116193" d2l_2p0:page="1"><itemmetadata><qtimetadata><qti_metadatafield><fieldlabel>qmd_computerscored</fieldlabel><fieldentry>yes</fieldentry></qti_metadatafield><qti_metadatafield><fieldlabel>qmd_questiontype</fieldlabel><fieldentry>Multiple Choice</fieldentry></qti_metadatafield><qti_metadatafield><fieldlabel>qmd_weighting</fieldlabel><fieldentry>1.000000000</fieldentry></qti_metadatafield><qti_metadatafield><fieldlabel>qmd_globalid</fieldlabel><fieldentry>a1131488-7d1b-4b9e-ba19-38ae08134ab3</fieldentry></qti_metadatafield><qti_metadatafield><fieldlabel>qmd_displayid</fieldlabel><fieldentry>XPX1041-1920-57</fieldentry></qti_metadatafield></qtimetadata></itemmetadata><itemproc_extension><d2l_2p0:difficulty>1</d2l_2p0:difficulty><d2l_2p0:isbonus>no</d2l_2p0:isbonus><d2l_2p0:ismandatory>no</d2l_2p0:ismandatory></itemproc_extension><presentation><flow><material><mattext texttype="text/html">&lt;p&gt;Encapsulation involves the process of&lt;/p&gt;</mattext></material><response_extension><d2l_2p0:display_style>2</d2l_2p0:display_style><d2l_2p0:enumeration>6</d2l_2p0:enumeration><d2l_2p0:grading_type>0</d2l_2p0:grading_type></response_extension><response_lid ident="QUES_107613_116193_LID" rcardinality="Single"><render_choice shuffle="yes"><flow_label class="Block"><response_label ident="QUES_107613_116193_A392509"><flow_mat><material><mattext texttype="text/html">&lt;p&gt;Deriving attributes and behavious of an entity&lt;/p&gt;</mattext></material></flow_mat></response_label></flow_label><flow_label class="Block"><response_label ident="QUES_107613_116193_A392510"><flow_mat><material><mattext texttype="text/html">&lt;p&gt;Making members of a class public and private&lt;/p&gt;</mattext></material></flow_mat></response_label></flow_label><flow_label class="Block"><response_label ident="QUES_107613_116193_A392511"><flow_mat><material><mattext texttype="text/html">&lt;p&gt;Creating a new class from an existing class&lt;/p&gt;</mattext></material></flow_mat></response_label></flow_label><flow_label class="Block"><response_label ident="QUES_107613_116193_A392512"><flow_mat><material><mattext texttype="text/html">&lt;p&gt;Creating associations between classes&lt;/p&gt;</mattext></material></flow_mat></response_label></flow_label></render_choice></response_lid></flow></presentation><resprocessing><respcondition title="Response Condition 1"><conditionvar><varequal respident="QUES_107613_116193_LID">QUES_107613_116193_A392509</varequal></conditionvar><setvar action="Set">0.000000000</setvar><displayfeedback feedbacktype="Response" linkrefid="QUES_107613_116193_IF392509" /></respcondition><respcondition title="Response Condition 2"><conditionvar><varequal respident="QUES_107613_116193_LID">QUES_107613_116193_A392510</varequal></conditionvar><setvar action="Set">100.000000000</setvar><displayfeedback feedbacktype="Response" linkrefid="QUES_107613_116193_IF392510" /></respcondition><respcondition title="Response Condition 3"><conditionvar><varequal respident="QUES_107613_116193_LID">QUES_107613_116193_A392511</varequal></conditionvar><setvar action="Set">0.000000000</setvar><displayfeedback feedbacktype="Response" linkrefid="QUES_107613_116193_IF392511" /></respcondition><respcondition title="Response Condition 4"><conditionvar><varequal respident="QUES_107613_116193_LID">QUES_107613_116193_A392512</varequal></conditionvar><setvar action="Set">0.000000000</setvar><displayfeedback feedbacktype="Response" linkrefid="QUES_107613_116193_IF392512" /></respcondition></resprocessing><itemfeedback ident="QUES_107613_116193_IF392509"><material><mattext texttype="text/plain" /></material></itemfeedback><itemfeedback ident="QUES_107613_116193_IF392510"><material><mattext texttype="text/plain" /></material></itemfeedback><itemfeedback ident="QUES_107613_116193_IF392511"><material><mattext texttype="text/plain" /></material></itemfeedback><itemfeedback ident="QUES_107613_116193_IF392512"><material><mattext texttype="text/plain" /></material></itemfeedback></item><item ident="OBJ_188695" label="QUES_107740_116321" d2l_2p0:page="1"><itemmetadata><qtimetadata><qti_metadatafield><fieldlabel>qmd_computerscored</fieldlabel><fieldentry>yes</fieldentry></qti_metadatafield><qti_metadatafield><fieldlabel>qmd_questiontype</fieldlabel><fieldentry>Long Answer</fieldentry></qti_metadatafield><qti_metadatafield><fieldlabel>qmd_weighting</fieldlabel><fieldentry>4.000000000</fieldentry></qti_metadatafield><qti_metadatafield><fieldlabel>qmd_globalid</fieldlabel><fieldentry>0712d642-db62-4266-a54f-510c1c5d90b0</fieldentry></qti_metadatafield><qti_metadatafield><fieldlabel>qmd_displayid</fieldlabel><fieldentry>XPX1041-1920-60</fieldentry></qti_metadatafield></qtimetadata></itemmetadata><itemproc_extension><d2l_2p0:difficulty>1</d2l_2p0:difficulty><d2l_2p0:isbonus>no</d2l_2p0:isbonus><d2l_2p0:ismandatory>no</d2l_2p0:ismandatory></itemproc_extension><presentation><flow><material><mattext texttype="text/html">&lt;p&gt;Compare and contrast overloading and overring.&amp;nbsp;&amp;nbsp;&lt;/p&gt;</mattext></material><response_extension><d2l_2p0:has_signed_comments>no</d2l_2p0:has_signed_comments><d2l_2p0:has_htmleditor>yes</d2l_2p0:has_htmleditor></response_extension><response_str ident="QUES_107740_116321_STR" rcardinality="Multiple"><render_fib rows="15" columns="100" prompt="Box" fibtype="String"><response_label ident="QUES_107740_116321_LA"><material><mattext texttype="text/plain" /></material></response_label></render_fib></response_str></flow></presentation></item><item ident="OBJ_188745" label="QUES_107780_116384" d2l_2p0:page="1"><itemmetadata><qtimetadata><qti_metadatafield><fieldlabel>qmd_computerscored</fieldlabel><fieldentry>yes</fieldentry></qti_metadatafield><qti_metadatafield><fieldlabel>qmd_questiontype</fieldlabel><fieldentry>Long Answer</fieldentry></qti_metadatafield><qti_metadatafield><fieldlabel>qmd_weighting</fieldlabel><fieldentry>4.000000000</fieldentry></qti_metadatafield><qti_metadatafield><fieldlabel>qmd_globalid</fieldlabel><fieldentry>3259ca09-5ac7-4028-bad4-b1c0749ef6d5</fieldentry></qti_metadatafield><qti_metadatafield><fieldlabel>qmd_displayid</fieldlabel><fieldentry>XPX1041-1920-61</fieldentry></qti_metadatafield></qtimetadata></itemmetadata><itemproc_extension><d2l_2p0:difficulty>1</d2l_2p0:difficulty><d2l_2p0:isbonus>no</d2l_2p0:isbonus><d2l_2p0:ismandatory>no</d2l_2p0:ismandatory></itemproc_extension><presentation><flow><material><mattext texttype="text/html">&lt;p&gt;Compare and contrast between a flowchart and an activity diagram&lt;/p&gt;</mattext></material><response_extension><d2l_2p0:has_signed_comments>no</d2l_2p0:has_signed_comments><d2l_2p0:has_htmleditor>yes</d2l_2p0:has_htmleditor></response_extension><response_str ident="QUES_107780_116384_STR" rcardinality="Multiple"><render_fib rows="15" columns="100" prompt="Box" fibtype="String"><response_label ident="QUES_107780_116384_LA"><material><mattext texttype="text/plain" /></material></response_label></render_fib></response_str></flow></presentation></item><item ident="OBJ_188746" label="QUES_107781_116385" d2l_2p0:page="1"><itemmetadata><qtimetadata><qti_metadatafield><fieldlabel>qmd_computerscored</fieldlabel><fieldentry>yes</fieldentry></qti_metadatafield><qti_metadatafield><fieldlabel>qmd_questiontype</fieldlabel><fieldentry>Multiple Choice</fieldentry></qti_metadatafield><qti_metadatafield><fieldlabel>qmd_weighting</fieldlabel><fieldentry>1.000000000</fieldentry></qti_metadatafield><qti_metadatafield><fieldlabel>qmd_globalid</fieldlabel><fieldentry>4cb78a01-32a7-4f27-8ae7-87110d8823fd</fieldentry></qti_metadatafield><qti_metadatafield><fieldlabel>qmd_displayid</fieldlabel><fieldentry>XPX1041-1920-62</fieldentry></qti_metadatafield></qtimetadata></itemmetadata><itemproc_extension><d2l_2p0:difficulty>1</d2l_2p0:difficulty><d2l_2p0:isbonus>no</d2l_2p0:isbonus><d2l_2p0:ismandatory>no</d2l_2p0:ismandatory></itemproc_extension><presentation><flow><material><mattext texttype="text/html">&lt;p&gt;A flowchart is best suited for modelling&amp;nbsp;&lt;/p&gt;</mattext></material><response_extension><d2l_2p0:display_style>2</d2l_2p0:display_style><d2l_2p0:enumeration>6</d2l_2p0:enumeration><d2l_2p0:grading_type>0</d2l_2p0:grading_type></response_extension><response_lid ident="QUES_107781_116385_LID" rcardinality="Single"><render_choice shuffle="yes"><flow_label class="Block"><response_label ident="QUES_107781_116385_A393104"><flow_mat><material><mattext texttype="text/html">&lt;p&gt;a sub-class&lt;/p&gt;</mattext></material></flow_mat></response_label></flow_label><flow_label class="Block"><response_label ident="QUES_107781_116385_A393105"><flow_mat><material><mattext texttype="text/html">&lt;p&gt;a sub-procedure&lt;/p&gt;</mattext></material></flow_mat></response_label></flow_label><flow_label class="Block"><response_label ident="QUES_107781_116385_A393106"><flow_mat><material><mattext texttype="text/html">&lt;p&gt;a sub-system&lt;/p&gt;</mattext></material></flow_mat></response_label></flow_label><flow_label class="Block"><response_label ident="QUES_107781_116385_A393107"><flow_mat><material><mattext texttype="text/html">&lt;p&gt;an entire system&lt;/p&gt;</mattext></material></flow_mat></response_label></flow_label></render_choice></response_lid></flow></presentation><resprocessing><respcondition title="Response Condition 1"><conditionvar><varequal respident="QUES_107781_116385_LID">QUES_107781_116385_A393104</varequal></conditionvar><setvar action="Set">0.000000000</setvar><displayfeedback feedbacktype="Response" linkrefid="QUES_107781_116385_IF393104" /></respcondition><respcondition title="Response Condition 2"><conditionvar><varequal respident="QUES_107781_116385_LID">QUES_107781_116385_A393105</varequal></conditionvar><setvar action="Set">0.000000000</setvar><displayfeedback feedbacktype="Response" linkrefid="QUES_107781_116385_IF393105" /></respcondition><respcondition title="Response Condition 3"><conditionvar><varequal respident="QUES_107781_116385_LID">QUES_107781_116385_A393106</varequal></conditionvar><setvar action="Set">100.000000000</setvar><displayfeedback feedbacktype="Response" linkrefid="QUES_107781_116385_IF393106" /></respcondition><respcondition title="Response Condition 4"><conditionvar><varequal respident="QUES_107781_116385_LID">QUES_107781_116385_A393107</varequal></conditionvar><setvar action="Set">0.000000000</setvar><displayfeedback feedbacktype="Response" linkrefid="QUES_107781_116385_IF393107" /></respcondition></resprocessing><itemfeedback ident="QUES_107781_116385_IF393104"><material><mattext texttype="text/plain" /></material></itemfeedback><itemfeedback ident="QUES_107781_116385_IF393105"><material><mattext texttype="text/plain" /></material></itemfeedback><itemfeedback ident="QUES_107781_116385_IF393106"><material><mattext texttype="text/plain" /></material></itemfeedback><itemfeedback ident="QUES_107781_116385_IF393107"><material><mattext texttype="text/plain" /></material></itemfeedback></item><item ident="OBJ_188747" label="QUES_107782_121336" d2l_2p0:page="1" title="Members of a class comprise "><itemmetadata><qtimetadata><qti_metadatafield><fieldlabel>qmd_computerscored</fieldlabel><fieldentry>yes</fieldentry></qti_metadatafield><qti_metadatafield><fieldlabel>qmd_questiontype</fieldlabel><fieldentry>Multi-Select</fieldentry></qti_metadatafield><qti_metadatafield><fieldlabel>qmd_weighting</fieldlabel><fieldentry>8.000000000</fieldentry></qti_metadatafield><qti_metadatafield><fieldlabel>qmd_globalid</fieldlabel><fieldentry>0d3cc7b6-9cc3-4c78-a15b-6035f9cd5f6d</fieldentry></qti_metadatafield><qti_metadatafield><fieldlabel>qmd_displayid</fieldlabel><fieldentry>XPX1041-1920-63</fieldentry></qti_metadatafield></qtimetadata></itemmetadata><itemproc_extension><d2l_2p0:difficulty>1</d2l_2p0:difficulty><d2l_2p0:isbonus>no</d2l_2p0:isbonus><d2l_2p0:ismandatory>no</d2l_2p0:ismandatory></itemproc_extension><presentation><flow><material><mattext texttype="text/html">&lt;p&gt;Members of a class comprise (check all that apply)&lt;/p&gt;</mattext></material><response_extension><d2l_2p0:display_style>2</d2l_2p0:display_style><d2l_2p0:enumeration>6</d2l_2p0:enumeration><d2l_2p0:grading_type>2</d2l_2p0:grading_type></response_extension><response_lid ident="QUES_107782_121336_LID" rcardinality="Multiple"><render_choice shuffle="yes"><flow_label class="Block"><response_label ident="QUES_107782_121336_A412008"><flow_mat><material><mattext texttype="text/html">&lt;p&gt;Properties&lt;/p&gt;</mattext></material></flow_mat></response_label></flow_label><flow_label class="Block"><response_label ident="QUES_107782_121336_A412009"><flow_mat><material><mattext texttype="text/html">&lt;p&gt;Methods&lt;/p&gt;</mattext></material></flow_mat></response_label></flow_label><flow_label class="Block"><response_label ident="QUES_107782_121336_A412010"><flow_mat><material><mattext texttype="text/html">&lt;p&gt;Variables&lt;/p&gt;</mattext></material></flow_mat></response_label></flow_label><flow_label class="Block"><response_label ident="QUES_107782_121336_A412011"><flow_mat><material><mattext texttype="text/html">&lt;p&gt;Attributes&lt;/p&gt;</mattext></material></flow_mat></response_label></flow_label><flow_label class="Block"><response_label ident="QUES_107782_121336_A412012"><flow_mat><material><mattext texttype="text/html">&lt;p&gt;Fields&lt;/p&gt;</mattext></material></flow_mat></response_label></flow_label><flow_label class="Block"><response_label ident="QUES_107782_121336_A412013"><flow_mat><material><mattext texttype="text/html">&lt;p&gt;Enumerations&lt;/p&gt;</mattext></material></flow_mat></response_label></flow_label><flow_label class="Block"><response_label ident="QUES_107782_121336_A412014"><flow_mat><material><mattext texttype="text/html">&lt;p&gt;Functions&lt;/p&gt;</mattext></material></flow_mat></response_label></flow_label><flow_label class="Block"><response_label ident="QUES_107782_121336_A412015"><flow_mat><material><mattext texttype="text/html">&lt;p&gt;Behaviours&lt;/p&gt;</mattext></material></flow_mat></response_label></flow_label><flow_label class="Block"><response_label ident="QUES_107782_121336_A412016"><flow_mat><material><mattext texttype="text/html">&lt;p&gt;Sub-classes&lt;/p&gt;</mattext></material></flow_mat></response_label></flow_label><flow_label class="Block"><response_label ident="QUES_107782_121336_A412017"><flow_mat><material><mattext texttype="text/html">&lt;p&gt;Messages&lt;/p&gt;</mattext></material></flow_mat></response_label></flow_label></render_choice></response_lid></flow></presentation><resprocessing><outcomes><decvar vartype="Integer" defaultval="0" varname="que_score" minvalue="0" maxvalue="100" /><decvar vartype="Integer" defaultval="0" varname="D2L_Correct" minvalue="0" /><decvar vartype="Integer" defaultval="0" varname="D2L_Incorrect" minvalue="0" /></outcomes><respcondition title="Response Condition" continue="yes"><conditionvar><varequal respident="QUES_107782_121336_LID">QUES_107782_121336_A412008</varequal></conditionvar><setvar varname="D2L_Correct" action="Add">1</setvar></respcondition><respcondition title="Response Condition" continue="yes"><conditionvar><varequal respident="QUES_107782_121336_LID">QUES_107782_121336_A412009</varequal></conditionvar><setvar varname="D2L_Correct" action="Add">1</setvar></respcondition><respcondition title="Response Condition" continue="yes"><conditionvar><varequal respident="QUES_107782_121336_LID">QUES_107782_121336_A412010</varequal></conditionvar><setvar varname="D2L_Correct" action="Add">1</setvar></respcondition><respcondition title="Response Condition" continue="yes"><conditionvar><varequal respident="QUES_107782_121336_LID">QUES_107782_121336_A412011</varequal></conditionvar><setvar varname="D2L_Correct" action="Add">1</setvar></respcondition><respcondition title="Response Condition" continue="yes"><conditionvar><varequal respident="QUES_107782_121336_LID">QUES_107782_121336_A412012</varequal></conditionvar><setvar varname="D2L_Correct" action="Add">1</setvar></respcondition><respcondition title="Response Condition" continue="yes"><conditionvar><varequal respident="QUES_107782_121336_LID">QUES_107782_121336_A412013</varequal></conditionvar><setvar varname="D2L_Incorrect" action="Add">1</setvar></respcondition><respcondition title="Response Condition" continue="yes"><conditionvar><varequal respident="QUES_107782_121336_LID">QUES_107782_121336_A412014</varequal></conditionvar><setvar varname="D2L_Correct" action="Add">1</setvar></respcondition><respcondition title="Response Condition" continue="yes"><conditionvar><varequal respident="QUES_107782_121336_LID">QUES_107782_121336_A412015</varequal></conditionvar><setvar varname="D2L_Correct" action="Add">1</setvar></respcondition><respcondition title="Response Condition" continue="yes"><conditionvar><varequal respident="QUES_107782_121336_LID">QUES_107782_121336_A412016</varequal></conditionvar><setvar varname="D2L_Incorrect" action="Add">1</setvar></respcondition><respcondition title="Response Condition" continue="yes"><conditionvar><varequal respident="QUES_107782_121336_LID">QUES_107782_121336_A412017</varequal></conditionvar><setvar varname="D2L_Correct" action="Add">1</setvar></respcondition><respcondition><setvar varname="que_score" action="Set">D2L_Correct</setvar></respcondition></resprocessing><itemfeedback ident="QUES_107782_121336_IF412008"><material><mattext texttype="text/html" /></material></itemfeedback><itemfeedback ident="QUES_107782_121336_IF412009"><material><mattext texttype="text/html" /></material></itemfeedback><itemfeedback ident="QUES_107782_121336_IF412010"><material><mattext texttype="text/html" /></material></itemfeedback><itemfeedback ident="QUES_107782_121336_IF412011"><material><mattext texttype="text/html" /></material></itemfeedback><itemfeedback ident="QUES_107782_121336_IF412012"><material><mattext texttype="text/html" /></material></itemfeedback><itemfeedback ident="QUES_107782_121336_IF412013"><material><mattext texttype="text/html" /></material></itemfeedback><itemfeedback ident="QUES_107782_121336_IF412014"><material><mattext texttype="text/html" /></material></itemfeedback><itemfeedback ident="QUES_107782_121336_IF412015"><material><mattext texttype="text/html" /></material></itemfeedback><itemfeedback ident="QUES_107782_121336_IF412016"><material><mattext texttype="text/html" /></material></itemfeedback><itemfeedback ident="QUES_107782_121336_IF412017"><material><mattext texttype="text/html" /></material></itemfeedback></item><item ident="OBJ_188748" label="QUES_107783_116387" d2l_2p0:page="1"><itemmetadata><qtimetadata><qti_metadatafield><fieldlabel>qmd_computerscored</fieldlabel><fieldentry>yes</fieldentry></qti_metadatafield><qti_metadatafield><fieldlabel>qmd_questiontype</fieldlabel><fieldentry>Multiple Choice</fieldentry></qti_metadatafield><qti_metadatafield><fieldlabel>qmd_weighting</fieldlabel><fieldentry>1.000000000</fieldentry></qti_metadatafield><qti_metadatafield><fieldlabel>qmd_globalid</fieldlabel><fieldentry>f36a8fcd-af70-4a5b-bf99-4aa717dfa72a</fieldentry></qti_metadatafield><qti_metadatafield><fieldlabel>qmd_displayid</fieldlabel><fieldentry>XPX1041-1920-64</fieldentry></qti_metadatafield></qtimetadata></itemmetadata><itemproc_extension><d2l_2p0:difficulty>1</d2l_2p0:difficulty><d2l_2p0:isbonus>no</d2l_2p0:isbonus><d2l_2p0:ismandatory>no</d2l_2p0:ismandatory></itemproc_extension><presentation><flow><material><mattext texttype="text/html">&lt;p&gt;&lt;img style="max-width: 100%;" title="" src="image/q002.png" alt="" data-d2l-editor-default-img-style="true" /&gt;&lt;/p&gt;
&lt;p&gt;The above image represents&lt;/p&gt;</mattext></material><response_extension><d2l_2p0:display_style>2</d2l_2p0:display_style><d2l_2p0:enumeration>6</d2l_2p0:enumeration><d2l_2p0:grading_type>0</d2l_2p0:grading_type></response_extension><response_lid ident="QUES_107783_116387_LID" rcardinality="Single"><render_choice shuffle="no"><flow_label class="Block"><response_label ident="QUES_107783_116387_A393118"><flow_mat><material><mattext texttype="text/html">&lt;p&gt;Weak association&lt;/p&gt;</mattext></material></flow_mat></response_label></flow_label><flow_label class="Block"><response_label ident="QUES_107783_116387_A393119"><flow_mat><material><mattext texttype="text/html">&lt;p&gt;Weak composition&lt;/p&gt;</mattext></material></flow_mat></response_label></flow_label><flow_label class="Block"><response_label ident="QUES_107783_116387_A393120"><flow_mat><material><mattext texttype="text/html">&lt;p&gt;strong association&lt;/p&gt;</mattext></material></flow_mat></response_label></flow_label><flow_label class="Block"><response_label ident="QUES_107783_116387_A393121"><flow_mat><material><mattext texttype="text/html">&lt;p&gt;strong composition&lt;/p&gt;</mattext></material></flow_mat></response_label></flow_label></render_choice></response_lid></flow></presentation><resprocessing><respcondition title="Response Condition 1"><conditionvar><varequal respident="QUES_107783_116387_LID">QUES_107783_116387_A393118</varequal></conditionvar><setvar action="Set">100.000000000</setvar><displayfeedback feedbacktype="Response" linkrefid="QUES_107783_116387_IF393118" /></respcondition><respcondition title="Response Condition 2"><conditionvar><varequal respident="QUES_107783_116387_LID">QUES_107783_116387_A393119</varequal></conditionvar><setvar action="Set">0.000000000</setvar><displayfeedback feedbacktype="Response" linkrefid="QUES_107783_116387_IF393119" /></respcondition><respcondition title="Response Condition 3"><conditionvar><varequal respident="QUES_107783_116387_LID">QUES_107783_116387_A393120</varequal></conditionvar><setvar action="Set">0.000000000</setvar><displayfeedback feedbacktype="Response" linkrefid="QUES_107783_116387_IF393120" /></respcondition><respcondition title="Response Condition 4"><conditionvar><varequal respident="QUES_107783_116387_LID">QUES_107783_116387_A393121</varequal></conditionvar><setvar action="Set">0.000000000</setvar><displayfeedback feedbacktype="Response" linkrefid="QUES_107783_116387_IF393121" /></respcondition></resprocessing><itemfeedback ident="QUES_107783_116387_IF393118"><material><mattext texttype="text/plain" /></material></itemfeedback><itemfeedback ident="QUES_107783_116387_IF393119"><material><mattext texttype="text/plain" /></material></itemfeedback><itemfeedback ident="QUES_107783_116387_IF393120"><material><mattext texttype="text/plain" /></material></itemfeedback><itemfeedback ident="QUES_107783_116387_IF393121"><material><mattext texttype="text/plain" /></material></itemfeedback></item></section></assessment></questestinterop>