﻿<rubrics schemaversion="v2011"><rubric id="1" resource_code="huddersfield-331180" name="Complex Portfolio - week 1" type="1" scoring_method="2" display_levels_in_des_order="True" state="0" visibility="0" uses_overall_score="True" has_manual_alignment="False" score_visible_to_assessed_users="True" enabled_feedback_copy="False" usage_restrictions="Competency,ePortfolio"><description text_type="text"><text /></description><criteria_groups><criteria_group name="5-point scheme" sort_order="1"><level_set><levels><level name="Level 0" sort_order="4" level_value="0.000000000" level_id="19317" /><level name="Level 1" sort_order="5" level_value="3.000000000" level_id="15800" /><level name="Level 10" sort_order="3" level_value="5.000000000" level_id="19293" /></levels></level_set><criteria><criterion name="use of classes" sort_order="1"><cells><cell level_id="19317" cell_value=""><description text_type="text/html"><text>&lt;p&gt;Class not used&lt;/p&gt;</text></description><feedback text_type="text"><text>Program is not object-oriented</text></feedback></cell><cell level_id="15800" cell_value=""><description text_type="text/html"><text>&lt;p&gt;Class used&lt;/p&gt;</text></description><feedback text_type="text"><text>Class used</text></feedback></cell><cell level_id="19293" cell_value=""><description text_type="text/html"><text>&lt;p&gt;Object oriented&lt;/p&gt;</text></description><feedback text_type="text"><text>Program is object oriented</text></feedback></cell></cells></criterion><criterion name="Operator overloading" sort_order="11"><cells><cell level_id="19317" cell_value=""><description text_type="text/html"><text>&lt;p&gt;Operator overloading not used&lt;/p&gt;</text></description><feedback text_type="text"><text>Operator overloading not used</text></feedback></cell><cell level_id="15800" cell_value=""><description text_type="text/html"><text>&lt;p&gt;partially used&lt;/p&gt;</text></description><feedback text_type="text"><text>Operator overloading used</text></feedback></cell><cell level_id="19293" cell_value=""><description text_type="text/html"><text>&lt;p&gt;fully used&lt;/p&gt;</text></description><feedback text_type="text"><text>Operator overloading fully used</text></feedback></cell></cells></criterion></criteria></criteria_group><criteria_group name="Basic requirement" sort_order="3"><level_set><levels><level name="Level 0" sort_order="2" level_value="0.000000000" level_id="19319" /><level name="Level 1" sort_order="3" level_value="1.000000000" level_id="19318" /><level name="Level 10" sort_order="1" level_value="10.000000000" level_id="19286" /></levels></level_set><criteria><criterion name="Code Runs" sort_order="1"><cells><cell level_id="19319" cell_value=""><description text_type="text/html"><text>&lt;p&gt;Code not given&lt;/p&gt;</text></description><feedback text_type="text"><text>No C++ source program</text></feedback></cell><cell level_id="19318" cell_value=""><description text_type="text/html"><text>&lt;p&gt;Code present but doesn't run&lt;/p&gt;</text></description><feedback text_type="text"><text>Program has syntax errors</text></feedback></cell><cell level_id="19286" cell_value=""><description text_type="text/html"><text>&lt;p&gt;Runs in terminal&lt;/p&gt;</text></description><feedback text_type="text"><text>Program runs in the terminal</text></feedback></cell></cells></criterion></criteria></criteria_group><criteria_group name="10-point scheme" sort_order="4"><level_set><levels><level name="Level 0" sort_order="2" level_value="0.000000000" level_id="19320" /><level name="Level 2" sort_order="3" level_value="3.000000000" level_id="19303" /><level name="Level 4" sort_order="4" level_value="5.000000000" level_id="19302" /><level name="Level 5" sort_order="5" level_value="8.000000000" level_id="19295" /><level name="Level 10" sort_order="1" level_value="10.000000000" level_id="19294" /></levels></level_set><criteria><criterion name="Flowchart" sort_order="1"><cells><cell level_id="19320" cell_value=""><description text_type="text/html"><text>&lt;p&gt;No flowchart&lt;/p&gt;</text></description><feedback text_type="text"><text>Flowchart absent</text></feedback></cell><cell level_id="19303" cell_value=""><description text_type="text/html"><text>&lt;p&gt;Some Algorithm were used but partially aligns&lt;/p&gt;</text></description><feedback text_type="text"><text>Algorithm does not follow logically </text></feedback></cell><cell level_id="19302" cell_value=""><description text_type="text/html"><text>&lt;p&gt;Flowchart not fully met but aligns&lt;/p&gt;</text></description><feedback text_type="text"><text>Algorithm criteria not fully met</text></feedback></cell><cell level_id="19295" cell_value=""><description text_type="text/html"><text>&lt;p&gt;Flowchart fully met but partial alignment&lt;/p&gt;</text></description><feedback text_type="text"><text>Algorithms used</text></feedback></cell><cell level_id="19294" cell_value=""><description text_type="text/html"><text>&lt;p&gt;Flowchart used and accurate&lt;/p&gt;</text></description><feedback text_type="text"><text>Algorithms alignswith code</text></feedback></cell></cells></criterion><criterion name="Class diagram" sort_order="11"><cells><cell level_id="19320" cell_value=""><description text_type="text/html"><text>&lt;p&gt;No class diagram&lt;/p&gt;</text></description><feedback text_type="text"><text>Class diagram not done</text></feedback></cell><cell level_id="19303" cell_value=""><description text_type="text/html"><text>&lt;p&gt;used but not accurate&lt;/p&gt;</text></description><feedback text_type="text"><text>Class diagram has missing features</text></feedback></cell><cell level_id="19302" cell_value=""><description text_type="text/html"><text>&lt;p&gt;Used and partially accurate&lt;/p&gt;</text></description><feedback text_type="text"><text>Class diagram has some missing features</text></feedback></cell><cell level_id="19295" cell_value=""><description text_type="text/html"><text>&lt;p&gt;Used and almost accurate&lt;/p&gt;</text></description><feedback text_type="text"><text>Class diagram done</text></feedback></cell><cell level_id="19294" cell_value=""><description text_type="text/html"><text>&lt;p&gt;Used and accurate&lt;/p&gt;</text></description><feedback text_type="text"><text>Class diagram aligns with code</text></feedback></cell></cells></criterion><criterion name="Report" sort_order="21"><cells><cell level_id="19320" cell_value=""><description text_type="text/html"><text>&lt;p&gt;No report&lt;/p&gt;</text></description><feedback text_type="text"><text>Report was not done.</text></feedback></cell><cell level_id="19303" cell_value=""><description text_type="text/html"><text>&lt;p&gt;Report present&lt;/p&gt;</text></description><feedback text_type="text"><text>Report done</text></feedback></cell><cell level_id="19302" cell_value=""><description text_type="text/html"><text>&lt;p&gt;Wordcount met or structure in place&lt;/p&gt;</text></description><feedback text_type="text"><text>Report requirements met</text></feedback></cell><cell level_id="19295" cell_value=""><description text_type="text/html"><text>&lt;p&gt;Structure+word count&lt;/p&gt;</text></description><feedback text_type="text"><text>Report well structured</text></feedback></cell><cell level_id="19294" cell_value=""><description text_type="text/html"><text>&lt;p&gt;Structure+Diagrams+wordcount&lt;/p&gt;</text></description><feedback text_type="text"><text>Fully featured report</text></feedback></cell></cells></criterion><criterion name="Use of methods" sort_order="31"><cells><cell level_id="19320" cell_value=""><description text_type="text/html"><text>&lt;p&gt;Functions absent&lt;/p&gt;</text></description><feedback text_type="text"><text>No source code provided</text></feedback></cell><cell level_id="19303" cell_value=""><description text_type="text/html"><text>&lt;p&gt;Functions barely used&lt;/p&gt;</text></description><feedback text_type="text"><text>Basic functions used</text></feedback></cell><cell level_id="19302" cell_value=""><description text_type="text/html"><text>&lt;p&gt;Methods used more&lt;/p&gt;</text></description><feedback text_type="text"><text>Use of methods</text></feedback></cell><cell level_id="19295" cell_value=""><description text_type="text/html"><text>&lt;p&gt;Methods used with some function decomposition&lt;/p&gt;</text></description><feedback text_type="text"><text>Good use of methods</text></feedback></cell><cell level_id="19294" cell_value=""><description text_type="text/html"><text>&lt;p&gt;Methods used with fully-featured function decomposition&amp;nbsp;&lt;/p&gt;</text></description><feedback text_type="text"><text>Well organised methods</text></feedback></cell></cells></criterion><criterion name="Basic functionality" sort_order="41"><cells><cell level_id="19320" cell_value=""><description text_type="text/html"><text>&lt;p&gt;No basic functionality&lt;/p&gt;</text></description><feedback text_type="text"><text>Basic Requirements not met</text></feedback></cell><cell level_id="19303" cell_value=""><description text_type="text/html"><text>&lt;p&gt;1 basic requirements in place&lt;/p&gt;</text></description><feedback text_type="text"><text>Only one functionality provided :(</text></feedback></cell><cell level_id="19302" cell_value=""><description text_type="text/html"><text>&lt;p&gt;2 basic requirements in place&lt;/p&gt;</text></description><feedback text_type="text"><text>Some functionality provided</text></feedback></cell><cell level_id="19295" cell_value=""><description text_type="text/html"><text>&lt;p&gt;3 basic requirements in place&lt;/p&gt;</text></description><feedback text_type="text"><text>Most basic functionality in place</text></feedback></cell><cell level_id="19294" cell_value=""><description text_type="text/html"><text>&lt;p&gt;4 basic requirements in place&lt;/p&gt;</text></description><feedback text_type="text"><text>Basic functionality provided for</text></feedback></cell></cells></criterion><criterion name="Division functionality" sort_order="51"><cells><cell level_id="19320" cell_value=""><description text_type="text/html"><text>&lt;p&gt;Absent&lt;/p&gt;</text></description><feedback text_type="text"><text>No division functionality</text></feedback></cell><cell level_id="19303" cell_value=""><description text_type="text/html"><text>&lt;p&gt;Division provided for but doesn't work&lt;/p&gt;</text></description><feedback text_type="text"><text>Division doesn't work</text></feedback></cell><cell level_id="19302" cell_value=""><description text_type="text/html"><text>&lt;p&gt;Division works but not fully functional&lt;/p&gt;</text></description><feedback text_type="text"><text>Division not fully implemented</text></feedback></cell><cell level_id="19295" cell_value=""><description text_type="text/html"><text>&lt;p&gt;Division works and zero checks provided not functional&lt;/p&gt;</text></description><feedback text_type="text"><text>Does your zero check work</text></feedback></cell><cell level_id="19294" cell_value=""><description text_type="text/html"><text>&lt;p&gt;Full zero check division&lt;/p&gt;</text></description><feedback text_type="text"><text>Fully featured division.</text></feedback></cell></cells></criterion></criteria></criteria_group><criteria_group name="Main method" sort_order="5"><level_set><levels><level name="New Level" sort_order="2" level_value="0.000000000" level_id="19321" /><level name="Level 4" sort_order="3" level_value="5.000000000" level_id="19298" /><level name="Level 5" sort_order="4" level_value="6.000000000" level_id="19296" /><level name="Level 10" sort_order="1" level_value="7.000000000" level_id="19297" /></levels></level_set><criteria><criterion name="Main method" sort_order="1"><cells><cell level_id="19321" cell_value=""><description text_type="text/html"><text>&lt;p&gt;No main method&lt;/p&gt;</text></description><feedback text_type="text"><text>C++ source code absent</text></feedback></cell><cell level_id="19298" cell_value=""><description text_type="text/html"><text>&lt;p&gt;main method&lt;/p&gt;</text></description><feedback text_type="text"><text>main method used</text></feedback></cell><cell level_id="19296" cell_value=""><description text_type="text/html"><text>&lt;p&gt;main method has control loop or menu driven&lt;/p&gt;</text></description><feedback text_type="text"><text>Control loop used or menu driven</text></feedback></cell><cell level_id="19297" cell_value=""><description text_type="text/html"><text>&lt;p&gt;control loop and menu driven&lt;/p&gt;</text></description><feedback text_type="text"><text>Control loop is menu driven</text></feedback></cell></cells></criterion></criteria></criteria_group><criteria_group name="Bonus" sort_order="6"><level_set><levels><level name="Level 0" sort_order="2" level_value="0.000000000" level_id="19322" /><level name="Level 1" sort_order="3" level_value="0.500000000" level_id="19306" /><level name="Level 10" sort_order="1" level_value="1.000000000" level_id="19301" /></levels></level_set><criteria><criterion name="P2R+R2P" sort_order="1"><cells><cell level_id="19322" cell_value=""><description text_type="text/html"><text>&lt;p&gt;Not present&lt;/p&gt;</text></description><feedback text_type="text"><text>Polar/Rec conversion not implemented</text></feedback></cell><cell level_id="19306" cell_value=""><description text_type="text/html"><text>&lt;p&gt;Used not working&lt;/p&gt;</text></description><feedback text_type="text"><text>Polar/Rect has error</text></feedback></cell><cell level_id="19301" cell_value=""><description text_type="text/html"><text>&lt;p&gt;Polar to rectangular coordinates&lt;/p&gt;</text></description><feedback text_type="text"><text>Bonus Polar methods added in template class</text></feedback></cell></cells></criterion><criterion name="Complex conjugate" sort_order="11"><cells><cell level_id="19322" cell_value=""><description text_type="text/html"><text>&lt;p&gt;Complex conjugate not present&lt;/p&gt;</text></description><feedback text_type="text"><text>Complex conjugate was not implemented</text></feedback></cell><cell level_id="19306" cell_value=""><description text_type="text/html"><text>&lt;p&gt;used not working&lt;/p&gt;</text></description><feedback text_type="text"><text>complex conjugate has error</text></feedback></cell><cell level_id="19301" cell_value=""><description text_type="text/html"><text>&lt;p&gt;Conjugate&lt;/p&gt;</text></description><feedback text_type="text"><text>Complex conjugate used</text></feedback></cell></cells></criterion><criterion name="Complex modulus" sort_order="21"><cells><cell level_id="19322" cell_value=""><description text_type="text/html"><text>&lt;p&gt;Modulus not implemented&lt;/p&gt;</text></description><feedback text_type="text"><text>Complex modules was not implemented</text></feedback></cell><cell level_id="19306" cell_value=""><description text_type="text/html"><text>&lt;p&gt;used not working&lt;/p&gt;</text></description><feedback text_type="text"><text>Complex modulus has error</text></feedback></cell><cell level_id="19301" cell_value=""><description text_type="text/html"><text>&lt;p&gt;complex modulus&lt;/p&gt;</text></description><feedback text_type="text"><text>Complex modulus implemented</text></feedback></cell></cells></criterion></criteria></criteria_group><criteria_group name="3-point scheme" sort_order="7"><level_set><levels><level name="Level 0" sort_order="2" level_value="0.000000000" level_id="19323" /><level name="Level 1" sort_order="3" level_value="1.000000000" level_id="19315" /><level name="Level 5" sort_order="4" level_value="2.000000000" level_id="19311" /><level name="Level 10" sort_order="1" level_value="3.000000000" level_id="19312" /></levels></level_set><criteria><criterion name="Addition function" sort_order="1"><cells><cell level_id="19323" cell_value=""><description text_type="text/html"><text>&lt;p&gt;Absent&lt;/p&gt;</text></description><feedback text_type="text"><text>No add functionality</text></feedback></cell><cell level_id="19315" cell_value=""><description text_type="text/html"><text>&lt;p&gt;Present not functioning&lt;/p&gt;</text></description><feedback text_type="text"><text>Addition function is inaccurate</text></feedback></cell><cell level_id="19311" cell_value=""><description text_type="text/html"><text>&lt;p&gt;Works but not perfectly&lt;/p&gt;</text></description><feedback text_type="text"><text>Addition function can be improved</text></feedback></cell><cell level_id="19312" cell_value=""><description text_type="text/html"><text>&lt;p&gt;Addition function works perfectly&lt;/p&gt;</text></description><feedback text_type="text"><text>Addition Function requirement met</text></feedback></cell></cells></criterion><criterion name="Subtraction operation" sort_order="11"><cells><cell level_id="19323" cell_value=""><description text_type="text/html"><text>&lt;p&gt;Absent&lt;/p&gt;</text></description><feedback text_type="text"><text>No subtract functionality</text></feedback></cell><cell level_id="19315" cell_value=""><description text_type="text/html"><text>&lt;p&gt;Present not functioning&lt;/p&gt;</text></description><feedback text_type="text"><text>Subtraction function is inaccurate</text></feedback></cell><cell level_id="19311" cell_value=""><description text_type="text/html"><text>&lt;p&gt;Works but not perfectly&lt;/p&gt;</text></description><feedback text_type="text"><text>Subtraction function can be improved</text></feedback></cell><cell level_id="19312" cell_value=""><description text_type="text/html"><text>&lt;p&gt;Subtraction function works perfectly&lt;/p&gt;</text></description><feedback text_type="text"><text>Subtraction Function requirement met</text></feedback></cell></cells></criterion></criteria></criteria_group><criteria_group name="4-point scheme" sort_order="8"><level_set><levels><level name="Level 0" sort_order="2" level_value="0.000000000" level_id="19324" /><level name="Level 4" sort_order="3" level_value="1.000000000" level_id="19316" /><level name="Level 5" sort_order="4" level_value="2.000000000" level_id="19313" /><level name="Level 10" sort_order="1" level_value="4.000000000" level_id="19314" /></levels></level_set><criteria><criterion name="Multiplication operation" sort_order="1"><cells><cell level_id="19324" cell_value=""><description text_type="text/html"><text>&lt;p&gt;Absent&lt;/p&gt;</text></description><feedback text_type="text"><text>No multiply functionality</text></feedback></cell><cell level_id="19316" cell_value=""><description text_type="text/html"><text>&lt;p&gt;Present not functioning&lt;/p&gt;</text></description><feedback text_type="text"><text>Multiplication function is inaccurate</text></feedback></cell><cell level_id="19313" cell_value=""><description text_type="text/html"><text>&lt;p&gt;Works but not perfectly&lt;/p&gt;</text></description><feedback text_type="text"><text>Multiplication function can be improved</text></feedback></cell><cell level_id="19314" cell_value=""><description text_type="text/html"><text>&lt;p&gt;Works perfectly&lt;/p&gt;</text></description><feedback text_type="text"><text>Multiplication Function requirement met</text></feedback></cell></cells></criterion></criteria></criteria_group></criteria_groups><overall_level_set><overall_levels><overall_level name="Poor" sort_order="5" range_start_value="0.000000000"><description text_type="text/html"><text>&lt;p&gt;You may not be&amp;nbsp; putting in adequate effort so far. Please schedule a meeting with me.&lt;/p&gt;</text></description><feedback text_type="text"><text /></feedback></overall_level><overall_level name="Below Average" sort_order="4" range_start_value="20.000000000"><description text_type="text/html"><text>&lt;p&gt;Code is either not running or not fully functional and no report or diagrams were done&lt;/p&gt;</text></description><feedback text_type="text"><text /></feedback></overall_level><overall_level name="Average" sort_order="3" range_start_value="40.000000000"><description text_type="text/html"><text>&lt;p&gt;Basic requirements met but not object-oriented. Or report and diagrams ommitted&lt;/p&gt;</text></description><feedback text_type="text"><text /></feedback></overall_level><overall_level name="Good" sort_order="2" range_start_value="60.000000000"><description text_type="text/html"><text>&lt;p&gt;Good object oriented features in place and diagrams used&lt;/p&gt;</text></description><feedback text_type="text"><text /></feedback></overall_level><overall_level name="Excellent" sort_order="1" range_start_value="80.000000000"><description text_type="text/html"><text>&lt;p&gt;You met most of the requirements. Keep it up!&lt;/p&gt;</text></description><feedback text_type="text"><text /></feedback></overall_level></overall_levels></overall_level_set></rubric><rubric id="2" name="Week  3 - TicTacToe Sequence" type="1" scoring_method="2" display_levels_in_des_order="True" state="0" visibility="0" uses_overall_score="True" has_manual_alignment="False" score_visible_to_assessed_users="True" enabled_feedback_copy="False" usage_restrictions="Competency,ePortfolio"><description text_type="text"><text /></description><criteria_groups><criteria_group name="15-point scheme" sort_order="1"><level_set><levels><level name="Level 0" sort_order="4" level_value="0.000000000" level_id="19570" /><level name="Level 1" sort_order="5" level_value="10.000000000" level_id="19568" /><level name="Level 10" sort_order="3" level_value="15.000000000" level_id="19569" /></levels></level_set><criteria><criterion name="Messages" sort_order="1"><cells><cell level_id="19570" cell_value=""><description text_type="text/html"><text>&lt;p&gt;Not accurate&lt;/p&gt;</text></description><feedback text_type="text"><text>Messages requirements not met</text></feedback></cell><cell level_id="19568" cell_value=""><description text_type="text/html"><text>&lt;p&gt;Partial accuracy&lt;/p&gt;</text></description><feedback text_type="text"><text>Incomplete Messages</text></feedback></cell><cell level_id="19569" cell_value=""><description text_type="text/html"><text>&lt;p&gt;Accurate&lt;/p&gt;</text></description><feedback text_type="text"><text>Accurate Messages</text></feedback></cell></cells></criterion><criterion name="Integration" sort_order="21"><cells><cell level_id="19570" cell_value=""><description text_type="text/html"><text>&lt;p&gt;Requirements not met&lt;/p&gt;</text></description><feedback text_type="text"><text>No harmony in model</text></feedback></cell><cell level_id="19568" cell_value=""><description text_type="text/html"><text>&lt;p&gt;Partially correct&lt;/p&gt;</text></description><feedback text_type="text"><text>Diagram doesn't fully harmonise with other models</text></feedback></cell><cell level_id="19569" cell_value=""><description text_type="text/html"><text>&lt;p&gt;Correct&lt;/p&gt;</text></description><feedback text_type="text"><text>Sequence diagram agrees with models</text></feedback></cell></cells></criterion></criteria></criteria_group><criteria_group name="10-pt scheme" sort_order="3"><level_set><levels><level name="Level 3" sort_order="2" level_value="0.000000000" level_id="19579" /><level name="Level 4" sort_order="3" level_value="3.000000000" level_id="19578" /><level name="Level 5" sort_order="4" level_value="7.500000000" level_id="19577" /><level name="Level 10" sort_order="1" level_value="10.000000000" level_id="19576" /></levels></level_set><criteria><criterion name="activation" sort_order="1"><cells><cell level_id="19579" cell_value=""><description text_type="text/html"><text>&lt;p&gt;Requirements not captured&lt;/p&gt;</text></description><feedback text_type="text"><text>Activations not used</text></feedback></cell><cell level_id="19578" cell_value=""><description text_type="text/html"><text>&lt;p&gt;Some requirements captured&lt;/p&gt;</text></description><feedback text_type="text"><text>inaccurate use of activations</text></feedback></cell><cell level_id="19577" cell_value=""><description text_type="text/html"><text>&lt;p&gt;Captures basic requirements&lt;/p&gt;</text></description><feedback text_type="text"><text>Activations used with minor errors</text></feedback></cell><cell level_id="19576" cell_value=""><description text_type="text/html"><text>&lt;p&gt;Captures all requirements&lt;/p&gt;</text></description><feedback text_type="text"><text>Activations used correctly</text></feedback></cell></cells></criterion><criterion name="objects" sort_order="11"><cells><cell level_id="19579" cell_value=""><description text_type="text/html"><text>&lt;p&gt;wrong or no use of roles and objects&lt;/p&gt;</text></description><feedback text_type="text"><text>wrong or no use of roles and objects</text></feedback></cell><cell level_id="19578" cell_value=""><description text_type="text/html"><text>&lt;p&gt;inaccurate use of roles and objects&lt;/p&gt;</text></description><feedback text_type="text"><text>inaccurate use of roles and objects</text></feedback></cell><cell level_id="19577" cell_value=""><description text_type="text/html"><text>&lt;p&gt;use of roles and objects with minor errors&lt;/p&gt;</text></description><feedback text_type="text"><text>use of roles and objects with minor errors</text></feedback></cell><cell level_id="19576" cell_value=""><description text_type="text/html"><text>&lt;p&gt;accurate use of roles and objects&lt;/p&gt;</text></description><feedback text_type="text"><text>accurate use of roles and objects</text></feedback></cell></cells></criterion><criterion name="Sequence symbols" sort_order="21"><cells><cell level_id="19579" cell_value=""><description text_type="text/html"><text>&lt;p&gt;sequence diagram not in context&lt;/p&gt;</text></description><feedback text_type="text"><text>No/wrong use of symbols</text></feedback></cell><cell level_id="19578" cell_value=""><description text_type="text/html"><text>&lt;p&gt;criteria partially met&lt;/p&gt;</text></description><feedback text_type="text"><text>Symbols have a lot of errors</text></feedback></cell><cell level_id="19577" cell_value=""><description text_type="text/html"><text>&lt;p&gt;criteria mostly met&lt;/p&gt;</text></description><feedback text_type="text"><text>Few symbols have errors</text></feedback></cell><cell level_id="19576" cell_value=""><description text_type="text/html"><text>&lt;p&gt;Criteria met&lt;/p&gt;</text></description><feedback text_type="text"><text>Excellent use of symbols</text></feedback></cell></cells></criterion></criteria></criteria_group><criteria_group name="5-pt scheme" sort_order="4"><level_set><levels><level name="Level 4" sort_order="4" level_value="0.000000000" level_id="19582" /><level name="Level 5" sort_order="5" level_value="2.500000000" level_id="19581" /><level name="Level 10" sort_order="1" level_value="5.000000000" level_id="19580" /></levels></level_set><criteria><criterion name="Actor" sort_order="1"><cells><cell level_id="19582" cell_value=""><description text_type="text/html"><text>&lt;p&gt;No/wrong use of actors&lt;/p&gt;</text></description><feedback text_type="text"><text>No/wrong use of actors</text></feedback></cell><cell level_id="19581" cell_value=""><description text_type="text/html"><text>&lt;p&gt;Inaccurate use of actors&lt;/p&gt;</text></description><feedback text_type="text"><text>Inaccurate use of actors</text></feedback></cell><cell level_id="19580" cell_value=""><description text_type="text/html"><text>&lt;p&gt;Accurate use of actors&lt;/p&gt;</text></description><feedback text_type="text"><text>Accurate use of actors</text></feedback></cell></cells></criterion><criterion name="Subsequence/ &#xA;class refactoring" sort_order="11"><cells><cell level_id="19582" cell_value=""><description text_type="text/html"><text>&lt;p&gt;no sub sequence used&lt;/p&gt;</text></description><feedback text_type="text"><text>no sub sequence/class refactoring used</text></feedback></cell><cell level_id="19581" cell_value=""><description text_type="text/html"><text>&lt;p&gt;sub seequence used with errors&lt;/p&gt;</text></description><feedback text_type="text"><text>sub seequence/class refactor used with errors</text></feedback></cell><cell level_id="19580" cell_value=""><description text_type="text/html"><text>&lt;p&gt;sub sequence used efficiently&lt;/p&gt;</text></description><feedback text_type="text"><text>sub sequence/class refactor used correctly</text></feedback></cell></cells></criterion><criterion name="Sequence logic" sort_order="21"><cells><cell level_id="19582" cell_value=""><description text_type="text/html"><text>&lt;p&gt;criteria not met&lt;/p&gt;</text></description><feedback text_type="text"><text>Sequence diagram not in context</text></feedback></cell><cell level_id="19581" cell_value=""><description text_type="text/html"><text>&lt;p&gt;criteria partially met&lt;/p&gt;</text></description><feedback text_type="text"><text>sequence diagram partially in context</text></feedback></cell><cell level_id="19580" cell_value=""><description text_type="text/html"><text>&lt;p&gt;criteria met&lt;/p&gt;</text></description><feedback text_type="text"><text>sequence diagram perfectly in context</text></feedback></cell></cells></criterion></criteria></criteria_group><criteria_group name="Report" sort_order="6"><level_set><levels><level name="New Level" sort_order="2" level_value="0.000000000" level_id="19699" /><level name="New Level" sort_order="3" level_value="12.500000000" level_id="19642" /><level name="Level 0" sort_order="4" level_value="15.000000000" level_id="19585" /><level name="Level 1" sort_order="5" level_value="20.000000000" level_id="19584" /><level name="Level 10" sort_order="1" level_value="25.000000000" level_id="19583" /></levels></level_set><criteria><criterion name="Presentation" sort_order="1"><cells><cell level_id="19699" cell_value=""><description text_type="text/html"><text>&lt;p&gt;Not done&lt;/p&gt;</text></description><feedback text_type="text"><text>Presentation not done</text></feedback></cell><cell level_id="19642" cell_value=""><description text_type="text/html"><text>&lt;p&gt;Presentation done&lt;/p&gt;</text></description><feedback text_type="text"><text>Presentation done</text></feedback></cell><cell level_id="19585" cell_value=""><description text_type="text/html"><text>&lt;p&gt;Presentation consistent with model&lt;/p&gt;</text></description><feedback text_type="text"><text>Presentation done and harmony established</text></feedback></cell><cell level_id="19584" cell_value=""><description text_type="text/html"><text>&lt;p&gt;Presentation can replace report&lt;/p&gt;</text></description><feedback text_type="text"><text>Report level presentation</text></feedback></cell><cell level_id="19583" cell_value=""><description text_type="text/html"><text>&lt;p&gt;Maximum marks&lt;/p&gt;</text></description><feedback text_type="text"><text>Maximum marks</text></feedback></cell></cells></criterion></criteria></criteria_group></criteria_groups><overall_level_set><overall_levels><overall_level name="Poor" sort_order="5" range_start_value="0.000000000"><description text_type="text/html"><text>&lt;p&gt;You may not be&amp;nbsp; putting in adequate effort so far. Please schedule a meeting with me.&lt;/p&gt;</text></description><feedback text_type="text"><text /></feedback></overall_level><overall_level name="Below Average" sort_order="4" range_start_value="20.000000000"><description text_type="text/html"><text>&lt;p&gt;You seem to be having difficulty either in the logic or in the concepts of software modelling.&amp;nbsp; I am happy to converse about these.&lt;/p&gt;</text></description><feedback text_type="text"><text /></feedback></overall_level><overall_level name="Average" sort_order="3" range_start_value="40.000000000"><description text_type="text/html"><text>&lt;p&gt;Ability to use modelling techniques shown&lt;/p&gt;</text></description><feedback text_type="text"><text /></feedback></overall_level><overall_level name="Good" sort_order="2" range_start_value="60.000000000"><description text_type="text/html"><text>&lt;p&gt;Excellent use of modelling techniques shown&lt;/p&gt;</text></description><feedback text_type="text"><text /></feedback></overall_level><overall_level name="Excellent" sort_order="1" range_start_value="80.000000000"><description text_type="text/html"><text>&lt;p&gt;Master over modelling techniques is evident&lt;/p&gt;</text></description><feedback text_type="text"><text /></feedback></overall_level></overall_levels></overall_level_set></rubric><rubric id="3" name="New Week  2 - TicTacToe Analysis" type="1" scoring_method="2" display_levels_in_des_order="True" state="0" visibility="0" uses_overall_score="True" has_manual_alignment="False" score_visible_to_assessed_users="True" enabled_feedback_copy="False" usage_restrictions="Competency,ePortfolio"><description text_type="text"><text /></description><criteria_groups><criteria_group name="5-point scheme" sort_order="1"><level_set><levels><level name="Level 0" sort_order="4" level_value="0.000000000" level_id="19702" /><level name="Level 5" sort_order="5" level_value="3.000000000" level_id="19700" /><level name="Level 10" sort_order="3" level_value="5.000000000" level_id="19701" /></levels></level_set><criteria><criterion name="Classes context" sort_order="1"><cells><cell level_id="19702" cell_value=""><description text_type="text/html"><text>&lt;p&gt;Not accurate&lt;/p&gt;</text></description><feedback text_type="text"><text>Class requirements not met</text></feedback></cell><cell level_id="19700" cell_value=""><description text_type="text/html"><text>&lt;p&gt;Partial accuracy&lt;/p&gt;</text></description><feedback text_type="text"><text>Incomplete classes/not quite in context</text></feedback></cell><cell level_id="19701" cell_value=""><description text_type="text/html"><text>&lt;p&gt;Accurate&lt;/p&gt;</text></description><feedback text_type="text"><text>Accurate Classes in context</text></feedback></cell></cells></criterion><criterion name="class  integration" sort_order="11"><cells><cell level_id="19702" cell_value=""><description text_type="text/html"><text>&lt;p&gt;Not &amp;nbsp;met&lt;/p&gt;</text></description><feedback text_type="text"><text>Little or no model harmony </text></feedback></cell><cell level_id="19700" cell_value=""><description text_type="text/html"><text>&lt;p&gt;partial&lt;/p&gt;</text></description><feedback text_type="text"><text>Some model inconsistency observed</text></feedback></cell><cell level_id="19701" cell_value=""><description text_type="text/html"><text>&lt;p&gt;Met&lt;/p&gt;</text></description><feedback text_type="text"><text>Model is in harmony with others</text></feedback></cell></cells></criterion><criterion name="Class Relationships" sort_order="21"><cells><cell level_id="19702" cell_value=""><description text_type="text/html"><text>&lt;p&gt;Requirements not met&lt;/p&gt;</text></description><feedback text_type="text"><text>Class relationships requirements not met</text></feedback></cell><cell level_id="19700" cell_value=""><description text_type="text/html"><text>&lt;p&gt;Partially correct&lt;/p&gt;</text></description><feedback text_type="text"><text>Some incorrect class relationships observed </text></feedback></cell><cell level_id="19701" cell_value=""><description text_type="text/html"><text>&lt;p&gt;Correct&lt;/p&gt;</text></description><feedback text_type="text"><text>Accurate class relationships </text></feedback></cell></cells></criterion><criterion name="Class symbols" sort_order="31"><cells><cell level_id="19702" cell_value=""><description text_type="text/html"><text>&lt;p&gt;inaccurate&lt;/p&gt;</text></description><feedback text_type="text"><text>Symbols applied incorrectly or missing</text></feedback></cell><cell level_id="19700" cell_value=""><description text_type="text/html"><text>&lt;p&gt;Partially accurate&lt;/p&gt;</text></description><feedback text_type="text"><text>Some symbols are incorrect or missing</text></feedback></cell><cell level_id="19701" cell_value=""><description text_type="text/html"><text>&lt;p&gt;Accurate&lt;/p&gt;</text></description><feedback text_type="text"><text>Correct symbols applied</text></feedback></cell></cells></criterion><criterion name="use cases" sort_order="41"><cells><cell level_id="19702" cell_value=""><description text_type="text/html"><text>&lt;p&gt;Incorrect or missing&lt;/p&gt;</text></description><feedback text_type="text"><text>Use cases requirement not met</text></feedback></cell><cell level_id="19700" cell_value=""><description text_type="text/html"><text>&lt;p&gt;Some usecases missing&lt;/p&gt;</text></description><feedback text_type="text"><text>Use cases requirment not fully met</text></feedback></cell><cell level_id="19701" cell_value=""><description text_type="text/html"><text>&lt;p&gt;Correctly applied&lt;/p&gt;</text></description><feedback text_type="text"><text>Use cases requirement met</text></feedback></cell></cells></criterion><criterion name="use-case relationships" sort_order="51"><cells><cell level_id="19702" cell_value=""><description text_type="text/html"><text>&lt;p&gt;Wrong or no relationships&lt;/p&gt;</text></description><feedback text_type="text"><text>Wrong or no use-case relationships</text></feedback></cell><cell level_id="19700" cell_value=""><description text_type="text/html"><text>&lt;p&gt;partially correct relationships&lt;/p&gt;</text></description><feedback text_type="text"><text>Some use-case relationships with mistakes</text></feedback></cell><cell level_id="19701" cell_value=""><description text_type="text/html"><text>&lt;p&gt;accurate relationships&lt;/p&gt;</text></description><feedback text_type="text"><text>Correct application of relationships</text></feedback></cell></cells></criterion><criterion name="use-case integration" sort_order="61"><cells><cell level_id="19702" cell_value=""><description text_type="text/html"><text>&lt;p&gt;Use case not integrated&lt;/p&gt;</text></description><feedback text_type="text"><text>No harmony in use-case model with other models</text></feedback></cell><cell level_id="19700" cell_value=""><description text_type="text/html"><text>&lt;p&gt;Use-case partially integrated&lt;/p&gt;</text></description><feedback text_type="text"><text>Use-case is missing information from other models or vice-versa</text></feedback></cell><cell level_id="19701" cell_value=""><description text_type="text/html"><text>&lt;p&gt;Use-case integrated&lt;/p&gt;</text></description><feedback text_type="text"><text>Use-case in harmony with other models</text></feedback></cell></cells></criterion><criterion name="use-case symbols" sort_order="71"><cells><cell level_id="19702" cell_value=""><description text_type="text/html"><text>&lt;p&gt;Wrongly applied symbols or no symbols used&lt;/p&gt;</text></description><feedback text_type="text"><text>Wrongly applied symbols or no symbols used</text></feedback></cell><cell level_id="19700" cell_value=""><description text_type="text/html"><text>&lt;p&gt;Not all Use case symbols used correctly&amp;nbsp;&lt;/p&gt;</text></description><feedback text_type="text"><text>Not all Use case symbols used correctly </text></feedback></cell><cell level_id="19701" cell_value=""><description text_type="text/html"><text>&lt;p&gt;Use case modelling symbols used correctly&lt;/p&gt;</text></description><feedback text_type="text"><text>Use case modelling symbols used correctly</text></feedback></cell></cells></criterion><criterion name="activity actors/systems" sort_order="81"><cells><cell level_id="19702" cell_value=""><description text_type="text/html"><text>&lt;p&gt;Actors/systems not satisfied&lt;/p&gt;</text></description><feedback text_type="text"><text>Actors/systems not satisfied</text></feedback></cell><cell level_id="19700" cell_value=""><description text_type="text/html"><text>&lt;p&gt;Actors/systems missing or not quite correct&amp;nbsp;&lt;/p&gt;</text></description><feedback text_type="text"><text>Actors/systems missing or not quite correct </text></feedback></cell><cell level_id="19701" cell_value=""><description text_type="text/html"><text>&lt;p&gt;Actors and systems satisfied&lt;/p&gt;</text></description><feedback text_type="text"><text>Actors and systems satisfied</text></feedback></cell></cells></criterion><criterion name="Activity logic" sort_order="91"><cells><cell level_id="19702" cell_value=""><description text_type="text/html"><text>&lt;p&gt;diagram not done&lt;/p&gt;</text></description><feedback text_type="text"><text>Activity diagram not done</text></feedback></cell><cell level_id="19700" cell_value=""><description text_type="text/html"><text>&lt;p&gt;not quite in context&lt;/p&gt;</text></description><feedback text_type="text"><text>Activity diagram not quite in context</text></feedback></cell><cell level_id="19701" cell_value=""><description text_type="text/html"><text>&lt;p&gt;In context&lt;/p&gt;</text></description><feedback text_type="text"><text>Activity diagram is in context</text></feedback></cell></cells></criterion><criterion name="Activity symbols" sort_order="101"><cells><cell level_id="19702" cell_value=""><description text_type="text/html"><text>&lt;p&gt;Activity diagram not done&lt;/p&gt;</text></description><feedback text_type="text"><text>Symbols wrongly/not used</text></feedback></cell><cell level_id="19700" cell_value=""><description text_type="text/html"><text>&lt;p&gt;Used but with errors&lt;/p&gt;</text></description><feedback text_type="text"><text>Symbols not quite correct</text></feedback></cell><cell level_id="19701" cell_value=""><description text_type="text/html"><text>&lt;p&gt;Used accurately&lt;/p&gt;</text></description><feedback text_type="text"><text>Symbols used correctly</text></feedback></cell></cells></criterion><criterion name="Activity integration" sort_order="111"><cells><cell level_id="19702" cell_value=""><description text_type="text/html"><text>&lt;p&gt;No integration&lt;/p&gt;</text></description><feedback text_type="text"><text>No harmony with models</text></feedback></cell><cell level_id="19700" cell_value=""><description text_type="text/html"><text>&lt;p&gt;Partially integrated&lt;/p&gt;</text></description><feedback text_type="text"><text>Activity Diagram not quite in harmony with others</text></feedback></cell><cell level_id="19701" cell_value=""><description text_type="text/html"><text>&lt;p&gt;Fully integrated with other models&lt;/p&gt;</text></description><feedback text_type="text"><text>Activity diagram in harmony with other models</text></feedback></cell></cells></criterion><criterion name="activity subprocedures" sort_order="121"><cells><cell level_id="19702" cell_value=""><description text_type="text/html"><text>&lt;p&gt;No/wrong use of subactivity&lt;/p&gt;</text></description><feedback text_type="text"><text>No/wrong use of subactivity</text></feedback></cell><cell level_id="19700" cell_value=""><description text_type="text/html"><text>&lt;p&gt;used but with errors&lt;/p&gt;</text></description><feedback text_type="text"><text>sub activity used with some errors</text></feedback></cell><cell level_id="19701" cell_value=""><description text_type="text/html"><text>&lt;p&gt;Used accurately&lt;/p&gt;</text></description><feedback text_type="text"><text>Sub activities used efficiently</text></feedback></cell></cells></criterion></criteria></criteria_group><criteria_group name="3-pt scheme" sort_order="4"><level_set><levels><level name="Level 4" sort_order="4" level_value="0.000000000" level_id="19710" /><level name="Level 5" sort_order="5" level_value="2.000000000" level_id="19709" /><level name="Level 10" sort_order="1" level_value="3.000000000" level_id="19708" /></levels></level_set><criteria><criterion name="Class visibility" sort_order="1"><cells><cell level_id="19710" cell_value=""><description text_type="text/html"><text>&lt;p&gt;criteria not met&lt;/p&gt;</text></description><feedback text_type="text"><text>class member visibility is either wrong or not done</text></feedback></cell><cell level_id="19709" cell_value=""><description text_type="text/html"><text>&lt;p&gt;Criteria partially met&lt;/p&gt;</text></description><feedback text_type="text"><text>class member visibility is partially accurate</text></feedback></cell><cell level_id="19708" cell_value=""><description text_type="text/html"><text>&lt;p&gt;criteria met&lt;/p&gt;</text></description><feedback text_type="text"><text>class member visibility is accurate</text></feedback></cell></cells></criterion><criterion name="use case actors" sort_order="11"><cells><cell level_id="19710" cell_value=""><description text_type="text/html"><text>&lt;p&gt;Actors criteria not met&lt;/p&gt;</text></description><feedback text_type="text"><text>Actors criteria not met</text></feedback></cell><cell level_id="19709" cell_value=""><description text_type="text/html"><text>&lt;p&gt;Good use of use case actors&lt;/p&gt;</text></description><feedback text_type="text"><text>Good use of use case actors</text></feedback></cell><cell level_id="19708" cell_value=""><description text_type="text/html"><text>&lt;p&gt;Excellent use of use case actors&lt;/p&gt;</text></description><feedback text_type="text"><text>appropriate use of objects</text></feedback></cell></cells></criterion></criteria></criteria_group><criteria_group name="2-ptscheme" sort_order="6"><level_set><levels><level name="Level 0" sort_order="2" level_value="0.000000000" level_id="19713" /><level name="Level 1" sort_order="3" level_value="1.000000000" level_id="19712" /><level name="Level 10" sort_order="1" level_value="2.000000000" level_id="19711" /></levels></level_set><criteria><criterion name="class members" sort_order="1"><cells><cell level_id="19713" cell_value=""><description text_type="text/html"><text>&lt;p&gt;wrong or no class members&lt;/p&gt;</text></description><feedback text_type="text"><text>wrong or no class members</text></feedback></cell><cell level_id="19712" cell_value=""><description text_type="text/html"><text>&lt;p&gt;Good analysis of class members&lt;/p&gt;</text></description><feedback text_type="text"><text>Good analysis of class members</text></feedback></cell><cell level_id="19711" cell_value=""><description text_type="text/html"><text>&lt;p&gt;Excellent analysis of class members&lt;/p&gt;</text></description><feedback text_type="text"><text>Excellent analysis of class members</text></feedback></cell></cells></criterion><criterion name="system label" sort_order="11"><cells><cell level_id="19713" cell_value=""><description text_type="text/html"><text>&lt;p&gt;No system label&lt;/p&gt;</text></description><feedback text_type="text"><text>No system label</text></feedback></cell><cell level_id="19712" cell_value=""><description text_type="text/html"><text>&lt;p&gt;System label error&lt;/p&gt;</text></description><feedback text_type="text"><text>System label can be improved</text></feedback></cell><cell level_id="19711" cell_value=""><description text_type="text/html"><text>&lt;p&gt;System label used&lt;/p&gt;</text></description><feedback text_type="text"><text>System label used</text></feedback></cell></cells></criterion></criteria></criteria_group><criteria_group name="Presentation" sort_order="8"><level_set><levels><level name="Level 0" sort_order="2" level_value="0.000000000" level_id="19718" /><level name="Level 3" sort_order="3" level_value="12.500000000" level_id="19717" /><level name="Level 4" sort_order="4" level_value="15.000000000" level_id="19714" /><level name="Level 5" sort_order="5" level_value="20.000000000" level_id="19715" /><level name="Level 10" sort_order="1" level_value="25.000000000" level_id="19716" /></levels></level_set><criteria><criterion name="Presentation" sort_order="1"><cells><cell level_id="19718" cell_value=""><description text_type="text/html"><text>&lt;p&gt;Not done&lt;/p&gt;</text></description><feedback text_type="text"><text>Presentation not done</text></feedback></cell><cell level_id="19717" cell_value=""><description text_type="text/html"><text>&lt;p&gt;Presentation done&lt;/p&gt;</text></description><feedback text_type="text"><text>Presentation done</text></feedback></cell><cell level_id="19714" cell_value=""><description text_type="text/html"><text>&lt;p&gt;Presentation consistent with model&lt;/p&gt;</text></description><feedback text_type="text"><text>Presentation done and harmony established</text></feedback></cell><cell level_id="19715" cell_value=""><description text_type="text/html"><text>&lt;p&gt;Presentation can replace report&lt;/p&gt;</text></description><feedback text_type="text"><text>Report level presentation</text></feedback></cell><cell level_id="19716" cell_value=""><description text_type="text/html"><text>&lt;p&gt;Maximum marks&lt;/p&gt;</text></description><feedback text_type="text"><text>Maximum Marks</text></feedback></cell></cells></criterion></criteria></criteria_group></criteria_groups><overall_level_set><overall_levels><overall_level name="Poor" sort_order="5" range_start_value="0.000000000"><description text_type="text/html"><text>&lt;p&gt;You may not be&amp;nbsp; putting in adequate effort so far. Please schedule a meeting with me.&lt;/p&gt;</text></description><feedback text_type="text"><text /></feedback></overall_level><overall_level name="Below Average" sort_order="4" range_start_value="20.000000000"><description text_type="text/html"><text>&lt;p&gt;You seem to be having difficulty either in the logic or in the concepts of software modelling.&amp;nbsp; I am happy to converse about these.&lt;/p&gt;</text></description><feedback text_type="text"><text /></feedback></overall_level><overall_level name="Average" sort_order="3" range_start_value="40.000000000"><description text_type="text/html"><text>&lt;p&gt;Ability to use modelling techniques shown&lt;/p&gt;</text></description><feedback text_type="text"><text /></feedback></overall_level><overall_level name="Good" sort_order="2" range_start_value="60.000000000"><description text_type="text/html"><text>&lt;p&gt;Excellent use of modelling techniques shown&lt;/p&gt;</text></description><feedback text_type="text"><text /></feedback></overall_level><overall_level name="Excellent" sort_order="1" range_start_value="80.000000000"><description text_type="text/html"><text>&lt;p&gt;Master over modelling techniques is evident&lt;/p&gt;</text></description><feedback text_type="text"><text /></feedback></overall_level></overall_levels></overall_level_set></rubric></rubrics>