﻿<schedule schemaversion="v2011"><event is_allday_event="False" id="208"><title>Online Software Design Interactive (JA)</title><description text_type="text/html">&lt;p&gt;Zoom session Meeting with Software design module students.&lt;/p&gt;
&lt;p&gt;&lt;a rel="noopener" href="/d2l/common/dialogs/quickLink/quickLink.d2l?ou={orgUnitId}&amp;amp;type=chat&amp;amp;rcode=huddersfield-332699" target="_self"&gt;Online Software Design Chat (JA)&lt;/a&gt;&lt;/p&gt;</description><start_date>{utcdatetime:U2020-04-01T13:00:00.000}</start_date><end_date>{utcdatetime:U2020-04-01T15:00:00.000}</end_date><start_day nil="true" /><end_day nil="true" /><location>Online chat session</location><recurrence type="Weekly" repeat_every="1" unitil_date="{utcdatetime:U2020-05-30T23:00:00.000}" repeat_on="0001000" /><visibility type="Visible" /></event><event is_allday_event="False" id="209"><title>Group 1 Mid-semester exam</title><description text_type="text/html">&lt;p&gt;Exam covering weeks 1-3.&lt;/p&gt;
&lt;p&gt;Study the following aspects of weeks 1-3:&lt;/p&gt;
&lt;ol&gt;
&lt;li&gt;Object-Oriented C++ programming&lt;/li&gt;
&lt;li&gt;Classes&lt;/li&gt;
&lt;li&gt;Constructors&lt;/li&gt;
&lt;li&gt;Abstraction&lt;/li&gt;
&lt;li&gt;Polymorphism&lt;/li&gt;
&lt;li&gt;Inheritance&lt;/li&gt;
&lt;li&gt;Class diagrams&lt;/li&gt;
&lt;li&gt;Objects, field, methods etc&lt;/li&gt;
&lt;li&gt;Use-case diagrams&lt;/li&gt;
&lt;li&gt;Activity diagrams&lt;/li&gt;
&lt;li&gt;Sequence diagrams&lt;/li&gt;
&lt;/ol&gt;</description><start_date>{utcdatetime:U2020-05-07T10:15:00.000}</start_date><end_date>{utcdatetime:U2020-05-07T12:15:00.000}</end_date><start_day nil="true" /><end_day nil="true" /><location>Zoom Meeting ID: 918-2524-8725</location><visibility type="Visible" /></event></schedule>