﻿<?xml version="1.0" encoding="UTF-8"?><questestinterop xmlns:d2l_2p0="http://desire2learn.com/xsd/d2lcp_v2p0"><assessment d2l_2p0:id="197" title="Group 1 Online New Weekly Chat Session Poll" ident="res_survey_26697" d2l_2p0:resource_code="huddersfield-333902"><rubric><flow_mat><material><mattext d2l_2p0:isdisplayed="no" texttype="text/html" /></material></flow_mat></rubric><assessmentcontrol hintswitch="no" solutionswitch="no" feedbackswitch="no" /><presentation_material><flow_mat><material label="page footer"><mattext d2l_2p0:isdisplayed="no" texttype="text/html" /></material></flow_mat></presentation_material><assess_procextension><d2l_2p0:submission_message texttype="text/html" /><category ident="1375" d2l_2p0:sortorder="1">Group 1 Surveys</category><d2l_2p0:anonymous>no</d2l_2p0:anonymous><d2l_2p0:instant_feedback>no</d2l_2p0:instant_feedback><is_active>yes</is_active><d2l_2p0:date_start /><d2l_2p0:date_end /><d2l_2p0:has_schedule_event>no</d2l_2p0:has_schedule_event><d2l_2p0:attempts_allowed>1</d2l_2p0:attempts_allowed><d2l_2p0:is_forward_only>no</d2l_2p0:is_forward_only></assess_procextension><section ident="CONTAINER_SECTION"><item ident="OBJ_187835" label="QUES_106608_115935" d2l_2p0:page="1"><itemmetadata><qtimetadata><qti_metadatafield><fieldlabel>qmd_computerscored</fieldlabel><fieldentry>yes</fieldentry></qti_metadatafield><qti_metadatafield><fieldlabel>qmd_questiontype</fieldlabel><fieldentry>Multiple Choice</fieldentry></qti_metadatafield><qti_metadatafield><fieldlabel>qmd_globalid</fieldlabel><fieldentry>c3a1160c-0b27-4a85-ab9d-1aaaf775470f</fieldentry></qti_metadatafield><qti_metadatafield><fieldlabel>qmd_displayid</fieldlabel><fieldentry>XPX1041-1920-23</fieldentry></qti_metadatafield></qtimetadata></itemmetadata><itemproc_extension><d2l_2p0:difficulty>1</d2l_2p0:difficulty><d2l_2p0:isbonus>no</d2l_2p0:isbonus><d2l_2p0:ismandatory>no</d2l_2p0:ismandatory></itemproc_extension><presentation><flow><material><mattext texttype="text/html">&lt;p&gt;Please select which session you prefer for the interactive weekly chat session with your tutor.&amp;nbsp; Apart from Wednesday, these choices are based on the timetabled sessions for the Software Design module.&amp;nbsp; Thank you for participation in this poll.&lt;/p&gt;</mattext></material><response_extension><d2l_2p0:display_style>2</d2l_2p0:display_style><d2l_2p0:enumeration>6</d2l_2p0:enumeration><d2l_2p0:grading_type>0</d2l_2p0:grading_type></response_extension><response_lid ident="QUES_106608_115935_LID" rcardinality="Single"><render_choice shuffle="no"><flow_label class="Block"><response_label ident="QUES_106608_115935_A391958"><flow_mat><material><mattext texttype="text/html">&lt;p&gt;Wednesday 1400-1600&lt;/p&gt;</mattext></material></flow_mat></response_label></flow_label><flow_label class="Block"><response_label ident="QUES_106608_115935_A391959"><flow_mat><material><mattext texttype="text/html">&lt;p&gt;Thursday 1500-1730&lt;/p&gt;</mattext></material></flow_mat></response_label></flow_label><flow_label class="Block"><response_label ident="QUES_106608_115935_A391960"><flow_mat><material><mattext texttype="text/html">&lt;p&gt;Friday 1130-1330&lt;/p&gt;</mattext></material></flow_mat></response_label></flow_label></render_choice></response_lid></flow></presentation><resprocessing><respcondition title="Response Condition 1"><conditionvar><varequal respident="QUES_106608_115935_LID">QUES_106608_115935_A391958</varequal></conditionvar><setvar action="Set">0.000000000</setvar><displayfeedback feedbacktype="Response" linkrefid="QUES_106608_115935_IF391958" /></respcondition><respcondition title="Response Condition 2"><conditionvar><varequal respident="QUES_106608_115935_LID">QUES_106608_115935_A391959</varequal></conditionvar><setvar action="Set">0.000000000</setvar><displayfeedback feedbacktype="Response" linkrefid="QUES_106608_115935_IF391959" /></respcondition><respcondition title="Response Condition 3"><conditionvar><varequal respident="QUES_106608_115935_LID">QUES_106608_115935_A391960</varequal></conditionvar><setvar action="Set">0.000000000</setvar><displayfeedback feedbacktype="Response" linkrefid="QUES_106608_115935_IF391960" /></respcondition></resprocessing><itemfeedback ident="QUES_106608_115935_IF391958"><material><mattext texttype="text/plain" /></material></itemfeedback><itemfeedback ident="QUES_106608_115935_IF391959"><material><mattext texttype="text/plain" /></material></itemfeedback><itemfeedback ident="QUES_106608_115935_IF391960"><material><mattext texttype="text/plain" /></material></itemfeedback></item></section></assessment></questestinterop>