﻿<?xml version="1.0" encoding="UTF-8"?><questestinterop xmlns:d2l_2p0="http://desire2learn.com/xsd/d2lcp_v2p0"><assessment d2l_2p0:id="198" title="Group 1 Online Coursework selection" ident="res_survey_27368" d2l_2p0:resource_code="huddersfield-344793"><rubric><flow_mat><material><mattext d2l_2p0:isdisplayed="no" texttype="text/html" /></material></flow_mat></rubric><assessmentcontrol hintswitch="no" solutionswitch="no" feedbackswitch="no" /><presentation_material><flow_mat><material label="page footer"><mattext d2l_2p0:isdisplayed="no" texttype="text/html" /></material></flow_mat></presentation_material><assess_procextension><d2l_2p0:submission_message texttype="text/html" /><category ident="1375" d2l_2p0:sortorder="1">Group 1 Surveys</category><d2l_2p0:anonymous>no</d2l_2p0:anonymous><d2l_2p0:instant_feedback>no</d2l_2p0:instant_feedback><is_active>yes</is_active><d2l_2p0:date_start /><d2l_2p0:date_end /><d2l_2p0:has_schedule_event>no</d2l_2p0:has_schedule_event><d2l_2p0:attempts_allowed>1</d2l_2p0:attempts_allowed><d2l_2p0:is_forward_only>no</d2l_2p0:is_forward_only></assess_procextension><section ident="CONTAINER_SECTION"><item ident="OBJ_198941" label="QUES_106608_121335" d2l_2p0:page="1"><itemmetadata><qtimetadata><qti_metadatafield><fieldlabel>qmd_computerscored</fieldlabel><fieldentry>yes</fieldentry></qti_metadatafield><qti_metadatafield><fieldlabel>qmd_questiontype</fieldlabel><fieldentry>Multiple Choice</fieldentry></qti_metadatafield><qti_metadatafield><fieldlabel>qmd_globalid</fieldlabel><fieldentry>c3a1160c-0b27-4a85-ab9d-1aaaf775470f</fieldentry></qti_metadatafield><qti_metadatafield><fieldlabel>qmd_displayid</fieldlabel><fieldentry>XPX1041-1920-23</fieldentry></qti_metadatafield></qtimetadata></itemmetadata><itemproc_extension><d2l_2p0:difficulty>1</d2l_2p0:difficulty><d2l_2p0:isbonus>no</d2l_2p0:isbonus><d2l_2p0:ismandatory>no</d2l_2p0:ismandatory></itemproc_extension><presentation><flow><material><mattext texttype="text/html">&lt;p dir="ltr"&gt;The student will be required to choose one out of four system specifications.&amp;nbsp; The fourth project being an advanced project which will be granted to the student based on the tutor&amp;rsquo;s recommendation.&amp;nbsp; To meet the marking criteria for the course-work all systems must have extensive well written documentation of the following elements:&lt;/p&gt;
&lt;ol&gt;
&lt;li dir="ltr" style="list-style-type: decimal;"&gt;
&lt;p dir="ltr"&gt;Use of object-oriented analysis, design and implementation of classes obtained&lt;/p&gt;
&lt;/li&gt;
&lt;li dir="ltr" style="list-style-type: decimal;"&gt;
&lt;p dir="ltr"&gt;Use of use case analysis to determine system requirements&lt;/p&gt;
&lt;/li&gt;
&lt;li dir="ltr" style="list-style-type: decimal;"&gt;
&lt;p dir="ltr"&gt;Use of activity diagrams to model system behaviour and specific system outcomes.&lt;/p&gt;
&lt;/li&gt;
&lt;li dir="ltr" style="list-style-type: decimal;"&gt;
&lt;p dir="ltr"&gt;Use of sequence diagram to demonstrate implementation system component interaction&lt;/p&gt;
&lt;/li&gt;
&lt;li dir="ltr" style="list-style-type: decimal;"&gt;
&lt;p dir="ltr"&gt;Use of a class relationship diagram that reflects outputs of the use case, activity and sequence diagram&lt;/p&gt;
&lt;/li&gt;
&lt;li dir="ltr" style="list-style-type: decimal;"&gt;
&lt;p dir="ltr"&gt;A text user interface should be implemented for the system using the ncurses library&lt;/p&gt;
&lt;/li&gt;
&lt;li dir="ltr" style="list-style-type: decimal;"&gt;
&lt;p dir="ltr"&gt;The use of low level algorithms, programs, functions, pseudocode and flowcharts.&lt;/p&gt;
&lt;/li&gt;
&lt;li dir="ltr" style="list-style-type: decimal;"&gt;
&lt;p dir="ltr"&gt;Unit tests should be written for&amp;nbsp; a minimum of 5 functions within the program.&lt;/p&gt;
&lt;/li&gt;
&lt;li dir="ltr" style="list-style-type: decimal;"&gt;
&lt;p dir="ltr"&gt;Working functional and appropriately commented program that demonstrates a direct implementation of the system design&lt;/p&gt;
&lt;/li&gt;
&lt;/ol&gt;
&lt;p&gt;&lt;strong&gt;&amp;nbsp;&lt;/strong&gt;&lt;/p&gt;
&lt;p dir="ltr"&gt;The details of the system specifications are as follows:&lt;/p&gt;
&lt;p&gt;&lt;strong&gt;&amp;nbsp;&lt;/strong&gt;&lt;/p&gt;
&lt;ol&gt;
&lt;li dir="ltr" style="list-style-type: decimal;"&gt;
&lt;p dir="ltr"&gt;Authentication Manager&lt;/p&gt;
&lt;/li&gt;
&lt;/ol&gt;
&lt;p&gt;&lt;strong&gt;&amp;nbsp;&lt;/strong&gt;&lt;/p&gt;
&lt;p dir="ltr"&gt;The authentication manager system to be developed allows the user to login into the system by authenticating the user name and password against a list of registered members saved on a file. The system will be able to determine if the login was successful or failed based on the accurate result of the login check.&amp;nbsp; The authentication manager will also allow users to register and add to the list of registered members on the file system.&amp;nbsp; Finally the system will permit the user to reset his password should he choose to do so while logging in using a forgot password button.&amp;nbsp; While registering, the user must also provide his mother&amp;rsquo;s maiden name and the system must store this information that will be required in order for the user to change their password.&lt;/p&gt;
&lt;p&gt;&lt;strong&gt;&amp;nbsp;&lt;/strong&gt;&lt;/p&gt;
&lt;ol start="2"&gt;
&lt;li dir="ltr" style="list-style-type: decimal;"&gt;
&lt;p dir="ltr"&gt;Tic Tac Toe game&lt;/p&gt;
&lt;/li&gt;
&lt;/ol&gt;
&lt;p dir="ltr"&gt;The program should allow a user to play a game of tic tac toe against the computer.&amp;nbsp; The user should be able to select 3 modes of game play easy, intermediate and hard.&amp;nbsp; For the easy mode, the computer will place moves randomly on the board. For the intermediate mode the computer will also place moves randomly on the board but prioritize blocking the user's win moves.&amp;nbsp; For hard mode, the computer will play with the aim to place winning moves on the board based on a random selection of winning sequences as well as block the users wining move.&lt;/p&gt;
&lt;ol start="3"&gt;
&lt;li dir="ltr" style="list-style-type: decimal;"&gt;
&lt;p dir="ltr"&gt;Automated Teller Machine (ATM) simulation&lt;/p&gt;
&lt;/li&gt;
&lt;/ol&gt;
&lt;p dir="ltr"&gt;The user is able so see his balance by entering a four digit pin that must NEVER be displayed on screen but masked by the asterix(*) character.&amp;nbsp; A list of pins stored on the file system must be loaded to verify the pin.&amp;nbsp; The user should be able to make a redrawal below a set limit and cannot redraw more than 3 times within a space of 5 minutes.&amp;nbsp; The balance from each pin should be determined each time the program is run and is a random value between 0 and 100. The user should also be allowed to change his pin at any time which should be reflected in the file system.&lt;/p&gt;
&lt;ol start="4"&gt;
&lt;li dir="ltr" style="list-style-type: decimal;"&gt;
&lt;p dir="ltr"&gt;Layout manager&lt;/p&gt;
&lt;/li&gt;
&lt;/ol&gt;
&lt;p dir="ltr"&gt;A Panel class which implements a simple row/column layout manager using the ncurses library is provided for the student.&amp;nbsp; The task of the student is to extend this class with a Button class such that the button class has a fixed size which can be resized by an algorithm to be provided according to the text on the button and the button will be placed at the centre of the containing panel. In addition the student will identify two problems with the original Panel class and attempt to fix this problem making any adjustments necessary to the design schematics (UML models).&lt;/p&gt;
&lt;p&gt;Please select a course work choice before the class today.&amp;nbsp; Thank you and goodluck&lt;br /&gt;&lt;br /&gt;&lt;/p&gt;</mattext></material><response_extension><d2l_2p0:display_style>2</d2l_2p0:display_style><d2l_2p0:enumeration>6</d2l_2p0:enumeration><d2l_2p0:grading_type>0</d2l_2p0:grading_type></response_extension><response_lid ident="QUES_106608_121335_LID" rcardinality="Single"><render_choice shuffle="no"><flow_label class="Block"><response_label ident="QUES_106608_121335_A412004"><flow_mat><material><mattext texttype="text/html">&lt;p&gt;Authentication Manager system&lt;/p&gt;</mattext></material></flow_mat></response_label></flow_label><flow_label class="Block"><response_label ident="QUES_106608_121335_A412005"><flow_mat><material><mattext texttype="text/html">&lt;p&gt;Tic tac toe game&lt;/p&gt;</mattext></material></flow_mat></response_label></flow_label><flow_label class="Block"><response_label ident="QUES_106608_121335_A412006"><flow_mat><material><mattext texttype="text/html">&lt;p&gt;Automated teller machine (ATM) simulator&lt;/p&gt;</mattext></material></flow_mat></response_label></flow_label><flow_label class="Block"><response_label ident="QUES_106608_121335_A412007"><flow_mat><material><mattext texttype="text/html">&lt;p&gt;Layout manager&lt;/p&gt;</mattext></material></flow_mat></response_label></flow_label></render_choice></response_lid></flow></presentation><resprocessing><respcondition title="Response Condition 1"><conditionvar><varequal respident="QUES_106608_121335_LID">QUES_106608_121335_A412004</varequal></conditionvar><setvar action="Set">0.000000000</setvar><displayfeedback feedbacktype="Response" linkrefid="QUES_106608_121335_IF412004" /></respcondition><respcondition title="Response Condition 2"><conditionvar><varequal respident="QUES_106608_121335_LID">QUES_106608_121335_A412005</varequal></conditionvar><setvar action="Set">0.000000000</setvar><displayfeedback feedbacktype="Response" linkrefid="QUES_106608_121335_IF412005" /></respcondition><respcondition title="Response Condition 3"><conditionvar><varequal respident="QUES_106608_121335_LID">QUES_106608_121335_A412006</varequal></conditionvar><setvar action="Set">0.000000000</setvar><displayfeedback feedbacktype="Response" linkrefid="QUES_106608_121335_IF412006" /></respcondition><respcondition title="Response Condition 4"><conditionvar><varequal respident="QUES_106608_121335_LID">QUES_106608_121335_A412007</varequal></conditionvar><setvar action="Set">0.000000000</setvar><displayfeedback feedbacktype="Response" linkrefid="QUES_106608_121335_IF412007" /></respcondition></resprocessing><itemfeedback ident="QUES_106608_121335_IF412004"><material><mattext texttype="text/plain" /></material></itemfeedback><itemfeedback ident="QUES_106608_121335_IF412005"><material><mattext texttype="text/plain" /></material></itemfeedback><itemfeedback ident="QUES_106608_121335_IF412006"><material><mattext texttype="text/plain" /></material></itemfeedback><itemfeedback ident="QUES_106608_121335_IF412007"><material><mattext texttype="text/plain" /></material></itemfeedback></item></section></assessment></questestinterop>